[26Jul2026 00:23:10.485] [main/INFO] [cpw.mods.modlauncher.Launcher/MODLAUNCHER]: ModLauncher running: args [--launchTarget, forgeserver, --fml.forgeVersion, 47.3.7, --fml.mcVersion, 1.20.1, --fml.forgeGroup, net.minecraftforge, --fml.mcpVersion, 20230612.114412, nogui]
[26Jul2026 00:23:10.494] [main/INFO] [cpw.mods.modlauncher.Launcher/MODLAUNCHER]: ModLauncher 10.0.9+10.0.9+main.dcd20f30 starting: java version 17.0.19 by Ubuntu; OS Linux arch amd64 version 6.8.0-1052-azure
[26Jul2026 00:23:11.741] [main/INFO] [net.minecraftforge.fml.loading.ImmediateWindowHandler/]: ImmediateWindowProvider not loading because launch target is forgeserver
[26Jul2026 00:23:11.787] [main/INFO] [mixin/]: SpongePowered MIXIN Subsystem Version=0.8.5 Source=union:/workspaces/aa.12312301-2/servidor_minecraft/libraries/org/spongepowered/mixin/0.8.5/mixin-0.8.5.jar%2365!/ Service=ModLauncher Env=SERVER
[26Jul2026 00:23:11.987] [main/INFO] [AsyncLogger/]: Successfully configured async logger context with [wrapSysOutSysErr=false, filtering.enabled=false, filtering.global=false]
[26Jul2026 00:23:13.000] [main/WARN] [net.minecraftforge.fml.loading.moddiscovery.ModFileParser/LOADING]: Mod file /workspaces/aa.12312301-2/servidor_minecraft/libraries/net/minecraftforge/fmlcore/1.20.1-47.3.7/fmlcore-1.20.1-47.3.7.jar is missing mods.toml file
[26Jul2026 00:23:13.001] [main/WARN] [net.minecraftforge.fml.loading.moddiscovery.ModFileParser/LOADING]: Mod file /workspaces/aa.12312301-2/servidor_minecraft/libraries/net/minecraftforge/javafmllanguage/1.20.1-47.3.7/javafmllanguage-1.20.1-47.3.7.jar is missing mods.toml file
[26Jul2026 00:23:13.002] [main/WARN] [net.minecraftforge.fml.loading.moddiscovery.ModFileParser/LOADING]: Mod file /workspaces/aa.12312301-2/servidor_minecraft/libraries/net/minecraftforge/lowcodelanguage/1.20.1-47.3.7/lowcodelanguage-1.20.1-47.3.7.jar is missing mods.toml file
[26Jul2026 00:23:13.003] [main/WARN] [net.minecraftforge.fml.loading.moddiscovery.ModFileParser/LOADING]: Mod file /workspaces/aa.12312301-2/servidor_minecraft/libraries/net/minecraftforge/mclanguage/1.20.1-47.3.7/mclanguage-1.20.1-47.3.7.jar is missing mods.toml file
[26Jul2026 00:23:13.628] [main/INFO] [net.minecraftforge.fml.loading.moddiscovery.JarInJarDependencyLocator/]: Found 36 dependencies adding them to mods collection
[26Jul2026 00:23:19.209] [main/INFO] [mixin/]: Compatibility level set to JAVA_17
[26Jul2026 00:23:19.291] [main/ERROR] [mixin/]: Mixin config uniqueaccessories.mixins.json does not specify "minVersion" property
[26Jul2026 00:23:19.409] [main/ERROR] [mixin/]: Mixin config arclight.mixins.json does not specify "minVersion" property
[26Jul2026 00:23:20.193] [main/INFO] [mixin/]: Successfully loaded Mixin Connector [ca.spottedleaf.starlight.mixin.MixinConnector]
[26Jul2026 00:23:20.195] [main/INFO] [mixin/]: Successfully loaded Mixin Connector [de.maxhenkel.tradecycling.MixinConnector]
[26Jul2026 00:23:20.198] [main/INFO] [mixin/]: Successfully loaded Mixin Connector [de.maxhenkel.camera.MixinConnector]
[26Jul2026 00:23:20.199] [main/INFO] [mixin/]: Successfully loaded Mixin Connector [org.tlauncher.MixinConnector]
[26Jul2026 00:23:20.214] [main/INFO] [net.fabricmc.loader.impl.bootstrap.FabricLoaderBootstrap/]: Propagating FML mod list to Fabric Loader
[26Jul2026 00:23:20.236] [main/INFO] [cpw.mods.modlauncher.LaunchServiceHandler/MODLAUNCHER]: Launching target 'forgeserver' with arguments [nogui]
[26Jul2026 00:23:20.491] [main/INFO] [ModernFix/]: Loaded configuration file for ModernFix 5.27.66+mc1.20.1: 110 options available, 2 override(s) found
[26Jul2026 00:23:20.494] [main/WARN] [ModernFix/]: Option 'mixin.perf.smart_ingredient_sync' overriden (by mods [crafttweaker]) to 'false'
[26Jul2026 00:23:20.494] [main/WARN] [ModernFix/]: Option 'mixin.bugfix.chunk_deadlock' overriden (by mods [dimthread]) to 'false'
[26Jul2026 00:23:20.495] [main/INFO] [ModernFix/]: Applying Nashorn fix
[26Jul2026 00:23:20.524] [main/INFO] [ModernFix/]: Applied Forge config corruption patch
[26Jul2026 00:23:21.022] [main/INFO] [portb.transformerlib.TransformerLib/]: Loaded transformer transformers/vanilla.xml
[26Jul2026 00:23:21.025] [main/INFO] [portb.transformerlib.TransformerLib/]: Loaded transformer transformers/gregtechmodernce.xml
[26Jul2026 00:23:21.031] [main/INFO] [portb.transformerlib.TransformerLib/]: Loaded transformer transformers/assortedstorage.xml
[26Jul2026 00:23:21.032] [main/INFO] [portb.transformerlib.TransformerLib/]: Loaded transformer transformers/refinedstorage.xml
[26Jul2026 00:23:21.035] [main/INFO] [portb.transformerlib.TransformerLib/]: Loaded transformer transformers/ic2.xml
[26Jul2026 00:23:21.037] [main/INFO] [portb.transformerlib.TransformerLib/]: Loaded transformer transformers/computercraft.xml
[26Jul2026 00:23:21.041] [main/INFO] [portb.transformerlib.TransformerLib/]: Loaded transformer transformers/mekanism.xml
[26Jul2026 00:23:21.042] [main/INFO] [portb.transformerlib.TransformerLib/]: Loaded transformer transformers/ironfurnaces.xml
[26Jul2026 00:23:21.107] [main/WARN] [mixin/]: Reference map 'handcrafted-forge-1.20.1-forge-refmap.json' for handcrafted.mixins.json could not be read. If this is a development environment you can ignore this message
[26Jul2026 00:23:21.157] [main/WARN] [mixin/]: Reference map 'arclight.mixins.refmap.json' for arclight.mixins.json could not be read. If this is a development environment you can ignore this message
[26Jul2026 00:23:21.185] [main/WARN] [mixin/]: Reference map 'graveyard-FORGE-forge-refmap.json' for graveyard-forge.mixins.json could not be read. If this is a development environment you can ignore this message
[26Jul2026 00:23:21.224] [main/WARN] [mixin/]: Reference map 'puzzlesaccessapi.common.refmap.json' for puzzlesaccessapi.common.mixins.json could not be read. If this is a development environment you can ignore this message
[26Jul2026 00:23:21.409] [main/INFO] [Puzzles Lib/]: Loading 217 mods:
	- aiimprovements 0.5.2
	- alltheleaks 1.1.1+1.20.1-forge
		\-- mixinsquared 0.3.6-beta.1
	- almanac 1.0.2
	- another_furniture 1.20.1-3.0.4
	- appleskin 2.5.1+mc1.20.1
	- aquaculture 2.5.1
	- architectury 9.2.14
	- armorquickswap 8.0.0
	- artifacts 9.5.11
		\-- expandability 9.0.4
	- asynclogger 2.2.0+1.20.1-forge
	- athena 3.1.2
	- attributeslib 1.3.7
	- awesomedungeonend 3.1.1
	- backpacked 3.0.0-beta.4
	- baguettelib 1.1.6
	- balm 7.3.41
		\-- kuma_api 20.1.12
	- bclib 20.0.11
	- beefix 1.0.7
	- betteradvancements 0.4.2.10
	- betterarcheology 1.2.1-1.20.1
	- bettercaves 1.20.1-Forge-2.0.5
	- betterdeserttemples 1.20-Forge-3.0.3
	- betterdungeons 1.20-Forge-4.0.4
	- betterendisland 1.20-Forge-2.0.6
	- betterfortresses 1.20-Forge-2.0.6
	- betterfpsdist 1.20.1-6.0
	- betterjungletemples 1.20-Forge-2.0.5
	- bettermineshafts 1.20-Forge-4.0.4
	- betteroceanmonuments 1.20-Forge-3.0.4
	- betterstrongholds 1.20-Forge-4.0.3
	- bettervillage 3.1.0
	- betterwitchhuts 1.20-Forge-3.0.3
	- biggerstacks 1.20.1-1.0.0
	- blueprint 7.1.0
	- bookshelf 20.2.13
	- boss_checklist 5.2.0
	- bosses_of_mass_destruction 1.1.2
	- brutalbosses 1.20.1-7.0
	- camera 1.20.1-1.0.8
	- carryon 2.1.2.7
	- cerbons_api 1.1.0
	- cfm 7.0.0-pre36
	- chunky 1.3.146
	- citadel 2.5.4
	- cloth_config 11.1.136
	- clumps 12.0.0.4
	- collective 7.80
	- comforts 6.3.5+1.20.1
	- configured 2.2.3
	- connectedglass 1.1.11
	- connectivity 1.20.1-6.1
	- containersearch 1.0.0
	- controlling 12.0.2
	- cosmeticarmorreworked 1.20.1-v1a
	- crafttweaker 14.0.40
	- creativecore 2.12.27
	- cristellib 1.1.5
	- cupboard 1.20.1-2.7
	- curios 5.14.1+1.20.1
	- diagonalfences 8.1.4
		\-- diagonalblocks 8.0.5
	- dimthread 1.2.1
	- doubledoors 5.7
	- dragonfight 1.20.1-4.4
	- dungeons_and_combat 1.2.4
	- dungeons_arise 2.1.58-1.20.x
	- dungeons_arise_seven_seas 1.0.2
	- easyanvils 8.0.2
	- easymagic 8.0.1
	- elevatorid 1.20.1-lex-1.9
	- emi 1.1.22+1.20.1+forge
	- enchdesc 17.0.16
	- endermanoverhaul 1.0.4
	- endofherobrine 1.20.1-1.0.8.2
	- endrem 5.2.3-R-1.20.1
	- entityculling 1.10.5
		|-- transition 1.0.21
		\-- trender 1.0.15
	- epicpaladins 0.1.1-1.20.1-forge
	- explorify 1.6.5
	- farmersdelight 1.20.1-1.2.4
	- farsight_view 1.20.1-5.1
	- fastasyncworldsave 1.20.1-2.1
	- fastboot 1.2
	- fastconfigapi 2.1.2
	- fastitemframes 20.1.5
	- fastload 3.4.0
	- fastsuite 5.1.2
	- ferritecore 6.0.1
	- flib 0.0.14
	- forge 47.3.7
	- forge_config_overload 1.0.0
	- fpsreducer 1.20-2.5
	- framework 0.8.0
	- ftblibrary 2001.2.13
	- ftbquests 2001.4.22
	- ftbteams 2001.3.2
	- ftbxmodcompat 2.1.3
	- fusion 1.3.9
	- gbf 1.0.2
	- geckolib 4.8.4
	- goblintraders 1.9.3
	- gpumemleakfix 1.20.1-1.8
	- graveyard 3.1
	- handcrafted 3.0.6
	- hopo 1.2.2
	- hoporp 1.3.7c
	- iceberg 1.1.21
	- immediatelyfast 1.5.5+1.20.4
	- immersivecaves 1.3.5
	- incendium 5.3.5
	- incendium_translation_fix 1.0.5
	- infernalmobs 1.20.1.3
	- infinitetrading 4.4
	- insanelib 1.13.5
	- integrated_api 1.7.4+1.20.1-forge
	- inventoryprofilesnext 1.10.20
	- iron_ender_chests 1.20-1.0.3
	- ironchest 1.20.1-14.4.4
	- journeymap 1.20.1-6.0.0-beta.5
		|-- commonnetworking 1.0.6-1.20.1
		\-- journeymap_api 1.20.1-2.0.0
	- justhammers 2.0.3+mc1.20.1
	- justzoom 2.1.1
	- konkrete 1.8.0
	- kotlinforforge 4.12.0
	- kubejs 2001.6.5-build.26
	- labellingcontainers 1.8.2
	- letmedespawn 1.5.0
	- libipn 4.0.2
	- libraryferret 4.0.0
	- lionfishapi 3.0
	- lithostitched 1.4.11
	- mcwdoors 1.1.1
	- mcwwindows 2.2.1
	- memorysettings 1.20.1-6.0
	- mes 1.3.1-1.20-forge
	- minecraft 1.20.1
	- mns 1.0.1-1.20-forge
	- modernfix 5.27.66+mc1.20.1
	- monolib 1.3.0
	- moonlight 1.20-2.16.34
	- mousetweaks 2.25.1
	- mr_dungeons_andtaverns 3.0.3.f
	- mvs 4.1.2-1.20-forge
	- myserveriscompatible 1.0
	- naturallychargedcreepers 3.5
	- nerb 1.20.1-0.2
	- netherskeletons 4.9
	- nullscape 1.2.8
	- octolib 0.5.0.1
	- onlylooking 1.20.1-4.1.1
	- paraglider 20.1.3
	- personality 4.0.0
	- placebo 8.6.3
	- playerrevive 2.0.31
	- polymorph 0.49.10+1.20.1
		\-- spectrelib 0.13.17+1.20.1
	- progressivebosses 3.9.7-mc1.20.1
	- puzzleslib 8.1.33
		\-- puzzlesaccessapi 20.1.1
	- realmrpg_quests 0.1.1
	- realmrpg_skeletons 1.1.0
	- reap 1.20.1-1.1.2
	- relics 0.8.0.13
	- repurposed_structures 7.1.24+1.20.1-forge
	- resourcefulconfig 2.1.3
	- resourcefullib 2.1.29
	- rhino 2001.2.3-build.10
	- searchables 1.0.3
	- shieldexp 1.3.7
	- shulkerboxtooltip 4.0.4+1.20.1
	- sleeping_bags 1.20.1-1.0.9
	- smoothchunk 1.20.1-3.8
	- sons_of_sins 2.1.6
	- sophisticatedbackpacks 3.24.60.1982
	- sophisticatedcore 1.3.71.2181
	- soulfired 3.2.1.0
	- spark 1.10.53
	- spelunkers_charm 3.6.0
	- stackrefill 4.5
	- starlight 1.1.2+forge.1cda73c
	- storagenetwork 1.10.0
	- structory 1.3.5
	- structory_towers 1.0.7
	- structure_gel 2.16.2
	- structureessentials 1.20.1-3.4
	- supermartijn642configlib 1.1.8
	- supermartijn642corelib 1.1.21
	- supplementaries 1.20-3.1.43
	- t_and_t 0.0NONE
	- takesapillage 1.0.3
	- tectonic 3.0.17
	- terrablender 3.0.1.10
	- tlskincape 1.32
	- tombstone 8.6.6
	- torchmaster 20.1.6
	- trade_cycling 1.20.1-1.0.10
	- trashslot 15.1.5
	- travelersbackpack 9.1.14
	- txnilib 1.0.2
		|-- fabric_api_base 0.4.31+ef105b4977
		|-- fabric_command_api_v2 2.2.13+561530ec77
		|-- fabric_events_interaction_v0 0.6.2+0d0bd5a777
		|-- fabric_networking_api_v1 1.3.11+503a202477
		\-- fabric_rendering_v1 3.0.8+66e9a48f77
	- uniqueaccessories 1.3.3
	- uteamcore 5.1.4.382
	- voicechat 1.20.1-2.6.21
		\-- voicechat_api 2.6.20
	- void_lib 1.1.6
	- waystones 14.1.20
	- wunderlib 20.0.1
	- yungsapi 1.20-Forge-4.0.6
	- zeta 1.0-31
[26Jul2026 00:23:21.495] [main/WARN] [mixin/]: Reference map 'mns-forge-refmap.json' for mns-forge.mixins.json could not be read. If this is a development environment you can ignore this message
[26Jul2026 00:23:21.503] [main/WARN] [mixin/]: Reference map 'cristellib-forge-refmap.json' for cristellib.mixins.json could not be read. If this is a development environment you can ignore this message
[26Jul2026 00:23:21.584] [main/WARN] [mixin/]: Reference map 'fastitemframes.forge.refmap.json' for fastitemframes.forge.mixins.json could not be read. If this is a development environment you can ignore this message
[26Jul2026 00:23:21.612] [main/INFO] [fpsreducer/]: OptiFine was NOT detected.
[26Jul2026 00:23:21.616] [main/INFO] [fpsreducer/]: OptiFabric was NOT detected.
[26Jul2026 00:23:21.684] [main/WARN] [mixin/]: Reference map 'CerbonsAPI-Forge-1.20.1-forge-refmap.json' for cerbons_api.mixins.json could not be read. If this is a development environment you can ignore this message
[26Jul2026 00:23:21.705] [main/WARN] [mixin/]: Reference map 'justhammers-common-refmap.json' for justhammers-common.mixins.json could not be read. If this is a development environment you can ignore this message
[26Jul2026 00:23:21.753] [main/WARN] [mixin/]: Reference map 'trashslot.refmap.json' for trashslot.mixins.json could not be read. If this is a development environment you can ignore this message
[26Jul2026 00:23:21.862] [main/WARN] [mixin/]: Reference map 'mes-forge-refmap.json' for mes-forge.mixins.json could not be read. If this is a development environment you can ignore this message
[26Jul2026 00:23:21.883] [main/WARN] [mixin/]: Reference map 'mvs-forge-refmap.json' for mvs-forge.mixins.json could not be read. If this is a development environment you can ignore this message
[26Jul2026 00:23:22.995] [main/INFO] [net.minecraftforge.coremod.CoreMod.placebo/COREMODLOG]: Patching IForgeItemStack#getEnchantmentLevel
[26Jul2026 00:23:23.012] [main/INFO] [net.minecraftforge.coremod.CoreMod.placebo/COREMODLOG]: Patching IForgeItemStack#getEnchantmentLevel
[26Jul2026 00:23:23.685] [main/INFO] [AllTheLeaks/]: Class dev.uncandango.alltheleaks.leaks.common.mods.zeta.Issue69 will be loaded as it matches versions: 1.0-31 in [1.0-19,)
[26Jul2026 00:23:23.685] [main/INFO] [AllTheLeaks/]: Mixins added to allowed list: [main.RecipeCrawlHandlerMixin]
[26Jul2026 00:23:23.686] [main/INFO] [AllTheLeaks/]: Class dev.uncandango.alltheleaks.leaks.common.mods.travelersbackpack.UntrackedIssue001 will be loaded as it matches versions: 9.1.14 in [9.1.0,9.1.16]
[26Jul2026 00:23:23.686] [main/INFO] [AllTheLeaks/]: Mixins added to allowed list: [main.ForgeEventHandlerMixin]
[26Jul2026 00:23:23.686] [main/INFO] [AllTheLeaks/]: Class dev.uncandango.alltheleaks.leaks.common.mods.spark.Issue447 will be loaded as it matches versions: 1.10.53 in *
[26Jul2026 00:23:23.686] [main/INFO] [AllTheLeaks/]: Mixins added to allowed list: [main.ForgeServerSparkPluginMixin]
[26Jul2026 00:23:23.686] [main/INFO] [AllTheLeaks/]: Class dev.uncandango.alltheleaks.leaks.common.mods.shulkerboxtooltip.UntrackedIssue001 will be loaded as it matches versions: 4.0.4+1.20.1 in *
[26Jul2026 00:23:23.687] [main/INFO] [AllTheLeaks/]: Class dev.uncandango.alltheleaks.leaks.common.mods.moonlight.UntrackedIssue001 will be loaded as it matches versions: 1.20-2.16.34 in [1.20-2.13.32,)
[26Jul2026 00:23:23.687] [main/INFO] [AllTheLeaks/]: Mixins added to allowed list: [main.FakeLevelManagerMixin]
[26Jul2026 00:23:23.687] [main/INFO] [AllTheLeaks/]: Class dev.uncandango.alltheleaks.leaks.common.mods.minecraft.UntrackedIssue002 will be loaded as it matches versions: 1.20.1 in 1.20.1
[26Jul2026 00:23:23.687] [main/INFO] [AllTheLeaks/]: Mixins added to allowed list: [main.EntityTickListMixin]
[26Jul2026 00:23:23.687] [main/INFO] [AllTheLeaks/]: Class dev.uncandango.alltheleaks.leaks.common.mods.minecraft.UntrackedIssue001 will be loaded as it matches versions: 1.20.1 in 1.20.1
[26Jul2026 00:23:23.687] [main/INFO] [AllTheLeaks/]: Class dev.uncandango.alltheleaks.leaks.common.mods.journeymap.UntrackedIssue001 will be loaded as it matches versions: 1.20.1-6.0.0-beta.5 in *
[26Jul2026 00:23:23.687] [main/INFO] [AllTheLeaks/]: Class dev.uncandango.alltheleaks.leaks.common.mods.forge.UntrackedIssue002 will be loaded as it matches versions: 47.3.7 in [47.2,)
[26Jul2026 00:23:23.687] [main/INFO] [AllTheLeaks/]: Mixins added to allowed list: [accessor.FakePlayerNetHandlerAccessor, accessor.ConnectionAccessor]
[26Jul2026 00:23:23.687] [main/INFO] [AllTheLeaks/]: Class dev.uncandango.alltheleaks.leaks.common.mods.forge.UntrackedIssue001 will be loaded as it matches versions: 47.3.7 in [47.2,)
[26Jul2026 00:23:23.687] [main/INFO] [AllTheLeaks/]: Mixins added to allowed list: [main.ServerPlayerMixin, main.PlayerListMixin, accessor.PlayerAdvancementsAccessor]
[26Jul2026 00:23:23.687] [main/INFO] [AllTheLeaks/]: Class dev.uncandango.alltheleaks.leaks.common.mods.forge.Issue39 will be loaded as it matches versions: 47.3.7 in [47.2,)
[26Jul2026 00:23:23.687] [main/INFO] [AllTheLeaks/]: Class dev.uncandango.alltheleaks.leaks.common.mods.forge.Issue10684 will be loaded as it matches versions: 47.3.7 in *
[26Jul2026 00:23:23.687] [main/INFO] [AllTheLeaks/]: Class dev.uncandango.alltheleaks.leaks.common.mods.fabric_networking_api_v1.UntrackedIssue001 will be loaded as it matches versions: 1.3.11+503a202477 in (,1.3.14)
[26Jul2026 00:23:23.687] [main/INFO] [AllTheLeaks/]: Mixins added to allowed list: [main.ServerPlayNetworkAddonMixin, main.ServerPlayNetworkHandlerMixinSquared]
[26Jul2026 00:23:23.687] [main/INFO] [AllTheLeaks/]: Class dev.uncandango.alltheleaks.leaks.common.mods.curios.UntrackedIssue001 will be loaded as it matches versions: 5.14.1+1.20.1 in [5.9.1,)
[26Jul2026 00:23:23.687] [main/INFO] [AllTheLeaks/]: Mixins added to allowed list: [main.CuriosEventHandlerMixin]
[26Jul2026 00:23:23.687] [main/INFO] [AllTheLeaks/]: Class dev.uncandango.alltheleaks.leaks.common.mods.citadel.UntrackedIssue001 will be loaded as it matches versions: 2.5.4 in [2.5.4,)
[26Jul2026 00:23:23.687] [main/INFO] [AllTheLeaks/]: Class dev.uncandango.alltheleaks.leaks.common.mods.architectury.UntrackedIssue001 will be loaded as it matches versions: 9.2.14 in [9.0.8,)
[26Jul2026 00:23:23.691] [main/INFO] [AllTheLeaks/]: Class dev.uncandango.alltheleaks.fix.common.mods.zeta.FixCopyStack will be loaded as it matches versions: 1.0-31 in *
[26Jul2026 00:23:23.691] [main/INFO] [AllTheLeaks/]: Mixins added to allowed list: [main.StackFixRecipeCrawlHandlerMixin]
[26Jul2026 00:23:23.691] [main/INFO] [AllTheLeaks/]: Class dev.uncandango.alltheleaks.fix.common.mods.modernfix.CancelRLMixin will be loaded as it matches versions: 5.27.66+mc1.20.1 in [5.0.0,)
[26Jul2026 00:23:23.691] [main/INFO] [AllTheLeaks/]: Mixins added to cancel list: [org.embeddedt.modernfix.common.mixin.perf.deduplicate_location.MixinResourceLocation]
[26Jul2026 00:23:23.691] [main/INFO] [AllTheLeaks/]: Class dev.uncandango.alltheleaks.fix.common.mods.kubejs.FixItemStackModification will be loaded as it matches versions: 2001.6.5-build.26 in *
[26Jul2026 00:23:23.691] [main/INFO] [AllTheLeaks/]: Mixins added to allowed list: [main.IngredientKJSMixin]
[26Jul2026 00:23:23.702] [main/INFO] [AllTheLeaks/]: Class dev.uncandango.alltheleaks.feature.common.mods.minecraft.MemoryMonitor will be loaded as it matches versions: 1.20.1 in 1.20.1
[26Jul2026 00:23:23.702] [main/INFO] [AllTheLeaks/]: Mixins added to allowed list: [main.PlayerMixin, main.ChunkAccessMixin, main.LevelMixin, main.MinecraftServerMixin]
[26Jul2026 00:23:23.703] [main/INFO] [AllTheLeaks/]: Class dev.uncandango.alltheleaks.feature.common.mods.minecraft.ClearLeakedLevelChunks will be loaded as it matches versions: 1.20.1 in 1.20.1
[26Jul2026 00:23:23.703] [main/INFO] [AllTheLeaks/]: Mixins added to allowed list: [accessor.LevelAccessor, main.RebindableTickingBlockEntityWrapperMixin, accessor.LevelChunkAccessor]
[26Jul2026 00:23:23.805] [main/INFO] [com.cupboard.Cupboard/]: Loaded config for: structureessentials.json
[26Jul2026 00:23:23.826] [main/ERROR] [net.minecraftforge.fml.loading.RuntimeDistCleaner/DISTXFORM]: Attempted to load class net/minecraft/client/gui/screens/Screen for invalid dist DEDICATED_SERVER
[26Jul2026 00:23:23.827] [main/WARN] [mixin/]: Error loading class: net/minecraft/client/gui/screens/Screen (java.lang.RuntimeException: Attempted to load class net/minecraft/client/gui/screens/Screen for invalid dist DEDICATED_SERVER)
[26Jul2026 00:23:23.827] [main/WARN] [mixin/]: @Mixin target net.minecraft.client.gui.screens.Screen was not found relics.mixins.json:ScreenMixin
[26Jul2026 00:23:24.131] [main/ERROR] [net.minecraftforge.fml.loading.RuntimeDistCleaner/DISTXFORM]: Attempted to load class net/minecraft/client/player/AbstractClientPlayer for invalid dist DEDICATED_SERVER
[26Jul2026 00:23:24.131] [main/WARN] [mixin/]: Error loading class: net/minecraft/client/player/AbstractClientPlayer (java.lang.RuntimeException: Attempted to load class net/minecraft/client/player/AbstractClientPlayer for invalid dist DEDICATED_SERVER)
[26Jul2026 00:23:24.132] [main/WARN] [mixin/]: @Mixin target net.minecraft.client.player.AbstractClientPlayer was not found tlskincape-mixins.json:MixinAbstractPlayer
[26Jul2026 00:23:24.132] [main/ERROR] [net.minecraftforge.fml.loading.RuntimeDistCleaner/DISTXFORM]: Attempted to load class net/minecraft/client/gui/screens/TitleScreen for invalid dist DEDICATED_SERVER
[26Jul2026 00:23:24.133] [main/WARN] [mixin/]: Error loading class: net/minecraft/client/gui/screens/TitleScreen (java.lang.RuntimeException: Attempted to load class net/minecraft/client/gui/screens/TitleScreen for invalid dist DEDICATED_SERVER)
[26Jul2026 00:23:24.133] [main/WARN] [mixin/]: @Mixin target net.minecraft.client.gui.screens.TitleScreen was not found tlskincape-mixins.json:MixinMainMenu
[26Jul2026 00:23:24.133] [main/WARN] [mixin/]: Error loading class: net/minecraft/client/model/PlayerModel (java.lang.ClassNotFoundException: net.minecraft.client.model.PlayerModel)
[26Jul2026 00:23:24.134] [main/WARN] [mixin/]: @Mixin target net.minecraft.client.model.PlayerModel was not found tlskincape-mixins.json:MixinPlayerModel
[26Jul2026 00:23:24.273] [main/WARN] [mixin/]: Error loading class: com/mojang/blaze3d/platform/InputConstants$Key (java.lang.ClassNotFoundException: com.mojang.blaze3d.platform.InputConstants$Key)
[26Jul2026 00:23:24.329] [main/INFO] [MixinExtras|Service/]: Initializing MixinExtras via com.llamalad7.mixinextras.service.MixinExtrasServiceImpl(version=0.5.0).
[26Jul2026 00:23:24.932] [main/WARN] [mixin/]: Static binding violation: PRIVATE @Overwrite method m_216202_ in modernfix-modernfix.mixins.json:perf.tag_id_caching.TagOrElementLocationMixin cannot reduce visibiliy of PUBLIC target method, visibility will be upgraded.
[26Jul2026 00:23:25.253] [main/INFO] [net.minecraft.server.Bootstrap/]: ModernFix reached bootstrap stage (17.22 s after launch)
[26Jul2026 00:23:25.494] [main/WARN] [mixin/]: @Final field delegatesByName:Ljava/util/Map; in modernfix-modernfix.mixins.json:perf.forge_registry_alloc.ForgeRegistryMixin should be final
[26Jul2026 00:23:25.495] [main/WARN] [mixin/]: @Final field delegatesByValue:Ljava/util/Map; in modernfix-modernfix.mixins.json:perf.forge_registry_alloc.ForgeRegistryMixin should be final
[26Jul2026 00:23:25.852] [main/INFO] [ModernFix/]: Injecting BlockStateBase cache population hook into getOpacityIfCached from ca.spottedleaf.starlight.mixin.common.blockstate.BlockStateBaseMixin
[26Jul2026 00:23:25.852] [main/INFO] [ModernFix/]: Injecting BlockStateBase cache population hook into isConditionallyFullOpaque from ca.spottedleaf.starlight.mixin.common.blockstate.BlockStateBaseMixin
[26Jul2026 00:23:26.268] [main/INFO] [net.minecraftforge.coremod.CoreMod.placebo/COREMODLOG]: Patching IForgeItemStack#getEnchantmentLevel
[26Jul2026 00:23:26.269] [main/INFO] [net.minecraftforge.coremod.CoreMod.placebo/COREMODLOG]: Patching IForgeItemStack#getEnchantmentLevel
[26Jul2026 00:23:27.411] [main/INFO] [net.minecraft.server.Bootstrap/]: Vanilla bootstrap took 2124 milliseconds
[26Jul2026 00:23:28.163] [main/INFO] [net.minecraftforge.coremod.CoreMod.placebo/COREMODLOG]: Patching IForgeItemStack#getEnchantmentLevel
[26Jul2026 00:23:28.164] [main/INFO] [net.minecraftforge.coremod.CoreMod.placebo/COREMODLOG]: Patching IForgeItemStack#getEnchantmentLevel
[26Jul2026 00:23:31.896] [modloading-worker-0/INFO] [Puzzles Lib/]: Constructing common components for easyanvils:main
[26Jul2026 00:23:32.792] [modloading-worker-0/WARN] [mixin/]: Static binding violation: PRIVATE @Overwrite method m_215924_ in modernfix-modernfix.mixins.json:perf.tag_id_caching.TagEntryMixin cannot reduce visibiliy of PUBLIC target method, visibility will be upgraded.
[26Jul2026 00:23:33.345] [modloading-worker-0/INFO] [com.jtorleonstudios.libraryferret.LibraryFerret/]: Initialize mod Library Ferret
[26Jul2026 00:23:33.362] [modloading-worker-0/INFO] [com.jtorleonstudios.libraryferret.LibraryFerret/]: Initialized mod Library Ferret
[26Jul2026 00:23:33.600] [modloading-worker-0/INFO] [net.minecraftforge.common.ForgeMod/FORGEMOD]: Forge mod loading, version 47.3.7, for MC 1.20.1 with MCP 20230612.114412
[26Jul2026 00:23:33.600] [modloading-worker-0/INFO] [net.minecraftforge.common.MinecraftForge/FORGE]: MinecraftForge v47.3.7 Initialized
[26Jul2026 00:23:33.643] [modloading-worker-0/INFO] [graveyard/]: Registered JSON trade offer adapter.
[26Jul2026 00:23:34.058] [modloading-worker-0/INFO] [STDOUT/]: [yalter.mousetweaks.Logger:Log:6]: [Mouse Tweaks] Disabled because not running on the client.
[26Jul2026 00:23:34.535] [modloading-worker-0/INFO] [Puzzles Lib/]: Constructing common components for puzzleslib:main
[26Jul2026 00:23:34.546] [modloading-worker-0/INFO] [zeta/]: Doing super early config setup for zeta
[26Jul2026 00:23:34.585] [modloading-worker-0/WARN] [mixinsquared-annotation-adjuster/]: Modified mixin "dev.uncandango.alltheleaks.mixin.core.main.RecipeCrawlHandlerMixin". Check debug logs for more information.
[26Jul2026 00:23:34.586] [modloading-worker-0/WARN] [mixinsquared-annotation-adjuster/]: Modified mixin "dev.uncandango.alltheleaks.mixin.core.main.RecipeCrawlHandlerMixin". Check debug logs for more information.
[26Jul2026 00:23:34.589] [modloading-worker-0/WARN] [mixinsquared-annotation-adjuster/]: Modified mixin "dev.uncandango.alltheleaks.mixin.core.main.RecipeCrawlHandlerMixin". Check debug logs for more information.
[26Jul2026 00:23:34.847] [modloading-worker-0/INFO] [thedarkcolour.kotlinforforge.test.KotlinForForge/]: Kotlin For Forge Enabled!
[26Jul2026 00:23:34.886] [modloading-worker-0/INFO] [insane96mcp.insanelib.InsaneLib/]: Found (COMMON) InsaneLib Feature class insane96mcp.insanelib.module.base.TagsFeature
[26Jul2026 00:23:34.906] [modloading-worker-0/INFO] [insane96mcp.insanelib.InsaneLib/]: Found (COMMON) InsaneLib Feature class insane96mcp.insanelib.module.base.FixFeature
[26Jul2026 00:23:34.910] [modloading-worker-0/INFO] [insane96mcp.insanelib.InsaneLib/]: Found (COMMON) InsaneLib Feature class insane96mcp.insanelib.module.base.BaseFeature
[26Jul2026 00:23:34.910] [modloading-worker-0/INFO] [insane96mcp.insanelib.InsaneLib/]: Found (COMMON) InsaneLib Feature class insane96mcp.insanelib.module.base.AEC3DFeature
[26Jul2026 00:23:34.929] [modloading-worker-0/INFO] [ModernFix/]: Bypassed Mojang DFU
[26Jul2026 00:23:34.929] [modloading-worker-0/INFO] [ModernFix/]: Instantiating Mojang DFU
[26Jul2026 00:23:35.009] [modloading-worker-0/INFO] [Puzzles Lib/]: Constructing common components for fastitemframes:main
[26Jul2026 00:23:35.112] [modloading-worker-0/INFO] [Void Lib/]: Void Lib successfully started!
[26Jul2026 00:23:35.113] [modloading-worker-0/INFO] [Fast Config API/]: FastConfigAPI has been initialized
[26Jul2026 00:23:35.194] [modloading-worker-0/INFO] [Bookshelf/]: Fixing MC-151457. Crafting remainder for minecraft:pufferfish_bucket is now minecraft:bucket.
[26Jul2026 00:23:35.196] [modloading-worker-0/INFO] [Bookshelf/]: Fixing MC-151457. Crafting remainder for minecraft:salmon_bucket is now minecraft:bucket.
[26Jul2026 00:23:35.196] [modloading-worker-0/INFO] [Bookshelf/]: Fixing MC-151457. Crafting remainder for minecraft:cod_bucket is now minecraft:bucket.
[26Jul2026 00:23:35.196] [modloading-worker-0/INFO] [Bookshelf/]: Fixing MC-151457. Crafting remainder for minecraft:tropical_fish_bucket is now minecraft:bucket.
[26Jul2026 00:23:35.197] [modloading-worker-0/INFO] [Bookshelf/]: Fixing MC-151457. Crafting remainder for minecraft:axolotl_bucket is now minecraft:bucket.
[26Jul2026 00:23:35.197] [modloading-worker-0/INFO] [Bookshelf/]: Fixing MC-151457. Crafting remainder for minecraft:powder_snow_bucket is now minecraft:bucket.
[26Jul2026 00:23:35.198] [modloading-worker-0/INFO] [Bookshelf/]: Fixing MC-151457. Crafting remainder for minecraft:tadpole_bucket is now minecraft:bucket.
[26Jul2026 00:23:35.604] [modloading-worker-0/WARN] [info.u_team.u_team_core.util.verify.JarSignVerifier/]: ---------------------------------------------------------------------------------
[26Jul2026 00:23:35.604] [modloading-worker-0/WARN] [info.u_team.u_team_core.util.verify.JarSignVerifier/]: Mod uteamcore is not signed with a valid certificate but should be signed.
[26Jul2026 00:23:35.604] [modloading-worker-0/WARN] [info.u_team.u_team_core.util.verify.JarSignVerifier/]: Please download the mod only from trusted sources such as curseforge.com!
[26Jul2026 00:23:35.605] [modloading-worker-0/WARN] [info.u_team.u_team_core.util.verify.JarSignVerifier/]: ---------------------------------------------------------------------------------
[26Jul2026 00:23:35.925] [modloading-worker-0/INFO] [insane96mcp.insanelib.InsaneLib/]: Found (COMMON) InsaneLib Feature class insane96mcp.progressivebosses.module.wither.feature.RewardFeature
[26Jul2026 00:23:35.930] [modloading-worker-0/INFO] [insane96mcp.insanelib.InsaneLib/]: Found (COMMON) InsaneLib Feature class insane96mcp.progressivebosses.module.wither.feature.ResistancesFeature
[26Jul2026 00:23:35.932] [modloading-worker-0/INFO] [insane96mcp.insanelib.InsaneLib/]: Found (COMMON) InsaneLib Feature class insane96mcp.progressivebosses.module.wither.feature.MiscFeature
[26Jul2026 00:23:35.942] [modloading-worker-0/INFO] [insane96mcp.insanelib.InsaneLib/]: Found (COMMON) InsaneLib Feature class insane96mcp.progressivebosses.module.wither.feature.MinionFeature
[26Jul2026 00:23:35.949] [modloading-worker-0/INFO] [insane96mcp.insanelib.InsaneLib/]: Found (COMMON) InsaneLib Feature class insane96mcp.progressivebosses.module.wither.feature.HealthFeature
[26Jul2026 00:23:35.958] [modloading-worker-0/INFO] [insane96mcp.insanelib.InsaneLib/]: Found (COMMON) InsaneLib Feature class insane96mcp.progressivebosses.module.wither.feature.DifficultyFeature
[26Jul2026 00:23:35.965] [modloading-worker-0/INFO] [insane96mcp.insanelib.InsaneLib/]: Found (COMMON) InsaneLib Feature class insane96mcp.progressivebosses.module.wither.feature.AttackFeature
[26Jul2026 00:23:35.980] [modloading-worker-0/INFO] [insane96mcp.insanelib.InsaneLib/]: Found (COMMON) InsaneLib Feature class insane96mcp.progressivebosses.module.elderguardian.feature.RewardFeature
[26Jul2026 00:23:35.982] [modloading-worker-0/INFO] [insane96mcp.insanelib.InsaneLib/]: Found (COMMON) InsaneLib Feature class insane96mcp.progressivebosses.module.elderguardian.feature.ResistancesFeature
[26Jul2026 00:23:35.987] [modloading-worker-0/INFO] [insane96mcp.insanelib.InsaneLib/]: Found (COMMON) InsaneLib Feature class insane96mcp.progressivebosses.module.elderguardian.feature.MinionFeature
[26Jul2026 00:23:35.990] [modloading-worker-0/INFO] [insane96mcp.insanelib.InsaneLib/]: Found (COMMON) InsaneLib Feature class insane96mcp.progressivebosses.module.elderguardian.feature.HealthFeature
[26Jul2026 00:23:35.997] [modloading-worker-0/INFO] [insane96mcp.insanelib.InsaneLib/]: Found (COMMON) InsaneLib Feature class insane96mcp.progressivebosses.module.elderguardian.feature.BaseFeature
[26Jul2026 00:23:36.003] [modloading-worker-0/INFO] [insane96mcp.insanelib.InsaneLib/]: Found (COMMON) InsaneLib Feature class insane96mcp.progressivebosses.module.elderguardian.feature.AttackFeature
[26Jul2026 00:23:36.008] [modloading-worker-0/INFO] [insane96mcp.insanelib.InsaneLib/]: Found (COMMON) InsaneLib Feature class insane96mcp.progressivebosses.module.dragon.feature.RewardFeature
[26Jul2026 00:23:36.010] [modloading-worker-0/INFO] [insane96mcp.insanelib.InsaneLib/]: Found (COMMON) InsaneLib Feature class insane96mcp.progressivebosses.module.dragon.feature.ResistancesFeature
[26Jul2026 00:23:36.060] [modloading-worker-0/WARN] [mixin/]: @Final field f_31201_:Lorg/slf4j/Logger; in progressivebosses.mixins.json:DragonChargePlayerPhaseMixin should be final
[26Jul2026 00:23:36.079] [modloading-worker-0/INFO] [insane96mcp.insanelib.InsaneLib/]: Found (COMMON) InsaneLib Feature class insane96mcp.progressivebosses.module.dragon.feature.MinionFeature
[26Jul2026 00:23:36.090] [modloading-worker-0/INFO] [insane96mcp.insanelib.InsaneLib/]: Found (COMMON) InsaneLib Feature class insane96mcp.progressivebosses.module.dragon.feature.LarvaFeature
[26Jul2026 00:23:36.098] [modloading-worker-0/INFO] [insane96mcp.insanelib.InsaneLib/]: Found (COMMON) InsaneLib Feature class insane96mcp.progressivebosses.module.dragon.feature.HealthFeature
[26Jul2026 00:23:36.104] [modloading-worker-0/INFO] [insane96mcp.insanelib.InsaneLib/]: Found (COMMON) InsaneLib Feature class insane96mcp.progressivebosses.module.dragon.feature.DifficultyFeature
[26Jul2026 00:23:36.113] [modloading-worker-0/INFO] [insane96mcp.insanelib.InsaneLib/]: Found (COMMON) InsaneLib Feature class insane96mcp.progressivebosses.module.dragon.feature.CrystalFeature
[26Jul2026 00:23:36.120] [modloading-worker-0/INFO] [insane96mcp.insanelib.InsaneLib/]: Found (COMMON) InsaneLib Feature class insane96mcp.progressivebosses.module.dragon.feature.AttackFeature
[26Jul2026 00:23:36.366] [modloading-worker-0/INFO] [de.keksuccino.konkrete.Konkrete/]: [KONKRETE] Successfully initialized!
[26Jul2026 00:23:36.367] [modloading-worker-0/INFO] [de.keksuccino.konkrete.Konkrete/]: [KONKRETE] Server-side libs ready to use!
[26Jul2026 00:23:36.368] [modloading-worker-0/INFO] [Puzzles Lib/]: Constructing common components for diagonalblocks:main
[26Jul2026 00:23:36.475] [modloading-worker-0/INFO] [com.cupboard.Cupboard/]: Loaded config for: memorysettings.json
[26Jul2026 00:23:36.481] [modloading-worker-0/WARN] [com.memorysettings.config.CommonConfiguration/]: You have more memory allocated(14336mb) than recommended for this pack, the maximum is: 8500mb.
The recommended amount for your system is: 6998 mb.

[26Jul2026 00:23:36.487] [modloading-worker-0/INFO] [Collective/]: Loading Collective version 7.80.
[26Jul2026 00:23:36.674] [modloading-worker-0/INFO] [Inventory Profiles Next/]: [Inventory Profiles Next] Inventory Profiles Next - init in Kotlin
[26Jul2026 00:23:36.709] [modloading-worker-0/INFO] [dev.architectury.networking.forge.NetworkManagerImpl/]: Registering C2S receiver with id architectury:sync_ids
[26Jul2026 00:23:36.711] [modloading-worker-0/INFO] [dev.architectury.networking.forge.NetworkManagerImpl/]: Registering C2S receiver with id ftblibrary:edit_nbt_response
[26Jul2026 00:23:36.746] [modloading-worker-0/INFO] [dev.architectury.networking.forge.NetworkManagerImpl/]: Registering C2S receiver with id ftbteams:open_gui
[26Jul2026 00:23:36.747] [modloading-worker-0/INFO] [dev.architectury.networking.forge.NetworkManagerImpl/]: Registering C2S receiver with id ftbteams:update_settings
[26Jul2026 00:23:36.751] [modloading-worker-0/INFO] [dev.architectury.networking.forge.NetworkManagerImpl/]: Registering C2S receiver with id ftbteams:send_message
[26Jul2026 00:23:36.753] [modloading-worker-0/INFO] [dev.architectury.networking.forge.NetworkManagerImpl/]: Registering C2S receiver with id ftbteams:create_party
[26Jul2026 00:23:36.755] [modloading-worker-0/INFO] [com.cupboard.Cupboard/]: Loaded config for: cupboard.json
[26Jul2026 00:23:36.757] [modloading-worker-0/INFO] [dev.architectury.networking.forge.NetworkManagerImpl/]: Registering C2S receiver with id ftbteams:player_gui_operation
[26Jul2026 00:23:36.758] [modloading-worker-0/INFO] [MonoLib/]: Hello Forge world!
[26Jul2026 00:23:36.763] [modloading-worker-0/INFO] [MonoLib/]: Hello from Common init on Forge! we are currently in a production environment!
[26Jul2026 00:23:36.763] [modloading-worker-0/INFO] [MonoLib/]: The ID for diamonds is minecraft:diamond
[26Jul2026 00:23:36.763] [modloading-worker-0/INFO] [MonoLib/]: Hello to monolib
[26Jul2026 00:23:36.847] [modloading-worker-0/INFO] [dev.architectury.networking.forge.NetworkManagerImpl/]: Registering C2S receiver with id ftbquests:submit_task
[26Jul2026 00:23:36.850] [modloading-worker-0/INFO] [dev.architectury.networking.forge.NetworkManagerImpl/]: Registering C2S receiver with id ftbquests:claim_reward
[26Jul2026 00:23:36.854] [modloading-worker-0/INFO] [dev.architectury.networking.forge.NetworkManagerImpl/]: Registering C2S receiver with id ftbquests:get_emergency_items
[26Jul2026 00:23:36.856] [modloading-worker-0/INFO] [KubeJS/]: Loaded common.properties
[26Jul2026 00:23:36.857] [modloading-worker-0/INFO] [KubeJS/]: Loaded dev.properties
[26Jul2026 00:23:36.860] [modloading-worker-0/INFO] [dev.architectury.networking.forge.NetworkManagerImpl/]: Registering C2S receiver with id ftbquests:claim_all_rewards
[26Jul2026 00:23:36.861] [modloading-worker-0/INFO] [dev.architectury.networking.forge.NetworkManagerImpl/]: Registering C2S receiver with id ftbquests:claim_choice_reward
[26Jul2026 00:23:36.863] [modloading-worker-0/INFO] [dev.architectury.networking.forge.NetworkManagerImpl/]: Registering C2S receiver with id ftbquests:toggle_pinned
[26Jul2026 00:23:36.864] [modloading-worker-0/INFO] [dev.architectury.networking.forge.NetworkManagerImpl/]: Registering C2S receiver with id ftbquests:toggle_chapter_pinned
[26Jul2026 00:23:36.865] [modloading-worker-0/INFO] [dev.architectury.networking.forge.NetworkManagerImpl/]: Registering C2S receiver with id ftbquests:toggle_editing_mode
[26Jul2026 00:23:36.869] [modloading-worker-0/INFO] [dev.architectury.networking.forge.NetworkManagerImpl/]: Registering C2S receiver with id ftbquests:force_save
[26Jul2026 00:23:36.870] [modloading-worker-0/INFO] [dev.architectury.networking.forge.NetworkManagerImpl/]: Registering C2S receiver with id ftbquests:set_custom_image
[26Jul2026 00:23:36.870] [modloading-worker-0/INFO] [KubeJS/]: Looking for KubeJS plugins...
[26Jul2026 00:23:36.879] [modloading-worker-0/INFO] [KubeJS/]: Found plugin source kubejs
[26Jul2026 00:23:36.881] [modloading-worker-0/INFO] [dev.architectury.networking.forge.NetworkManagerImpl/]: Registering C2S receiver with id ftbquests:task_screen_config_resp
[26Jul2026 00:23:36.881] [modloading-worker-0/INFO] [dev.architectury.networking.forge.NetworkManagerImpl/]: Registering C2S receiver with id ftbquests:give_item_to_player
[26Jul2026 00:23:36.882] [modloading-worker-0/INFO] [dev.architectury.networking.forge.NetworkManagerImpl/]: Registering C2S receiver with id ftbquests:reorder_item
[26Jul2026 00:23:36.883] [modloading-worker-0/INFO] [dev.architectury.networking.forge.NetworkManagerImpl/]: Registering C2S receiver with id ftbquests:change_progress
[26Jul2026 00:23:36.883] [modloading-worker-0/INFO] [dev.architectury.networking.forge.NetworkManagerImpl/]: Registering C2S receiver with id ftbquests:create_object
[26Jul2026 00:23:36.887] [modloading-worker-0/INFO] [dev.architectury.networking.forge.NetworkManagerImpl/]: Registering C2S receiver with id ftbquests:create_task_at
[26Jul2026 00:23:36.888] [modloading-worker-0/WARN] [KubeJS/]: Plugin dev.latvian.mods.kubejs.forge.BuiltinKubeJSForgeClientPlugin does not load on server side, skipping
[26Jul2026 00:23:36.888] [modloading-worker-0/WARN] [KubeJS/]: Plugin dev.latvian.mods.kubejs.integration.forge.gamestages.GameStagesIntegration does not have required mod gamestages loaded, skipping
[26Jul2026 00:23:36.888] [modloading-worker-0/INFO] [dev.architectury.networking.forge.NetworkManagerImpl/]: Registering C2S receiver with id ftbquests:delete_object
[26Jul2026 00:23:36.888] [modloading-worker-0/INFO] [KubeJS/]: Found plugin source ftbxmodcompat
[26Jul2026 00:23:36.889] [modloading-worker-0/INFO] [dev.architectury.networking.forge.NetworkManagerImpl/]: Registering C2S receiver with id ftbquests:edit_object
[26Jul2026 00:23:36.891] [modloading-worker-0/WARN] [KubeJS/]: Plugin dev.ftb.mods.ftbxmodcompat.ftbchunks.kubejs.FTBChunksKubeJSPlugin does not have required mod ftbchunks loaded, skipping
[26Jul2026 00:23:36.892] [modloading-worker-0/WARN] [KubeJS/]: Plugin dev.ftb.mods.ftbxmodcompat.ftbfiltersystem.kubejs.FFSKubeJSPlugin does not have required mod ftbfiltersystem loaded, skipping
[26Jul2026 00:23:36.893] [modloading-worker-0/INFO] [dev.architectury.networking.forge.NetworkManagerImpl/]: Registering C2S receiver with id ftbquests:move_chapter
[26Jul2026 00:23:36.894] [modloading-worker-0/INFO] [dev.architectury.networking.forge.NetworkManagerImpl/]: Registering C2S receiver with id ftbquests:move_quest
[26Jul2026 00:23:36.898] [modloading-worker-0/INFO] [KubeJS/]: Done in 27.93 ms
[26Jul2026 00:23:36.899] [modloading-worker-0/INFO] [dev.architectury.networking.forge.NetworkManagerImpl/]: Registering C2S receiver with id ftbquests:change_chapter_group
[26Jul2026 00:23:36.904] [modloading-worker-0/INFO] [dev.architectury.networking.forge.NetworkManagerImpl/]: Registering C2S receiver with id ftbquests:move_chapter_group
[26Jul2026 00:23:36.906] [modloading-worker-0/INFO] [dev.architectury.networking.forge.NetworkManagerImpl/]: Registering C2S receiver with id ftbquests:copy_quest
[26Jul2026 00:23:36.913] [modloading-worker-0/INFO] [dev.architectury.networking.forge.NetworkManagerImpl/]: Registering C2S receiver with id ftbquests:copy_chapter_image
[26Jul2026 00:23:36.914] [modloading-worker-0/INFO] [dev.architectury.networking.forge.NetworkManagerImpl/]: Registering C2S receiver with id ftbquests:sync_structures_request
[26Jul2026 00:23:36.915] [modloading-worker-0/INFO] [dev.architectury.networking.forge.NetworkManagerImpl/]: Registering C2S receiver with id ftbquests:request_team_data
[26Jul2026 00:23:37.005] [modloading-worker-0/INFO] [net.blay09.mods.balm.forge.config.ForgeBalmConfig/]: Registering config for trashslot:common (COMMON) with 5 properties.
[26Jul2026 00:23:37.046] [modloading-worker-0/INFO] [Puzzles Lib/]: Constructing common components for easymagic:main
[26Jul2026 00:23:37.102] [modloading-worker-0/INFO] [FTB XMod Compat/]: [FTB Quests] Enabled KubeJS integration
[26Jul2026 00:23:37.118] [modloading-worker-0/INFO] [net.blay09.mods.balm.forge.config.ForgeBalmConfig/]: Registering config for waystones:common (COMMON) with 46 properties.
[26Jul2026 00:23:37.233] [modloading-worker-0/INFO] [Rhino Script Remapper/]: Loading Rhino Minecraft remapper...
[26Jul2026 00:23:37.237] [modloading-worker-0/INFO] [dev.latvian.mods.rhino.mod.util.RhinoProperties/]: Rhino properties loaded.
[26Jul2026 00:23:37.241] [modloading-worker-0/INFO] [Rhino Script Remapper/]: Loading mappings for 1.20.1
[26Jul2026 00:23:37.273] [modloading-worker-0/INFO] [dev.architectury.networking.forge.NetworkManagerImpl/]: Registering C2S receiver with id artifacts:networking_channel/42a7ad70b1cc371599a0eff744096b8a
[26Jul2026 00:23:37.280] [modloading-worker-0/INFO] [dev.architectury.networking.forge.NetworkManagerImpl/]: Registering C2S receiver with id artifacts:networking_channel/74a5e841822a3a87854ae896a33430d6
[26Jul2026 00:23:37.281] [modloading-worker-0/INFO] [dev.architectury.networking.forge.NetworkManagerImpl/]: Registering C2S receiver with id artifacts:networking_channel/eb3d1e2748533430848cadf0f37c7e9c
[26Jul2026 00:23:37.284] [modloading-worker-0/INFO] [dev.architectury.networking.forge.NetworkManagerImpl/]: Registering C2S receiver with id artifacts:networking_channel/91c8520f19f93b3e8b6a727568e194ab
[26Jul2026 00:23:37.285] [modloading-worker-0/INFO] [dev.architectury.networking.forge.NetworkManagerImpl/]: Registering C2S receiver with id artifacts:networking_channel/8c2784d778293fd482ed84b8aa5fedb9
[26Jul2026 00:23:37.287] [modloading-worker-0/INFO] [dev.architectury.networking.forge.NetworkManagerImpl/]: Registering C2S receiver with id artifacts:networking_channel/ea038224ea783d40b2863f52239e2604
[26Jul2026 00:23:37.291] [modloading-worker-0/INFO] [dev.architectury.networking.forge.NetworkManagerImpl/]: Registering C2S receiver with id artifacts:networking_channel/97ad64b7ecaf33209991c4f031501a58
[26Jul2026 00:23:37.457] [modloading-worker-0/INFO] [Rhino Script Remapper/]: Done in 0.221 s
[26Jul2026 00:23:37.506] [modloading-worker-0/INFO] [libIPN/]: [libIPN] libIPN - init in Kotlin
[26Jul2026 00:23:37.718] [modloading-worker-0/INFO] [labellingcontainers/]: Initializing mod...
[26Jul2026 00:23:37.738] [modloading-worker-0/INFO] [Puzzles Lib/]: Constructing common components for diagonalfences:main
[26Jul2026 00:23:37.745] [modloading-worker-0/INFO] [dev.architectury.networking.forge.NetworkManagerImpl/]: Registering C2S receiver with id labellingcontainers:request_taggable_blocks_config_packet
[26Jul2026 00:23:37.746] [modloading-worker-0/INFO] [dev.architectury.networking.forge.NetworkManagerImpl/]: Registering C2S receiver with id labellingcontainers:label_printer_save_packet
[26Jul2026 00:23:37.746] [modloading-worker-0/WARN] [labellingcontainers/]: Could not run Client Setup (mod is probably running on a Server-Only instance)
[26Jul2026 00:23:37.780] [modloading-worker-0/WARN] [de.keksuccino.justzoom.JustZoom/]: [JUST ZOOM] Disabling 'Just Zoom' since it's a client-side mod and current environment is server!
[26Jul2026 00:23:37.780] [modloading-worker-0/INFO] [be.florens.expandability.ExpandAbility/]: ExpandAbility here, who dis?
[26Jul2026 00:23:38.034] [modloading-worker-0/INFO] [KubeJS Startup/]: example.js#5: Hello, World! (Loaded startup scripts)
[26Jul2026 00:23:38.036] [modloading-worker-0/INFO] [KubeJS Startup/]: Loaded script startup_scripts:example.js in 0.051 s
[26Jul2026 00:23:38.040] [modloading-worker-0/INFO] [KubeJS Startup/]: Loaded 1/1 KubeJS startup scripts in 0.579 s with 0 errors and 0 warnings
[26Jul2026 00:23:38.076] [modloading-worker-0/INFO] [dev.architectury.networking.forge.NetworkManagerImpl/]: Registering C2S receiver with id kubejs:send_data_from_client
[26Jul2026 00:23:38.080] [modloading-worker-0/INFO] [dev.architectury.networking.forge.NetworkManagerImpl/]: Registering C2S receiver with id kubejs:first_click
[26Jul2026 00:23:40.657] [main/INFO] [Diagonal Blocks/]: Constructing shapes for ForgeDiagonalFenceBlock[NodeWidth=2.0,ExtensionWidth=2.0,NodeTop=24.0,ExtensionBottom=0.0,ExtensionTop=24.0] took 216ms
[26Jul2026 00:23:40.717] [main/INFO] [Diagonal Blocks/]: Constructing shapes for ForgeDiagonalFenceBlock[NodeWidth=2.0,ExtensionWidth=2.0,NodeTop=16.0,ExtensionBottom=0.0,ExtensionTop=16.0] took 55ms
[26Jul2026 00:23:40.811] [main/INFO] [Diagonal Blocks/]: Constructing shapes for ForgeDiagonalFenceBlock[NodeWidth=2.0,ExtensionWidth=1.0,NodeTop=16.0,ExtensionBottom=6.0,ExtensionTop=15.0] took 90ms
[26Jul2026 00:23:42.330] [main/INFO] [Moonlight/]: Initialized block sets in 27ms
[26Jul2026 00:23:42.408] [main/WARN] [dev.architectury.registry.registries.forge.RegistrarManagerImpl/]: Registry entry listened Registry Entry [minecraft:entity_type / artifacts:mimic] was not realized!
[26Jul2026 00:23:42.408] [main/WARN] [dev.architectury.registry.registries.forge.RegistrarManagerImpl/]: Registry entry listened Registry Entry [minecraft:entity_type / artifacts:mimic] was not realized!
[26Jul2026 00:23:42.408] [main/WARN] [dev.architectury.registry.registries.forge.RegistrarManagerImpl/]: Registry entry listened Registry Entry [minecraft:entity_type / artifacts:mimic] was not realized!
[26Jul2026 00:23:43.505] [main/INFO] [ModdingLegacy/StructureGel/]: [structure_gel] Registering data for structure_gel:loot_table_alias
[26Jul2026 00:23:43.518] [main/INFO] [ModdingLegacy/StructureGel/]: [structure_gel] Registering data for structure_gel:data_handler_type
[26Jul2026 00:23:43.522] [main/INFO] [ModdingLegacy/StructureGel/]: [structure_gel] Registering data for structure_gel:dynamic_spawner
[26Jul2026 00:23:43.525] [main/INFO] [ModdingLegacy/StructureGel/]: [structure_gel] Registering data for structure_gel:jigsaw_type
[26Jul2026 00:23:44.430] [modloading-worker-0/INFO] [voicechat/]: [voicechat] Compatibility version 20
[26Jul2026 00:23:44.514] [Forge Version Check/INFO] [net.minecraftforge.fml.VersionChecker/]: [easyanvils] Starting version check at https://raw.githubusercontent.com/Fuzss/modresources/main/update/easyanvils.json
[26Jul2026 00:23:44.553] [Thread-0/INFO] [ModernFix/]: Please use /mfsrc to reload any changed mod config files
[26Jul2026 00:23:44.553] [modloading-worker-0/INFO] [com.connectivity.Connectivity/]: Connectivity initialized
[26Jul2026 00:23:44.555] [modloading-worker-0/INFO] [com.gpumemleakfix.Gpumemleakfix/]: gpumemleakfix mod initialized
[26Jul2026 00:23:44.568] [modloading-worker-0/INFO] [voicechat/]: [voicechat] Loading plugins
[26Jul2026 00:23:44.571] [modloading-worker-0/INFO] [com.structureessentials.StructureEssentials/]: structureessentials mod initialized
[26Jul2026 00:23:44.575] [modloading-worker-0/INFO] [voicechat/]: [voicechat] Loaded 0 plugin(s)
[26Jul2026 00:23:44.582] [modloading-worker-0/INFO] [voicechat/]: [voicechat] Initializing plugins
[26Jul2026 00:23:44.582] [modloading-worker-0/INFO] [voicechat/]: [voicechat] Initialized 0 plugin(s)
[26Jul2026 00:23:44.704] [modloading-worker-0/INFO] [com.dragonfight.DragonfightMod/]: dragonfight mod initialized
[26Jul2026 00:23:44.720] [modloading-worker-0/INFO] [io.redspace.enderchestmod.IronEnderChests/]: HELLO FROM COMMON SETUP
[26Jul2026 00:23:44.721] [modloading-worker-0/INFO] [io.redspace.enderchestmod.IronEnderChests/]: DIRT BLOCK >> minecraft:dirt
[26Jul2026 00:23:44.781] [modloading-worker-0/INFO] [org.betterx.worlds.together.util.Logger/]: [bclib] Added Config bclib.generator to auto sync (file hash)
[26Jul2026 00:23:44.786] [modloading-worker-0/INFO] [org.betterx.worlds.together.util.Logger/]: [bclib] Added Config bclib.main to auto sync (content diff)
[26Jul2026 00:23:44.790] [modloading-worker-0/INFO] [org.betterx.worlds.together.util.Logger/]: [bclib] Added Config bclib.biomes to auto sync (file hash)
[26Jul2026 00:23:44.810] [modloading-worker-0/INFO] [FTB Library/]: Setting game stages provider implementation to: KubeJS Stages
[26Jul2026 00:23:44.810] [modloading-worker-0/INFO] [FTB XMod Compat/]: Chose [KubeJS Stages] as the active game stages implementation
[26Jul2026 00:23:44.823] [modloading-worker-0/INFO] [FTB XMod Compat/]: Chose [FALLBACK] as the active permissions implementation
[26Jul2026 00:23:44.823] [modloading-worker-0/INFO] [FTB XMod Compat/]: [FTB Quests] recipe helper provider is [NO-OP]
[26Jul2026 00:23:44.909] [Forge Version Check/INFO] [net.minecraftforge.fml.VersionChecker/]: [easyanvils] Found status: UP_TO_DATE Current: 8.0.2 Target: null
[26Jul2026 00:23:44.909] [Forge Version Check/INFO] [net.minecraftforge.fml.VersionChecker/]: [mcwwindows] Starting version check at https://raw.githubusercontent.com/sketchmacaw/macawsmods/master/window.json
[26Jul2026 00:23:44.925] [Forge Version Check/INFO] [net.minecraftforge.fml.VersionChecker/]: [mcwwindows] Found status: OUTDATED Current: 2.2.1 Target: 2.4.2
[26Jul2026 00:23:44.930] [Forge Version Check/INFO] [net.minecraftforge.fml.VersionChecker/]: [supplementaries] Starting version check at https://api.modrinth.com/updates/supplementaries/forge_updates.json
[26Jul2026 00:23:45.008] [modloading-worker-0/INFO] [com.farsight.FarsightMod/]: farsight_view mod initialized
[26Jul2026 00:23:45.025] [modloading-worker-0/INFO] [STDOUT/]: [toni.lib.TxniLib:onInitialize:70]: TxniLib onInitialize!!
[26Jul2026 00:23:45.041] [modloading-worker-0/INFO] [com.brutalbosses.BrutalBosses/]: brutalbosses mod initialized
[26Jul2026 00:23:45.112] [Forge Version Check/INFO] [net.minecraftforge.fml.VersionChecker/]: [supplementaries] Found status: OUTDATED Current: 1.20-3.1.43 Target: 1.20-3.1.43-forge
[26Jul2026 00:23:45.114] [Forge Version Check/INFO] [net.minecraftforge.fml.VersionChecker/]: [structure_gel] Starting version check at http://changelogs.moddinglegacy.com/structure-gel.json
[26Jul2026 00:23:45.296] [Forge Version Check/INFO] [net.minecraftforge.fml.VersionChecker/]: [structure_gel] Found status: BETA Current: 2.16.2 Target: null
[26Jul2026 00:23:45.296] [Forge Version Check/INFO] [net.minecraftforge.fml.VersionChecker/]: [searchables] Starting version check at https://updates.blamejared.com/get?n=searchables&gv=1.20.1
[26Jul2026 00:23:45.417] [main/INFO] [Supplementaries/]: Finished mod setup in: [0, 5, 0, 2, 0, 0, 18, 6] ms
[26Jul2026 00:23:45.501] [main/INFO] [com.tiviacz.travelersbackpack.TravelersBackpack/]: Registered the FluidEffect with Unique ID of minecraft:water for Water (Fluid Amount Required: 1000) with the ID 0
[26Jul2026 00:23:45.501] [main/INFO] [com.tiviacz.travelersbackpack.TravelersBackpack/]: Registered the FluidEffect with Unique ID of minecraft:lava for Lava (Fluid Amount Required: 1000) with the ID 1
[26Jul2026 00:23:45.501] [main/INFO] [com.tiviacz.travelersbackpack.TravelersBackpack/]: Registered the FluidEffect with Unique ID of travelersbackpack:potion for Uncraftable Potion (Fluid Amount Required: 250) with the ID 2
[26Jul2026 00:23:45.502] [main/INFO] [com.tiviacz.travelersbackpack.TravelersBackpack/]: Registered the FluidEffect with Unique ID of minecraft:milk for Milk (Fluid Amount Required: 1000) with the ID 3
[26Jul2026 00:23:45.560] [main/INFO] [zeta/]: Common setup: Performing initial refresh of zeta's config on thread 'main'
[26Jul2026 00:23:45.562] [main/INFO] [zeta/]: 'zeta' is enabling Zeta's piston structure resolver.
[26Jul2026 00:23:45.563] [main/INFO] [zeta/]: Waiting for server start before accepting filewatcher changes to zeta's config
[26Jul2026 00:23:45.595] [main/INFO] [Framework/SYNCED_ENTITY_DATA]: Registered synced data key backpacked:unlock_tracker for minecraft:player
[26Jul2026 00:23:45.595] [main/INFO] [Framework/SYNCED_ENTITY_DATA]: Registered synced data key backpacked:trader_pickpocketing for minecraft:wandering_trader
[26Jul2026 00:23:45.643] [Forge Version Check/INFO] [net.minecraftforge.fml.VersionChecker/]: [searchables] Found status: BETA Current: 1.0.3 Target: 1.0.3
[26Jul2026 00:23:45.643] [Forge Version Check/INFO] [net.minecraftforge.fml.VersionChecker/]: [mr_dungeons_andtaverns] Starting version check at https://api.modrinth.com/updates/tpehi7ww/forge_updates.json
[26Jul2026 00:23:45.713] [Forge Version Check/INFO] [net.minecraftforge.fml.VersionChecker/]: [mr_dungeons_andtaverns] Found status: OUTDATED Current: 3.0.3.f Target: 3.0.3.f+mod
[26Jul2026 00:23:45.713] [Forge Version Check/INFO] [net.minecraftforge.fml.VersionChecker/]: [tombstone] Starting version check at https://raw.githubusercontent.com/Corail31/tombstone_lite/master/update.json
[26Jul2026 00:23:45.726] [Forge Version Check/INFO] [net.minecraftforge.fml.VersionChecker/]: [tombstone] Found status: OUTDATED Current: 8.6.6 Target: 9.1.3
[26Jul2026 00:23:45.727] [Forge Version Check/INFO] [net.minecraftforge.fml.VersionChecker/]: [soulfired] Starting version check at https://api.modrinth.com/updates/soul-fire-d/forge_updates.json
[26Jul2026 00:23:45.763] [Forge Version Check/INFO] [net.minecraftforge.fml.VersionChecker/]: [soulfired] Found status: OUTDATED Current: 3.2.1.0 Target: 4.0.11
[26Jul2026 00:23:45.763] [Forge Version Check/INFO] [net.minecraftforge.fml.VersionChecker/]: [cfm] Starting version check at https://mrcrayfish.com/modupdatejson?id=cfm
[26Jul2026 00:23:45.806] [main/INFO] [Moonlight/]: Initialized color sets in 69ms
[26Jul2026 00:23:45.872] [Forge Version Check/WARN] [net.minecraftforge.fml.VersionChecker/]: Failed to process update information
com.google.gson.JsonSyntaxException: java.lang.IllegalStateException: Expected BEGIN_OBJECT but was STRING at line 1 column 1 path $
	at com.google.gson.Gson.fromJson(Gson.java:1226) ~[gson-2.10.jar%2372!/:?]
	at com.google.gson.Gson.fromJson(Gson.java:1124) ~[gson-2.10.jar%2372!/:?]
	at com.google.gson.Gson.fromJson(Gson.java:1034) ~[gson-2.10.jar%2372!/:?]
	at com.google.gson.Gson.fromJson(Gson.java:969) ~[gson-2.10.jar%2372!/:?]
	at net.minecraftforge.fml.VersionChecker$1.process(VersionChecker.java:183) ~[?:?]
	at java.lang.Iterable.forEach(Iterable.java:75) ~[?:?]
	at net.minecraftforge.fml.VersionChecker$1.run(VersionChecker.java:114) ~[?:?]
Caused by: java.lang.IllegalStateException: Expected BEGIN_OBJECT but was STRING at line 1 column 1 path $
	at com.google.gson.stream.JsonReader.beginObject(JsonReader.java:393) ~[gson-2.10.jar%2372!/:?]
	at com.google.gson.internal.bind.MapTypeAdapterFactory$Adapter.read(MapTypeAdapterFactory.java:182) ~[gson-2.10.jar%2372!/:?]
	at com.google.gson.internal.bind.MapTypeAdapterFactory$Adapter.read(MapTypeAdapterFactory.java:144) ~[gson-2.10.jar%2372!/:?]
	at com.google.gson.Gson.fromJson(Gson.java:1214) ~[gson-2.10.jar%2372!/:?]
	... 6 more
[26Jul2026 00:23:45.872] [Forge Version Check/INFO] [net.minecraftforge.fml.VersionChecker/]: [fastload] Starting version check at https://github.com/BumbleSoftware/Fastload/raw/Forge-1.20.1/updates.json
[26Jul2026 00:23:45.961] [Forge Version Check/INFO] [net.minecraftforge.fml.VersionChecker/]: [fastload] Found status: UP_TO_DATE Current: 3.4.0 Target: null
[26Jul2026 00:23:45.961] [Forge Version Check/INFO] [net.minecraftforge.fml.VersionChecker/]: [goblintraders] Starting version check at https://mrcrayfish.com/modupdatejson?id=goblintraders
[26Jul2026 00:23:45.983] [Forge Version Check/WARN] [net.minecraftforge.fml.VersionChecker/]: Failed to process update information
com.google.gson.JsonSyntaxException: java.lang.IllegalStateException: Expected BEGIN_OBJECT but was STRING at line 1 column 1 path $
	at com.google.gson.Gson.fromJson(Gson.java:1226) ~[gson-2.10.jar%2372!/:?]
	at com.google.gson.Gson.fromJson(Gson.java:1124) ~[gson-2.10.jar%2372!/:?]
	at com.google.gson.Gson.fromJson(Gson.java:1034) ~[gson-2.10.jar%2372!/:?]
	at com.google.gson.Gson.fromJson(Gson.java:969) ~[gson-2.10.jar%2372!/:?]
	at net.minecraftforge.fml.VersionChecker$1.process(VersionChecker.java:183) ~[?:?]
	at java.lang.Iterable.forEach(Iterable.java:75) ~[?:?]
	at net.minecraftforge.fml.VersionChecker$1.run(VersionChecker.java:114) ~[?:?]
Caused by: java.lang.IllegalStateException: Expected BEGIN_OBJECT but was STRING at line 1 column 1 path $
	at com.google.gson.stream.JsonReader.beginObject(JsonReader.java:393) ~[gson-2.10.jar%2372!/:?]
	at com.google.gson.internal.bind.MapTypeAdapterFactory$Adapter.read(MapTypeAdapterFactory.java:182) ~[gson-2.10.jar%2372!/:?]
	at com.google.gson.internal.bind.MapTypeAdapterFactory$Adapter.read(MapTypeAdapterFactory.java:144) ~[gson-2.10.jar%2372!/:?]
	at com.google.gson.Gson.fromJson(Gson.java:1214) ~[gson-2.10.jar%2372!/:?]
	... 6 more
[26Jul2026 00:23:45.983] [Forge Version Check/INFO] [net.minecraftforge.fml.VersionChecker/]: [travelersbackpack] Starting version check at https://gist.githubusercontent.com/Tiviacz1337/906937677aa472285dff9d6c2a189d5e/raw
[26Jul2026 00:23:46.044] [Forge Version Check/INFO] [net.minecraftforge.fml.VersionChecker/]: [travelersbackpack] Found status: OUTDATED Current: 9.1.14 Target: 9.1.16
[26Jul2026 00:23:46.045] [Forge Version Check/INFO] [net.minecraftforge.fml.VersionChecker/]: [crafttweaker] Starting version check at https://updates.blamejared.com/get?n=crafttweaker&gv=1.20.1
[26Jul2026 00:23:46.145] [Forge Version Check/INFO] [net.minecraftforge.fml.VersionChecker/]: [crafttweaker] Found status: BETA_OUTDATED Current: 14.0.40 Target: 14.0.60
[26Jul2026 00:23:46.145] [Forge Version Check/INFO] [net.minecraftforge.fml.VersionChecker/]: [puzzlesaccessapi] Starting version check at https://raw.githubusercontent.com/Fuzss/modresources/main/update/puzzlesaccessapi.json
[26Jul2026 00:23:46.159] [Forge Version Check/INFO] [net.minecraftforge.fml.VersionChecker/]: [puzzlesaccessapi] Found status: BETA Current: 20.1.1 Target: null
[26Jul2026 00:23:46.159] [Forge Version Check/INFO] [net.minecraftforge.fml.VersionChecker/]: [forge] Starting version check at https://files.minecraftforge.net/net/minecraftforge/forge/promotions_slim.json
[26Jul2026 00:23:46.250] [Forge Version Check/INFO] [net.minecraftforge.fml.VersionChecker/]: [forge] Found status: OUTDATED Current: 47.3.7 Target: 47.4.10
[26Jul2026 00:23:46.250] [Forge Version Check/INFO] [net.minecraftforge.fml.VersionChecker/]: [voicechat] Starting version check at https://update.maxhenkel.de/forge/voicechat
[26Jul2026 00:23:46.291] [modloading-worker-0/INFO] [net.xalcon.torchmaster.Torchmaster/]: Applying mega torch entity block list overrides...
[26Jul2026 00:23:46.292] [modloading-worker-0/INFO] [net.xalcon.torchmaster.Torchmaster/]: Applying dread lamp entity block list overrides...
[26Jul2026 00:23:46.899] [Forge Version Check/INFO] [net.minecraftforge.fml.VersionChecker/]: [voicechat] Found status: UP_TO_DATE Current: 1.20.1-2.6.21 Target: null
[26Jul2026 00:23:46.899] [Forge Version Check/INFO] [net.minecraftforge.fml.VersionChecker/]: [trade_cycling] Starting version check at https://update.maxhenkel.de/forge/trade_cycling
[26Jul2026 00:23:46.995] [Forge Version Check/INFO] [net.minecraftforge.fml.VersionChecker/]: [trade_cycling] Found status: OUTDATED Current: 1.20.1-1.0.10 Target: 1.20.1-1.0.18
[26Jul2026 00:23:46.995] [Forge Version Check/INFO] [net.minecraftforge.fml.VersionChecker/]: [backpacked] Starting version check at https://mrcrayfish.com/modupdatejson?id=backpacked
[26Jul2026 00:23:47.017] [Forge Version Check/WARN] [net.minecraftforge.fml.VersionChecker/]: Failed to process update information
com.google.gson.JsonSyntaxException: java.lang.IllegalStateException: Expected BEGIN_OBJECT but was STRING at line 1 column 1 path $
	at com.google.gson.Gson.fromJson(Gson.java:1226) ~[gson-2.10.jar%2372!/:?]
	at com.google.gson.Gson.fromJson(Gson.java:1124) ~[gson-2.10.jar%2372!/:?]
	at com.google.gson.Gson.fromJson(Gson.java:1034) ~[gson-2.10.jar%2372!/:?]
	at com.google.gson.Gson.fromJson(Gson.java:969) ~[gson-2.10.jar%2372!/:?]
	at net.minecraftforge.fml.VersionChecker$1.process(VersionChecker.java:183) ~[?:?]
	at java.lang.Iterable.forEach(Iterable.java:75) ~[?:?]
	at net.minecraftforge.fml.VersionChecker$1.run(VersionChecker.java:114) ~[?:?]
Caused by: java.lang.IllegalStateException: Expected BEGIN_OBJECT but was STRING at line 1 column 1 path $
	at com.google.gson.stream.JsonReader.beginObject(JsonReader.java:393) ~[gson-2.10.jar%2372!/:?]
	at com.google.gson.internal.bind.MapTypeAdapterFactory$Adapter.read(MapTypeAdapterFactory.java:182) ~[gson-2.10.jar%2372!/:?]
	at com.google.gson.internal.bind.MapTypeAdapterFactory$Adapter.read(MapTypeAdapterFactory.java:144) ~[gson-2.10.jar%2372!/:?]
	at com.google.gson.Gson.fromJson(Gson.java:1214) ~[gson-2.10.jar%2372!/:?]
	... 6 more
[26Jul2026 00:23:47.017] [Forge Version Check/INFO] [net.minecraftforge.fml.VersionChecker/]: [puzzleslib] Starting version check at https://raw.githubusercontent.com/Fuzss/modresources/main/update/puzzleslib.json
[26Jul2026 00:23:47.029] [Forge Version Check/INFO] [net.minecraftforge.fml.VersionChecker/]: [puzzleslib] Found status: UP_TO_DATE Current: 8.1.33 Target: null
[26Jul2026 00:23:47.029] [Forge Version Check/INFO] [net.minecraftforge.fml.VersionChecker/]: [sleeping_bags] Starting version check at https://update.maxhenkel.de/forge/sleeping_bags
[26Jul2026 00:23:47.125] [Forge Version Check/INFO] [net.minecraftforge.fml.VersionChecker/]: [sleeping_bags] Found status: AHEAD Current: 1.20.1-1.0.9 Target: null
[26Jul2026 00:23:47.125] [Forge Version Check/INFO] [net.minecraftforge.fml.VersionChecker/]: [controlling] Starting version check at https://updates.blamejared.com/get?n=controlling&gv=1.20.1
[26Jul2026 00:23:47.188] [main/INFO] [com.mojang.authlib.yggdrasil.YggdrasilAuthenticationService/]: Environment: authHost='https://authserver.mojang.com', accountsHost='https://api.mojang.com', sessionHost='https://sessionserver.mojang.com', servicesHost='https://api.minecraftservices.com', name='PROD'
[26Jul2026 00:23:47.228] [Forge Version Check/INFO] [net.minecraftforge.fml.VersionChecker/]: [controlling] Found status: BETA Current: 12.0.2 Target: 12.0.2
[26Jul2026 00:23:47.228] [Forge Version Check/INFO] [net.minecraftforge.fml.VersionChecker/]: [fastitemframes] Starting version check at https://raw.githubusercontent.com/Fuzss/modresources/main/update/fastitemframes.json
[26Jul2026 00:23:47.244] [Forge Version Check/INFO] [net.minecraftforge.fml.VersionChecker/]: [fastitemframes] Found status: UP_TO_DATE Current: 20.1.5 Target: null
[26Jul2026 00:23:47.245] [Forge Version Check/INFO] [net.minecraftforge.fml.VersionChecker/]: [bookshelf] Starting version check at https://updates.blamejared.com/get?n=bookshelf&gv=1.20.1
[26Jul2026 00:23:47.348] [Forge Version Check/INFO] [net.minecraftforge.fml.VersionChecker/]: [bookshelf] Found status: BETA_OUTDATED Current: 20.2.13 Target: 20.2.15
[26Jul2026 00:23:47.348] [Forge Version Check/INFO] [net.minecraftforge.fml.VersionChecker/]: [uteamcore] Starting version check at https://api.u-team.info/update/uteamcore.json
[26Jul2026 00:23:47.582] [Forge Version Check/INFO] [net.minecraftforge.fml.VersionChecker/]: [uteamcore] Found status: UP_TO_DATE Current: 5.1.4.382 Target: null
[26Jul2026 00:23:47.583] [Forge Version Check/INFO] [net.minecraftforge.fml.VersionChecker/]: [mcwdoors] Starting version check at https://raw.githubusercontent.com/sketchmacaw/macawsmods/master/doors.json
[26Jul2026 00:23:47.594] [Forge Version Check/INFO] [net.minecraftforge.fml.VersionChecker/]: [mcwdoors] Found status: OUTDATED Current: 1.1.1 Target: 1.1.2
[26Jul2026 00:23:47.594] [Forge Version Check/INFO] [net.minecraftforge.fml.VersionChecker/]: [diagonalblocks] Starting version check at https://raw.githubusercontent.com/Fuzss/modresources/main/update/diagonalblocks.json
[26Jul2026 00:23:47.603] [Forge Version Check/INFO] [net.minecraftforge.fml.VersionChecker/]: [diagonalblocks] Found status: BETA Current: 8.0.5 Target: null
[26Jul2026 00:23:47.603] [Forge Version Check/INFO] [net.minecraftforge.fml.VersionChecker/]: [camera] Starting version check at https://update.maxhenkel.de/forge/camera
[26Jul2026 00:23:47.702] [Forge Version Check/INFO] [net.minecraftforge.fml.VersionChecker/]: [camera] Found status: OUTDATED Current: 1.20.1-1.0.8 Target: 1.20.1-1.0.20
[26Jul2026 00:23:47.702] [Forge Version Check/INFO] [net.minecraftforge.fml.VersionChecker/]: [easymagic] Starting version check at https://raw.githubusercontent.com/Fuzss/modresources/main/update/easymagic.json
[26Jul2026 00:23:47.714] [Forge Version Check/INFO] [net.minecraftforge.fml.VersionChecker/]: [easymagic] Found status: UP_TO_DATE Current: 8.0.1 Target: null
[26Jul2026 00:23:47.714] [Forge Version Check/INFO] [net.minecraftforge.fml.VersionChecker/]: [reap] Starting version check at https://update.maxhenkel.de/forge/reap
[26Jul2026 00:23:47.812] [Forge Version Check/INFO] [net.minecraftforge.fml.VersionChecker/]: [reap] Found status: AHEAD Current: 1.20.1-1.1.2 Target: null
[26Jul2026 00:23:47.812] [Forge Version Check/INFO] [net.minecraftforge.fml.VersionChecker/]: [clumps] Starting version check at https://updates.blamejared.com/get?n=clumps&gv=1.20.1
[26Jul2026 00:23:47.856] [main/INFO] [org.betterx.worlds.together.util.Logger/]: [DataFixerAPI] Applying Patch{bclib:3.0.11:12582923}
[26Jul2026 00:23:47.856] [main/INFO] [org.betterx.worlds.together.util.Logger/]: [bclib] Running Pre Patchers on ./world/.
[26Jul2026 00:23:47.880] [main/WARN] [org.betterx.worlds.together.util.Logger/]: [bclib] Applying Fixes on Level
[26Jul2026 00:23:47.885] [main/INFO] [org.betterx.worlds.together.util.Logger/]: [DataFixerAPI] Inspecting level.dat in ./world/.
[26Jul2026 00:23:47.886] [main/INFO] [org.betterx.worlds.together.util.Logger/]: [DataFixerAPI] Inspecting ./world/./region/r.-2.0.mca
[26Jul2026 00:23:47.889] [ForkJoinPool.commonPool-worker-2/INFO] [org.betterx.worlds.together.util.Logger/]: [DataFixerAPI] Inspecting ./world/./entities/r.0.0.mca
[26Jul2026 00:23:47.889] [ForkJoinPool.commonPool-worker-1/INFO] [org.betterx.worlds.together.util.Logger/]: [DataFixerAPI] Inspecting ./world/./poi/r.-1.0.mca
[26Jul2026 00:23:47.889] [ForkJoinPool.commonPool-worker-3/INFO] [org.betterx.worlds.together.util.Logger/]: [DataFixerAPI] Inspecting ./world/./entities/r.-1.0.mca
[26Jul2026 00:23:47.901] [ForkJoinPool.commonPool-worker-2/INFO] [org.betterx.worlds.together.util.Logger/]: [DataFixerAPI] Inspecting ./world/./entities/r.-1.-1.mca
[26Jul2026 00:23:47.902] [ForkJoinPool.commonPool-worker-2/INFO] [org.betterx.worlds.together.util.Logger/]: [DataFixerAPI] Inspecting ./world/./poi/r.-1.1.mca
[26Jul2026 00:23:47.904] [ForkJoinPool.commonPool-worker-2/INFO] [org.betterx.worlds.together.util.Logger/]: [DataFixerAPI] Inspecting ./world/./poi/r.0.0.mca
[26Jul2026 00:23:47.904] [ForkJoinPool.commonPool-worker-1/INFO] [org.betterx.worlds.together.util.Logger/]: [DataFixerAPI] Inspecting ./world/./entities/r.-1.1.mca
[26Jul2026 00:23:47.905] [ForkJoinPool.commonPool-worker-1/INFO] [org.betterx.worlds.together.util.Logger/]: [DataFixerAPI] Inspecting ./world/./region/r.-1.-1.mca
[26Jul2026 00:23:47.905] [ForkJoinPool.commonPool-worker-2/INFO] [org.betterx.worlds.together.util.Logger/]: [DataFixerAPI] Inspecting ./world/./region/r.-2.1.mca
[26Jul2026 00:23:47.906] [ForkJoinPool.commonPool-worker-3/INFO] [org.betterx.worlds.together.util.Logger/]: [DataFixerAPI] Inspecting ./world/./entities/r.0.-1.mca
[26Jul2026 00:23:47.907] [ForkJoinPool.commonPool-worker-3/INFO] [org.betterx.worlds.together.util.Logger/]: [DataFixerAPI] Inspecting ./world/./region/r.0.1.mca
[26Jul2026 00:23:47.910] [ForkJoinPool.commonPool-worker-1/INFO] [org.betterx.worlds.together.util.Logger/]: [DataFixerAPI] Inspecting ./world/./region/r.-1.1.mca
[26Jul2026 00:23:47.920] [main/INFO] [org.betterx.worlds.together.util.Logger/]: [DataFixerAPI] Inspecting ./world/./region/r.0.0.mca
[26Jul2026 00:23:47.920] [ForkJoinPool.commonPool-worker-2/INFO] [org.betterx.worlds.together.util.Logger/]: [DataFixerAPI] Inspecting ./world/./region/r.-1.0.mca
[26Jul2026 00:23:47.928] [Forge Version Check/INFO] [net.minecraftforge.fml.VersionChecker/]: [clumps] Found status: BETA Current: 12.0.0.4 Target: 12.0.0.4
[26Jul2026 00:23:47.929] [Forge Version Check/INFO] [net.minecraftforge.fml.VersionChecker/]: [journeymap] Starting version check at https://forge.curseupdate.com/32274/journeymap
[26Jul2026 00:23:47.944] [ForkJoinPool.commonPool-worker-3/INFO] [org.betterx.worlds.together.util.Logger/]: [DataFixerAPI] Inspecting ./world/./region/r.0.-1.mca
[26Jul2026 00:23:48.085] [Forge Version Check/INFO] [net.minecraftforge.fml.VersionChecker/]: [journeymap] Found status: OUTDATED Current: 1.20.1-6.0.0-beta.5 Target: 5.10.3
[26Jul2026 00:23:48.087] [Forge Version Check/INFO] [net.minecraftforge.fml.VersionChecker/]: [storagenetwork] Starting version check at https://raw.githubusercontent.com/Lothrazar/Storage-Network/trunk/1.19/update.json
[26Jul2026 00:23:48.099] [Forge Version Check/INFO] [net.minecraftforge.fml.VersionChecker/]: [storagenetwork] Found status: BETA Current: 1.10.0 Target: null
[26Jul2026 00:23:48.102] [Forge Version Check/INFO] [net.minecraftforge.fml.VersionChecker/]: [configured] Starting version check at https://mrcrayfish.com/modupdatejson?id=configured
[26Jul2026 00:23:48.124] [Forge Version Check/WARN] [net.minecraftforge.fml.VersionChecker/]: Failed to process update information
com.google.gson.JsonSyntaxException: java.lang.IllegalStateException: Expected BEGIN_OBJECT but was STRING at line 1 column 1 path $
	at com.google.gson.Gson.fromJson(Gson.java:1226) ~[gson-2.10.jar%2372!/:?]
	at com.google.gson.Gson.fromJson(Gson.java:1124) ~[gson-2.10.jar%2372!/:?]
	at com.google.gson.Gson.fromJson(Gson.java:1034) ~[gson-2.10.jar%2372!/:?]
	at com.google.gson.Gson.fromJson(Gson.java:969) ~[gson-2.10.jar%2372!/:?]
	at net.minecraftforge.fml.VersionChecker$1.process(VersionChecker.java:183) ~[?:?]
	at java.lang.Iterable.forEach(Iterable.java:75) ~[?:?]
	at net.minecraftforge.fml.VersionChecker$1.run(VersionChecker.java:114) ~[?:?]
Caused by: java.lang.IllegalStateException: Expected BEGIN_OBJECT but was STRING at line 1 column 1 path $
	at com.google.gson.stream.JsonReader.beginObject(JsonReader.java:393) ~[gson-2.10.jar%2372!/:?]
	at com.google.gson.internal.bind.MapTypeAdapterFactory$Adapter.read(MapTypeAdapterFactory.java:182) ~[gson-2.10.jar%2372!/:?]
	at com.google.gson.internal.bind.MapTypeAdapterFactory$Adapter.read(MapTypeAdapterFactory.java:144) ~[gson-2.10.jar%2372!/:?]
	at com.google.gson.Gson.fromJson(Gson.java:1214) ~[gson-2.10.jar%2372!/:?]
	... 6 more
[26Jul2026 00:23:48.125] [Forge Version Check/INFO] [net.minecraftforge.fml.VersionChecker/]: [enchdesc] Starting version check at https://updates.blamejared.com/get?n=enchdesc&gv=1.20.1
[26Jul2026 00:23:48.152] [main/INFO] [org.betterx.worlds.together.util.Logger/]: [DataFixerAPI] Updating Patch-Level for 'bclib' from 0.0.0 to 3.0.11
[26Jul2026 00:23:48.173] [main/WARN] [net.minecraft.server.packs.VanillaPackResourcesBuilder/]: Assets URL 'union:/workspaces/aa.12312301-2/servidor_minecraft/libraries/net/minecraft/server/1.20.1-20230612.114412/server-1.20.1-20230612.114412-srg.jar%23509!/assets/.mcassetsroot' uses unexpected schema
[26Jul2026 00:23:48.174] [main/WARN] [net.minecraft.server.packs.VanillaPackResourcesBuilder/]: Assets URL 'union:/workspaces/aa.12312301-2/servidor_minecraft/libraries/net/minecraft/server/1.20.1-20230612.114412/server-1.20.1-20230612.114412-srg.jar%23509!/data/.mcassetsroot' uses unexpected schema
[26Jul2026 00:23:48.229] [Forge Version Check/INFO] [net.minecraftforge.fml.VersionChecker/]: [enchdesc] Found status: BETA_OUTDATED Current: 17.0.16 Target: 17.1.21
[26Jul2026 00:23:48.229] [Forge Version Check/INFO] [net.minecraftforge.fml.VersionChecker/]: [iceberg] Starting version check at https://mc-update-check.anthonyhilyard.com/520110
[26Jul2026 00:23:48.239] [main/WARN] [mixin/]: @Inject(@At("INVOKE_ASSIGN")) Shift.BY=1 on backpacked.common.mixins.json:common.ServerPlayerGameModeMixin::handler$bgb000$backpacked$OnBlockMined exceeds the maximum allowed value: 0. Increase the value of maxShiftBy to suppress this warning.
[26Jul2026 00:23:48.278] [main/ERROR] [Cristel Lib/]: Cristel Lib Config Pack has no data
[26Jul2026 00:23:48.281] [main/WARN] [Cristel Lib/]: T&T Waystone Patch Pack accepted!
[26Jul2026 00:23:48.414] [Forge Version Check/INFO] [net.minecraftforge.fml.VersionChecker/]: [iceberg] Found status: OUTDATED Current: 1.1.21 Target: 1.1.25
[26Jul2026 00:23:48.414] [Forge Version Check/INFO] [net.minecraftforge.fml.VersionChecker/]: [armorquickswap] Starting version check at https://raw.githubusercontent.com/Fuzss/modresources/main/update/armorquickswap.json
[26Jul2026 00:23:48.428] [Forge Version Check/INFO] [net.minecraftforge.fml.VersionChecker/]: [armorquickswap] Found status: UP_TO_DATE Current: 8.0.0 Target: null
[26Jul2026 00:23:48.428] [Forge Version Check/INFO] [net.minecraftforge.fml.VersionChecker/]: [diagonalfences] Starting version check at https://raw.githubusercontent.com/Fuzss/modresources/main/update/diagonalfences.json
[26Jul2026 00:23:48.445] [Forge Version Check/INFO] [net.minecraftforge.fml.VersionChecker/]: [diagonalfences] Found status: OUTDATED Current: 8.1.4 Target: 8.1.5
[26Jul2026 00:23:49.213] [main/INFO] [KubeJS Server/]: example.js#5: Hello, World! (Loaded server scripts)
[26Jul2026 00:23:49.213] [main/INFO] [KubeJS Server/]: Loaded script server_scripts:example.js in 0.0 s
[26Jul2026 00:23:49.214] [main/INFO] [KubeJS Server/]: Loaded 1/1 KubeJS server scripts in 0.018 s with 0 errors and 0 warnings
[26Jul2026 00:23:49.214] [main/INFO] [KubeJS Server/]: Scripts loaded
[26Jul2026 00:23:49.242] [main/INFO] [com.teamabnormals.blueprint.core.Blueprint/]: Successfully loaded 0 data remolders!
[26Jul2026 00:23:49.251] [main/INFO] [Moonlight/]: Starting runtime resource generation for pack type SERVER_DATA with generators from mods [supplementaries]: [net.mehvahdjukaar.supplementaries.dynamicpack.ServerDynamicResourcesGenerator@5fff1b10]
[26Jul2026 00:23:49.252] [main/INFO] [Moonlight/]: Generating runtime assets for pack Supplementaries Generated Pack (supplementaries)
[26Jul2026 00:23:49.318] [main/INFO] [Supplementaries/]: Generated runtime SERVER_DATA for pack Supplementaries Generated Pack (supplementaries) in: 65 ms (multithreaded)
[26Jul2026 00:23:49.318] [main/INFO] [Moonlight/]: Finished runtime resources generation for 1 packs in a total of 66 ms
[26Jul2026 00:23:50.131] [main/INFO] [com.jtorleonstudios.libraryferret.LibraryFerret/]: Structure placement for `awesomedungeonend:aws_all_end_structures/start_pool`: { spacing: 20, separation: 15, salt: 49082056, useValueFromConfiguration: true}
[26Jul2026 00:23:50.920] [main/INFO] [org.betterx.worlds.together.util.Logger/]: [bclib] Updating Pickers for BCLib - The End  BiomeSource (64e8a65)
[26Jul2026 00:23:50.931] [main/INFO] [org.betterx.worlds.together.util.Logger/]: [bclib] Unable to build Biome List yet
[26Jul2026 00:23:50.931] [main/INFO] [org.betterx.worlds.together.util.Logger/]: [bclib] [BiomeSourceCompat] Combined possible biomes for BCLib - The End  BiomeSource (64e8a65): owned=0, external=0, combined=0
[26Jul2026 00:23:50.933] [main/INFO] [org.betterx.worlds.together.util.Logger/]: [bclib] No Void Biomes found. Disabling by using barrens
[26Jul2026 00:23:50.933] [main/INFO] [org.betterx.worlds.together.util.Logger/]: [bclib] No Barrens Biomes found. Disabling by using land Biomes
[26Jul2026 00:23:50.933] [main/WARN] [org.betterx.worlds.together.util.Logger/]: [bclib] No Center Island Biomes found. Forcing use of vanilla center.
[26Jul2026 00:23:50.947] [main/INFO] [org.betterx.worlds.together.util.Logger/]: [bclib] Make sure features are loaded from terrablender:org.betterx.bclib.api.v2.generator.BCLibEndBiomeSource
[26Jul2026 00:23:50.948] [main/INFO] [org.betterx.worlds.together.util.Logger/]: [bclib] [ChunkGeneratorCompat] Rebuilt featuresPerStep for org.betterx.bclib.api.v2.generator.BCLChunkGenerator@752e707b with 0 possible biomes: 
[26Jul2026 00:23:50.948] [main/INFO] [org.betterx.worlds.together.util.Logger/]: [bclib] Updating Pickers for BCLib - Nether BiomeSource (44c62c5e)
[26Jul2026 00:23:50.948] [main/INFO] [org.betterx.worlds.together.util.Logger/]: [bclib] Unable to build Biome List yet
[26Jul2026 00:23:50.948] [main/INFO] [org.betterx.worlds.together.util.Logger/]: [bclib] [BiomeSourceCompat] Combined possible biomes for BCLib - Nether BiomeSource (44c62c5e): owned=0, external=0, combined=0
[26Jul2026 00:23:50.957] [main/INFO] [org.betterx.worlds.together.util.Logger/]: [bclib] Make sure features are loaded from terrablender:org.betterx.bclib.api.v2.generator.BCLibNetherBiomeSource
[26Jul2026 00:23:50.957] [main/INFO] [org.betterx.worlds.together.util.Logger/]: [bclib] [ChunkGeneratorCompat] Rebuilt featuresPerStep for org.betterx.bclib.api.v2.generator.BCLChunkGenerator@6e7b7d32 with 0 possible biomes: 
[26Jul2026 00:23:50.964] [main/INFO] [org.betterx.worlds.together.util.Logger/]: [bclib] Updating Pickers for BCLib - The End  BiomeSource (5f0cac0c)
[26Jul2026 00:23:50.964] [main/INFO] [org.betterx.worlds.together.util.Logger/]: [bclib] Unable to build Biome List yet
[26Jul2026 00:23:50.965] [main/INFO] [org.betterx.worlds.together.util.Logger/]: [bclib] [BiomeSourceCompat] Combined possible biomes for BCLib - The End  BiomeSource (5f0cac0c): owned=0, external=0, combined=0
[26Jul2026 00:23:50.966] [main/INFO] [org.betterx.worlds.together.util.Logger/]: [bclib] No Void Biomes found. Disabling by using barrens
[26Jul2026 00:23:50.966] [main/INFO] [org.betterx.worlds.together.util.Logger/]: [bclib] No Barrens Biomes found. Disabling by using land Biomes
[26Jul2026 00:23:50.966] [main/WARN] [org.betterx.worlds.together.util.Logger/]: [bclib] No Center Island Biomes found. Forcing use of vanilla center.
[26Jul2026 00:23:50.966] [main/INFO] [org.betterx.worlds.together.util.Logger/]: [bclib] Make sure features are loaded from terrablender:org.betterx.bclib.api.v2.generator.BCLibEndBiomeSource
[26Jul2026 00:23:50.966] [main/INFO] [org.betterx.worlds.together.util.Logger/]: [bclib] [ChunkGeneratorCompat] Rebuilt featuresPerStep for org.betterx.bclib.api.v2.generator.BCLChunkGenerator@793e7700 with 0 possible biomes: 
[26Jul2026 00:23:50.967] [main/INFO] [org.betterx.worlds.together.util.Logger/]: [bclib] Updating Pickers for BCLib - Nether BiomeSource (247c74dc)
[26Jul2026 00:23:50.967] [main/INFO] [org.betterx.worlds.together.util.Logger/]: [bclib] Unable to build Biome List yet
[26Jul2026 00:23:50.967] [main/INFO] [org.betterx.worlds.together.util.Logger/]: [bclib] [BiomeSourceCompat] Combined possible biomes for BCLib - Nether BiomeSource (247c74dc): owned=0, external=0, combined=0
[26Jul2026 00:23:50.967] [main/INFO] [org.betterx.worlds.together.util.Logger/]: [bclib] Make sure features are loaded from terrablender:org.betterx.bclib.api.v2.generator.BCLibNetherBiomeSource
[26Jul2026 00:23:50.967] [main/INFO] [org.betterx.worlds.together.util.Logger/]: [bclib] [ChunkGeneratorCompat] Rebuilt featuresPerStep for org.betterx.bclib.api.v2.generator.BCLChunkGenerator@31e3b067 with 0 possible biomes: 
[26Jul2026 00:23:50.968] [main/INFO] [org.betterx.worlds.together.util.Logger/]: [bclib] Updating Pickers for BCLib - The End  BiomeSource (7222300d)
[26Jul2026 00:23:50.968] [main/INFO] [org.betterx.worlds.together.util.Logger/]: [bclib] Unable to build Biome List yet
[26Jul2026 00:23:50.968] [main/INFO] [org.betterx.worlds.together.util.Logger/]: [bclib] [BiomeSourceCompat] Combined possible biomes for BCLib - The End  BiomeSource (7222300d): owned=0, external=0, combined=0
[26Jul2026 00:23:50.968] [main/INFO] [org.betterx.worlds.together.util.Logger/]: [bclib] No Void Biomes found. Disabling by using barrens
[26Jul2026 00:23:50.968] [main/INFO] [org.betterx.worlds.together.util.Logger/]: [bclib] No Barrens Biomes found. Disabling by using land Biomes
[26Jul2026 00:23:50.968] [main/WARN] [org.betterx.worlds.together.util.Logger/]: [bclib] No Center Island Biomes found. Forcing use of vanilla center.
[26Jul2026 00:23:50.970] [main/INFO] [org.betterx.worlds.together.util.Logger/]: [bclib] Make sure features are loaded from terrablender:org.betterx.bclib.api.v2.generator.BCLibEndBiomeSource
[26Jul2026 00:23:50.970] [main/INFO] [org.betterx.worlds.together.util.Logger/]: [bclib] [ChunkGeneratorCompat] Rebuilt featuresPerStep for org.betterx.bclib.api.v2.generator.BCLChunkGenerator@76161b4a with 0 possible biomes: 
[26Jul2026 00:23:50.970] [main/INFO] [org.betterx.worlds.together.util.Logger/]: [bclib] Updating Pickers for BCLib - Nether BiomeSource (74144d8c)
[26Jul2026 00:23:50.970] [main/INFO] [org.betterx.worlds.together.util.Logger/]: [bclib] Unable to build Biome List yet
[26Jul2026 00:23:50.970] [main/INFO] [org.betterx.worlds.together.util.Logger/]: [bclib] [BiomeSourceCompat] Combined possible biomes for BCLib - Nether BiomeSource (74144d8c): owned=0, external=0, combined=0
[26Jul2026 00:23:50.971] [main/INFO] [org.betterx.worlds.together.util.Logger/]: [bclib] Make sure features are loaded from terrablender:org.betterx.bclib.api.v2.generator.BCLibNetherBiomeSource
[26Jul2026 00:23:50.971] [main/INFO] [org.betterx.worlds.together.util.Logger/]: [bclib] [ChunkGeneratorCompat] Rebuilt featuresPerStep for org.betterx.bclib.api.v2.generator.BCLChunkGenerator@7771e75a with 0 possible biomes: 
[26Jul2026 00:23:50.971] [main/INFO] [org.betterx.worlds.together.util.Logger/]: [bclib] Updating Pickers for BCLib - The End  BiomeSource (44851af9)
[26Jul2026 00:23:50.971] [main/INFO] [org.betterx.worlds.together.util.Logger/]: [bclib] Unable to build Biome List yet
[26Jul2026 00:23:50.971] [main/INFO] [org.betterx.worlds.together.util.Logger/]: [bclib] [BiomeSourceCompat] Combined possible biomes for BCLib - The End  BiomeSource (44851af9): owned=0, external=0, combined=0
[26Jul2026 00:23:50.971] [main/INFO] [org.betterx.worlds.together.util.Logger/]: [bclib] No Void Biomes found. Disabling by using barrens
[26Jul2026 00:23:50.971] [main/INFO] [org.betterx.worlds.together.util.Logger/]: [bclib] No Barrens Biomes found. Disabling by using land Biomes
[26Jul2026 00:23:50.971] [main/WARN] [org.betterx.worlds.together.util.Logger/]: [bclib] No Center Island Biomes found. Forcing use of vanilla center.
[26Jul2026 00:23:50.971] [main/INFO] [org.betterx.worlds.together.util.Logger/]: [bclib] Make sure features are loaded from terrablender:org.betterx.bclib.api.v2.generator.BCLibEndBiomeSource
[26Jul2026 00:23:50.971] [main/INFO] [org.betterx.worlds.together.util.Logger/]: [bclib] [ChunkGeneratorCompat] Rebuilt featuresPerStep for org.betterx.bclib.api.v2.generator.BCLChunkGenerator@3a2deef1 with 0 possible biomes: 
[26Jul2026 00:23:50.971] [main/INFO] [org.betterx.worlds.together.util.Logger/]: [bclib] Updating Pickers for BCLib - Nether BiomeSource (441ca83d)
[26Jul2026 00:23:50.972] [main/INFO] [org.betterx.worlds.together.util.Logger/]: [bclib] Unable to build Biome List yet
[26Jul2026 00:23:50.972] [main/INFO] [org.betterx.worlds.together.util.Logger/]: [bclib] [BiomeSourceCompat] Combined possible biomes for BCLib - Nether BiomeSource (441ca83d): owned=0, external=0, combined=0
[26Jul2026 00:23:50.973] [main/INFO] [org.betterx.worlds.together.util.Logger/]: [bclib] Make sure features are loaded from terrablender:org.betterx.bclib.api.v2.generator.BCLibNetherBiomeSource
[26Jul2026 00:23:50.973] [main/INFO] [org.betterx.worlds.together.util.Logger/]: [bclib] [ChunkGeneratorCompat] Rebuilt featuresPerStep for org.betterx.bclib.api.v2.generator.BCLChunkGenerator@7cfacab3 with 0 possible biomes: 
[26Jul2026 00:23:51.863] [main/INFO] [org.betterx.worlds.together.util.Logger/]: [bclib] Updating Pickers for BCLib - Nether BiomeSource (761ab3b4)
[26Jul2026 00:23:51.863] [main/INFO] [org.betterx.worlds.together.util.Logger/]: [bclib] Unable to build Biome List yet
[26Jul2026 00:23:51.863] [main/INFO] [org.betterx.worlds.together.util.Logger/]: [bclib] [BiomeSourceCompat] Combined possible biomes for BCLib - Nether BiomeSource (761ab3b4): owned=0, external=0, combined=0
[26Jul2026 00:23:51.864] [main/INFO] [org.betterx.worlds.together.util.Logger/]: [bclib] Make sure features are loaded from terrablender:org.betterx.bclib.api.v2.generator.BCLibNetherBiomeSource
[26Jul2026 00:23:51.864] [main/INFO] [org.betterx.worlds.together.util.Logger/]: [bclib] [ChunkGeneratorCompat] Rebuilt featuresPerStep for org.betterx.bclib.api.v2.generator.BCLChunkGenerator@4705e116 with 0 possible biomes: 
[26Jul2026 00:23:52.248] [main/INFO] [org.betterx.worlds.together.util.Logger/]: [bclib] Updating Pickers for BCLib - The End  BiomeSource (7e4a1897)
[26Jul2026 00:23:52.248] [main/INFO] [org.betterx.worlds.together.util.Logger/]: [bclib] Unable to build Biome List yet
[26Jul2026 00:23:52.248] [main/INFO] [org.betterx.worlds.together.util.Logger/]: [bclib] [BiomeSourceCompat] Combined possible biomes for BCLib - The End  BiomeSource (7e4a1897): owned=0, external=0, combined=0
[26Jul2026 00:23:52.249] [main/INFO] [org.betterx.worlds.together.util.Logger/]: [bclib] No Void Biomes found. Disabling by using barrens
[26Jul2026 00:23:52.249] [main/INFO] [org.betterx.worlds.together.util.Logger/]: [bclib] No Barrens Biomes found. Disabling by using land Biomes
[26Jul2026 00:23:52.249] [main/WARN] [org.betterx.worlds.together.util.Logger/]: [bclib] No Center Island Biomes found. Forcing use of vanilla center.
[26Jul2026 00:23:52.250] [main/INFO] [org.betterx.worlds.together.util.Logger/]: [bclib] Make sure features are loaded from terrablender:org.betterx.bclib.api.v2.generator.BCLibEndBiomeSource
[26Jul2026 00:23:52.250] [main/INFO] [org.betterx.worlds.together.util.Logger/]: [bclib] [ChunkGeneratorCompat] Rebuilt featuresPerStep for org.betterx.bclib.api.v2.generator.BCLChunkGenerator@361fe792 with 0 possible biomes: 
[26Jul2026 00:23:53.183] [Worker-Main-2/WARN] [artifacts.Artifacts/]: Tag entries for curios:tags/items/magic_book.json cleared by tombstone-1.20.1-8.6.6.jar
[26Jul2026 00:23:53.230] [Worker-Main-2/ERROR] [net.minecraft.tags.TagLoader/]: Couldn't load tag forge:gems as it is missing following references: #forge:gems/ruby (from epicpaladins-0.1.1-1.20.1-forge.jar)
[26Jul2026 00:23:53.261] [Worker-Main-1/ERROR] [net.minecraft.tags.TagLoader/]: Couldn't load tag forge:storage_blocks as it is missing following references: #forge:ores/steel (from epicpaladins-0.1.1-1.20.1-forge.jar)
[26Jul2026 00:23:54.954] [main/INFO] [com.teamabnormals.blueprint.core.Blueprint/]: Loot Modification Manager has loaded 0 modifier groups
[26Jul2026 00:23:55.174] [main/WARN] [net.minecraft.world.level.storage.loot.LootDataManager/]: Found loot table element validation problem in {loot_tables:netherskeletons:entities/crimson_skeleton}.pools[0].entries[1].functions[1]: Parameters [<parameter minecraft:tool>] are not provided in this context
[26Jul2026 00:23:55.174] [main/WARN] [net.minecraft.world.level.storage.loot.LootDataManager/]: Found loot table element validation problem in {loot_tables:netherskeletons:entities/skelly_ghast}.pools[0].entries[0].functions[1]: Parameters [<parameter minecraft:tool>] are not provided in this context
[26Jul2026 00:23:55.174] [main/WARN] [net.minecraft.world.level.storage.loot.LootDataManager/]: Found loot table element validation problem in {loot_tables:dungeons_and_combat:entities/infernus}.pools[2].entries[0].functions[1]: Parameters [<parameter minecraft:tool>] are not provided in this context
[26Jul2026 00:23:55.174] [main/WARN] [net.minecraft.world.level.storage.loot.LootDataManager/]: Found loot table element validation problem in {loot_tables:sons_of_sins:entities/walking_bed}.pools[0].entries[0].functions[1]: Parameters [<parameter minecraft:tool>] are not provided in this context
[26Jul2026 00:23:55.174] [main/WARN] [net.minecraft.world.level.storage.loot.LootDataManager/]: Found loot table element validation problem in {loot_tables:netherskeletons:entities/warped_skeleton}.pools[1].entries[0].functions[1]: Parameters [<parameter minecraft:tool>] are not provided in this context
[26Jul2026 00:23:55.174] [main/WARN] [net.minecraft.world.level.storage.loot.LootDataManager/]: Found loot table element validation problem in {loot_tables:dungeons_and_combat:entities/pyro_knight}.pools[0].entries[0].functions[1]: Parameters [<parameter minecraft:tool>] are not provided in this context
[26Jul2026 00:23:55.174] [main/WARN] [net.minecraft.world.level.storage.loot.LootDataManager/]: Found loot table element validation problem in {loot_tables:sons_of_sins:entities/blud}.pools[0].entries[0].functions[1]: Parameters [<parameter minecraft:tool>] are not provided in this context
[26Jul2026 00:23:55.174] [main/WARN] [net.minecraft.world.level.storage.loot.LootDataManager/]: Found loot table element validation problem in {loot_tables:netherskeletons:entities/warped_skeleton}.pools[0].entries[0].functions[1]: Parameters [<parameter minecraft:tool>] are not provided in this context
[26Jul2026 00:23:55.174] [main/WARN] [net.minecraft.world.level.storage.loot.LootDataManager/]: Found loot table element validation problem in {loot_tables:sons_of_sins:entities/prowler}.pools[0].entries[0].functions[1]: Parameters [<parameter minecraft:tool>] are not provided in this context
[26Jul2026 00:23:55.174] [main/WARN] [net.minecraft.world.level.storage.loot.LootDataManager/]: Found loot table element validation problem in {loot_tables:dungeons_and_combat:entities/lady_blaze}.pools[0].entries[0].functions[1]: Parameters [<parameter minecraft:tool>] are not provided in this context
[26Jul2026 00:23:55.174] [main/WARN] [net.minecraft.world.level.storage.loot.LootDataManager/]: Found loot table element validation problem in {loot_tables:dungeons_and_combat:entities/lady_blaze}.pools[1].entries[0].functions[1]: Parameters [<parameter minecraft:tool>] are not provided in this context
[26Jul2026 00:23:55.174] [main/WARN] [net.minecraft.world.level.storage.loot.LootDataManager/]: Found loot table element validation problem in {loot_tables:dungeons_and_combat:entities/pyro_knight}.pools[1].entries[0].functions[1]: Parameters [<parameter minecraft:tool>] are not provided in this context
[26Jul2026 00:23:55.174] [main/WARN] [net.minecraft.world.level.storage.loot.LootDataManager/]: Found loot table element validation problem in {loot_tables:dungeons_and_combat:entities/lady_blaze}.pools[2].entries[0].functions[1]: Parameters [<parameter minecraft:tool>] are not provided in this context
[26Jul2026 00:23:55.174] [main/WARN] [net.minecraft.world.level.storage.loot.LootDataManager/]: Found loot table element validation problem in {loot_tables:dungeons_and_combat:entities/infernus}.pools[1].entries[0].functions[1]: Parameters [<parameter minecraft:tool>] are not provided in this context
[26Jul2026 00:23:55.174] [main/WARN] [net.minecraft.world.level.storage.loot.LootDataManager/]: Found loot table element validation problem in {loot_tables:sons_of_sins:entities/butcher}.pools[0].entries[0].functions[1]: Parameters [<parameter minecraft:tool>] are not provided in this context
[26Jul2026 00:23:55.174] [main/WARN] [net.minecraft.world.level.storage.loot.LootDataManager/]: Found loot table element validation problem in {loot_tables:netherskeletons:entities/crimson_skeleton}.pools[0].entries[0].functions[1]: Parameters [<parameter minecraft:tool>] are not provided in this context
[26Jul2026 00:23:55.212] [main/INFO] [org.betterx.worlds.together.util.Logger/]: [bclib] Disabling Recipe: bclib:test_star
[26Jul2026 00:23:55.273] [main/ERROR] [net.minecraft.world.item.crafting.RecipeManager/]: Parsing error loading recipe dungeons_and_combat:black_dragon_shield_recipe: com.google.gson.JsonSyntaxException: Unknown item 'iceandfire:dragonbone'
[26Jul2026 00:23:55.282] [main/ERROR] [net.minecraft.world.item.crafting.RecipeManager/]: Parsing error loading recipe dungeons_and_combat:electrict_boots: com.google.gson.JsonSyntaxException: Unknown item 'iceandfire:armor_electric_boots'
[26Jul2026 00:23:55.283] [main/ERROR] [net.minecraft.world.item.crafting.RecipeManager/]: Parsing error loading recipe dungeons_and_combat:dragonsteel_lightning_recipe_long_sword: com.google.gson.JsonSyntaxException: Unknown item 'iceandfire:dragonsteel_lightning_ingot'
[26Jul2026 00:23:55.284] [main/ERROR] [net.minecraft.world.item.crafting.RecipeManager/]: Parsing error loading recipe dungeons_and_combat:blue_helmet: com.google.gson.JsonSyntaxException: Unknown item 'iceandfire:armor_blue_helmet'
[26Jul2026 00:23:55.288] [main/ERROR] [net.minecraft.world.item.crafting.RecipeManager/]: Parsing error loading recipe dungeons_and_combat:silver_dragon_leggings: com.google.gson.JsonSyntaxException: Unknown item 'iceandfire:armor_silver_leggings'
[26Jul2026 00:23:55.300] [main/ERROR] [net.minecraft.world.item.crafting.RecipeManager/]: Parsing error loading recipe dungeons_and_combat:crystal_shield_recipe: com.google.gson.JsonSyntaxException: Unknown item 'tohiro_ores:crystal_smithing_template'
[26Jul2026 00:23:55.301] [main/ERROR] [net.minecraft.world.item.crafting.RecipeManager/]: Parsing error loading recipe dungeons_and_combat:dragon_ice_dagger_recipe: com.google.gson.JsonSyntaxException: Unknown item 'iceandfire:ice_dragon_blood'
[26Jul2026 00:23:55.302] [main/ERROR] [net.minecraft.world.item.crafting.RecipeManager/]: Parsing error loading recipe dungeons_and_combat:wulfrum_uchigatana_recipe: com.google.gson.JsonSyntaxException: Unknown item 'tohiro_ores:wulfrum_ingot'
[26Jul2026 00:23:55.303] [main/ERROR] [net.minecraft.world.item.crafting.RecipeManager/]: Parsing error loading recipe dungeons_and_combat:white_boots: com.google.gson.JsonSyntaxException: Unknown item 'iceandfire:armor_white_boots'
[26Jul2026 00:23:55.312] [main/ERROR] [net.minecraft.world.item.crafting.RecipeManager/]: Parsing error loading recipe dungeons_and_combat:amethyst_dragon_scales_shield: com.google.gson.JsonSyntaxException: Unknown item 'iceandfire:dragonbone'
[26Jul2026 00:23:55.313] [main/ERROR] [net.minecraft.world.item.crafting.RecipeManager/]: Parsing error loading recipe dungeons_and_combat:dragonsteel_fire_recipe_katana: com.google.gson.JsonSyntaxException: Unknown item 'iceandfire:dragonsteel_fire_ingot'
[26Jul2026 00:23:55.313] [main/ERROR] [net.minecraft.world.item.crafting.RecipeManager/]: Parsing error loading recipe dungeons_and_combat:wulfrum_shield_recipe: com.google.gson.JsonSyntaxException: Unknown item 'tohiro_ores:wulfrum_ingot'
[26Jul2026 00:23:55.314] [main/ERROR] [net.minecraft.world.item.crafting.RecipeManager/]: Parsing error loading recipe dungeons_and_combat:bronze_dragon_chestplate: com.google.gson.JsonSyntaxException: Unknown item 'iceandfire:armor_bronze_chestplate'
[26Jul2026 00:23:55.314] [main/INFO] [net.minecraft.world.item.crafting.RecipeManager/]: Skipping loading recipe supplementaries:inspirations/blackboard_clear as it's serializer returned null
[26Jul2026 00:23:55.316] [main/ERROR] [net.minecraft.world.item.crafting.RecipeManager/]: Parsing error loading recipe dungeons_and_combat:light_upgrade_molten_bone_greatsword: com.google.gson.JsonSyntaxException: Unknown item 'dungeons_and_combat:deleted_mod_element'
[26Jul2026 00:23:55.317] [main/ERROR] [net.minecraft.world.item.crafting.RecipeManager/]: Parsing error loading recipe dungeons_and_combat:dragonsteel_fire_chestplate: com.google.gson.JsonSyntaxException: Unknown item 'iceandfire:dragonsteel_fire_chestplate'
[26Jul2026 00:23:55.331] [main/ERROR] [net.minecraft.world.item.crafting.RecipeManager/]: Parsing error loading recipe dungeons_and_combat:dragon_bone_dagger_recipe: com.google.gson.JsonSyntaxException: Unknown item 'iceandfire:dragonbone'
[26Jul2026 00:23:55.344] [main/ERROR] [net.minecraft.world.item.crafting.RecipeManager/]: Parsing error loading recipe dungeons_and_combat:dragonsteel_fire_leggings: com.google.gson.JsonSyntaxException: Unknown item 'iceandfire:dragonsteel_fire_leggings'
[26Jul2026 00:23:55.356] [main/ERROR] [net.minecraft.world.item.crafting.RecipeManager/]: Parsing error loading recipe dungeons_and_combat:bronze_dragon_leggings: com.google.gson.JsonSyntaxException: Unknown item 'iceandfire:armor_bronze_leggings'
[26Jul2026 00:23:55.362] [main/ERROR] [net.minecraft.world.item.crafting.RecipeManager/]: Parsing error loading recipe dungeons_and_combat:cobalt_dagger_recipe: com.google.gson.JsonSyntaxException: Unknown item 'tohiro_ores:cobalt_ingot'
[26Jul2026 00:23:55.363] [main/ERROR] [net.minecraft.world.item.crafting.RecipeManager/]: Parsing error loading recipe dungeons_and_combat:dragonsteel_ice_helmet: com.google.gson.JsonSyntaxException: Unknown item 'iceandfire:dragonsteel_ice_helmet'
[26Jul2026 00:23:55.364] [main/ERROR] [net.minecraft.world.item.crafting.RecipeManager/]: Parsing error loading recipe dungeons_and_combat:dragonsteel_lightning_leggings: com.google.gson.JsonSyntaxException: Unknown item 'iceandfire:dragonsteel_lightning_leggings'
[26Jul2026 00:23:55.365] [main/ERROR] [net.minecraft.world.item.crafting.RecipeManager/]: Parsing error loading recipe dungeons_and_combat:sapphire_dragon_helmet: com.google.gson.JsonSyntaxException: Unknown item 'iceandfire:armor_sapphire_helmet'
[26Jul2026 00:23:55.389] [main/ERROR] [net.minecraft.world.item.crafting.RecipeManager/]: Parsing error loading recipe dungeons_and_combat:dark_metal_leggings: com.google.gson.JsonSyntaxException: Unknown item 'born_in_chaos_v1:dark_metal_armor_leggings'
[26Jul2026 00:23:55.395] [main/ERROR] [net.minecraft.world.item.crafting.RecipeManager/]: Parsing error loading recipe dungeons_and_combat:blue_chestplate: com.google.gson.JsonSyntaxException: Unknown item 'iceandfire:armor_blue_chestplate'
[26Jul2026 00:23:55.395] [main/ERROR] [net.minecraft.world.item.crafting.RecipeManager/]: Parsing error loading recipe dungeons_and_combat:dragon_ice_lance_recipe: com.google.gson.JsonSyntaxException: Unknown item 'iceandfire:ice_dragon_blood'
[26Jul2026 00:23:55.400] [main/ERROR] [net.minecraft.world.item.crafting.RecipeManager/]: Parsing error loading recipe dungeons_and_combat:copper_dragon_scales_shield: com.google.gson.JsonSyntaxException: Unknown item 'iceandfire:dragonbone'
[26Jul2026 00:23:55.407] [main/ERROR] [net.minecraft.world.item.crafting.RecipeManager/]: Parsing error loading recipe dungeons_and_combat:dark_metal_boots: com.google.gson.JsonSyntaxException: Unknown item 'born_in_chaos_v1:dark_metal_armor_boots'
[26Jul2026 00:23:55.408] [main/ERROR] [net.minecraft.world.item.crafting.RecipeManager/]: Parsing error loading recipe dungeons_and_combat:crystal_fist_recipe: com.google.gson.JsonSyntaxException: Unknown item 'tohiro_ores:crystal_smithing_template'
[26Jul2026 00:23:55.411] [main/ERROR] [net.minecraft.world.item.crafting.RecipeManager/]: Parsing error loading recipe dungeons_and_combat:green_boots: com.google.gson.JsonSyntaxException: Unknown item 'iceandfire:armor_green_boots'
[26Jul2026 00:23:55.414] [main/ERROR] [net.minecraft.world.item.crafting.RecipeManager/]: Parsing error loading recipe dungeons_and_combat:dragon_fire_greatsword_recipe: com.google.gson.JsonSyntaxException: Unknown item 'iceandfire:fire_dragon_blood'
[26Jul2026 00:23:55.415] [main/ERROR] [net.minecraft.world.item.crafting.RecipeManager/]: Parsing error loading recipe dungeons_and_combat:black_dragon_helmet: com.google.gson.JsonSyntaxException: Unknown item 'iceandfire:armor_black_helmet'
[26Jul2026 00:23:55.416] [main/ERROR] [net.minecraft.world.item.crafting.RecipeManager/]: Parsing error loading recipe dungeons_and_combat:green_chestplate: com.google.gson.JsonSyntaxException: Unknown item 'iceandfire:armor_green_chestplate'
[26Jul2026 00:23:55.416] [main/ERROR] [net.minecraft.world.item.crafting.RecipeManager/]: Parsing error loading recipe dungeons_and_combat:tin_mace_recipe: com.google.gson.JsonSyntaxException: Unknown item 'tohiro_ores:tin_ingot'
[26Jul2026 00:23:55.417] [main/ERROR] [net.minecraft.world.item.crafting.RecipeManager/]: Parsing error loading recipe dungeons_and_combat:dragonsteel_lightning_shield_recipe: com.google.gson.JsonSyntaxException: Unknown item 'iceandfire:dragonsteel_lightning_ingot'
[26Jul2026 00:23:55.420] [main/ERROR] [net.minecraft.world.item.crafting.RecipeManager/]: Parsing error loading recipe dungeons_and_combat:amethyst_leggings: com.google.gson.JsonSyntaxException: Unknown item 'iceandfire:armor_amythest_leggings'
[26Jul2026 00:23:55.420] [main/ERROR] [net.minecraft.world.item.crafting.RecipeManager/]: Parsing error loading recipe dungeons_and_combat:copper_dragon_leggings: com.google.gson.JsonSyntaxException: Unknown item 'iceandfire:armor_copper_leggings'
[26Jul2026 00:23:55.420] [main/ERROR] [net.minecraft.world.item.crafting.RecipeManager/]: Parsing error loading recipe dungeons_and_combat:dragon_ice_greatsword_recipe: com.google.gson.JsonSyntaxException: Unknown item 'iceandfire:ice_dragon_blood'
[26Jul2026 00:23:55.420] [main/INFO] [net.minecraft.world.item.crafting.RecipeManager/]: Skipping loading recipe supplementaries:inspirations/flag_dye as it's serializer returned null
[26Jul2026 00:23:55.422] [main/ERROR] [net.minecraft.world.item.crafting.RecipeManager/]: Parsing error loading recipe dungeons_and_combat:dragonsteel_lightning_chestplate: com.google.gson.JsonSyntaxException: Unknown item 'iceandfire:dragonsteel_lightning_chestplate'
[26Jul2026 00:23:55.422] [main/ERROR] [net.minecraft.world.item.crafting.RecipeManager/]: Parsing error loading recipe dungeons_and_combat:cobalt_greataxe_recipe: com.google.gson.JsonSyntaxException: Unknown item 'tohiro_ores:cobalt_ingot'
[26Jul2026 00:23:55.428] [main/ERROR] [net.minecraft.world.item.crafting.RecipeManager/]: Parsing error loading recipe dungeons_and_combat:copper_dragon_helmet: com.google.gson.JsonSyntaxException: Unknown item 'iceandfire:armor_copper_helmet'
[26Jul2026 00:23:55.428] [main/ERROR] [net.minecraft.world.item.crafting.RecipeManager/]: Parsing error loading recipe dungeons_and_combat:gray_chestplate: com.google.gson.JsonSyntaxException: Unknown item 'iceandfire:armor_gray_chestplate'
[26Jul2026 00:23:55.437] [main/ERROR] [net.minecraft.world.item.crafting.RecipeManager/]: Parsing error loading recipe dungeons_and_combat:copper_dragon_chestplate: com.google.gson.JsonSyntaxException: Unknown item 'iceandfire:armor_copper_chestplate'
[26Jul2026 00:23:55.438] [main/ERROR] [net.minecraft.world.item.crafting.RecipeManager/]: Parsing error loading recipe dungeons_and_combat:black_dragon_leggings: com.google.gson.JsonSyntaxException: Unknown item 'iceandfire:armor_black_leggings'
[26Jul2026 00:23:55.438] [main/ERROR] [net.minecraft.world.item.crafting.RecipeManager/]: Parsing error loading recipe dungeons_and_combat:silver_dragon_helmet: com.google.gson.JsonSyntaxException: Unknown item 'iceandfire:armor_silver_helmet'
[26Jul2026 00:23:55.441] [main/ERROR] [net.minecraft.world.item.crafting.RecipeManager/]: Parsing error loading recipe dungeons_and_combat:dragonsteel_lightning_boots: com.google.gson.JsonSyntaxException: Unknown item 'iceandfire:dragonsteel_lightning_boots'
[26Jul2026 00:23:55.442] [main/ERROR] [net.minecraft.world.item.crafting.RecipeManager/]: Parsing error loading recipe dungeons_and_combat:gray_boots: com.google.gson.JsonSyntaxException: Unknown item 'iceandfire:armor_gray_boots'
[26Jul2026 00:23:55.452] [main/ERROR] [net.minecraft.world.item.crafting.RecipeManager/]: Parsing error loading recipe dungeons_and_combat:copper_dragon_boots: com.google.gson.JsonSyntaxException: Unknown item 'iceandfire:armor_copper_boots'
[26Jul2026 00:23:55.456] [main/ERROR] [net.minecraft.world.item.crafting.RecipeManager/]: Parsing error loading recipe dungeons_and_combat:dragonsteel_fire_recipe_greatsword: com.google.gson.JsonSyntaxException: Unknown item 'iceandfire:dragonsteel_fire_ingot'
[26Jul2026 00:23:55.457] [main/ERROR] [net.minecraft.world.item.crafting.RecipeManager/]: Parsing error loading recipe dungeons_and_combat:dragonsteel_ice_shield_recipe: com.google.gson.JsonSyntaxException: Unknown item 'iceandfire:dragonsteel_ice_ingot'
[26Jul2026 00:23:55.458] [main/ERROR] [net.minecraft.world.item.crafting.RecipeManager/]: Parsing error loading recipe dungeons_and_combat:tin_greathammer_recipe: com.google.gson.JsonSyntaxException: Unknown item 'tohiro_ores:tin_ingot'
[26Jul2026 00:23:55.461] [main/ERROR] [net.minecraft.world.item.crafting.RecipeManager/]: Parsing error loading recipe dungeons_and_combat:amethyst_chestplate: com.google.gson.JsonSyntaxException: Unknown item 'iceandfire:armor_amythest_chestplate'
[26Jul2026 00:23:55.466] [main/ERROR] [net.minecraft.world.item.crafting.RecipeManager/]: Parsing error loading recipe dungeons_and_combat:red_dragon_scales_shield: com.google.gson.JsonSyntaxException: Unknown item 'iceandfire:dragonbone'
[26Jul2026 00:23:55.467] [main/ERROR] [net.minecraft.world.item.crafting.RecipeManager/]: Parsing error loading recipe dungeons_and_combat:dragon_bone_lance_recipe: com.google.gson.JsonSyntaxException: Unknown item 'iceandfire:dragonbone'
[26Jul2026 00:23:55.467] [main/ERROR] [net.minecraft.world.item.crafting.RecipeManager/]: Parsing error loading recipe dungeons_and_combat:sapphire_dragon_leggings: com.google.gson.JsonSyntaxException: Unknown item 'iceandfire:armor_sapphire_leggings'
[26Jul2026 00:23:55.469] [main/ERROR] [net.minecraft.world.item.crafting.RecipeManager/]: Parsing error loading recipe dungeons_and_combat:dragonsteel_fire_recipe_long_sword: com.google.gson.JsonSyntaxException: Unknown item 'iceandfire:dragonsteel_fire_ingot'
[26Jul2026 00:23:55.473] [main/ERROR] [net.minecraft.world.item.crafting.RecipeManager/]: Parsing error loading recipe dungeons_and_combat:dragonsteel_ice_chestplate: com.google.gson.JsonSyntaxException: Unknown item 'iceandfire:dragonsteel_ice_chestplate'
[26Jul2026 00:23:55.476] [main/ERROR] [net.minecraft.world.item.crafting.RecipeManager/]: Parsing error loading recipe dungeons_and_combat:dragonsteel_fire_shield_recipe: com.google.gson.JsonSyntaxException: Unknown item 'iceandfire:dragonsteel_fire_ingot'
[26Jul2026 00:23:55.482] [main/ERROR] [net.minecraft.world.item.crafting.RecipeManager/]: Parsing error loading recipe dungeons_and_combat:tin_shield_recipe: com.google.gson.JsonSyntaxException: Unknown item 'tohiro_ores:tin_ingot'
[26Jul2026 00:23:55.517] [main/ERROR] [net.minecraft.world.item.crafting.RecipeManager/]: Parsing error loading recipe dungeons_and_combat:white_chestplate: com.google.gson.JsonSyntaxException: Unknown item 'iceandfire:armor_white_chestplate'
[26Jul2026 00:23:55.538] [main/ERROR] [net.minecraft.world.item.crafting.RecipeManager/]: Parsing error loading recipe dungeons_and_combat:crystal_lance_recipe: com.google.gson.JsonSyntaxException: Unknown item 'tohiro_ores:crystal_smithing_template'
[26Jul2026 00:23:55.550] [main/ERROR] [net.minecraft.world.item.crafting.RecipeManager/]: Parsing error loading recipe dungeons_and_combat:dark_metal_helmet: com.google.gson.JsonSyntaxException: Unknown item 'born_in_chaos_v1:dark_metal_armor_helmet'
[26Jul2026 00:23:55.578] [main/ERROR] [net.minecraft.world.item.crafting.RecipeManager/]: Parsing error loading recipe dungeons_and_combat:dragonsteel_lightning_helmet: com.google.gson.JsonSyntaxException: Unknown item 'iceandfire:dragonsteel_lightning_helmet'
[26Jul2026 00:23:55.580] [main/ERROR] [net.minecraft.world.item.crafting.RecipeManager/]: Parsing error loading recipe dungeons_and_combat:gray_helmet: com.google.gson.JsonSyntaxException: Unknown item 'iceandfire:armor_gray_helmet'
[26Jul2026 00:23:55.582] [main/ERROR] [net.minecraft.world.item.crafting.RecipeManager/]: Parsing error loading recipe dungeons_and_combat:blue_dragon_scales_shield: com.google.gson.JsonSyntaxException: Unknown item 'iceandfire:dragonbone'
[26Jul2026 00:23:55.607] [main/ERROR] [net.minecraft.world.item.crafting.RecipeManager/]: Parsing error loading recipe dungeons_and_combat:white_helmet: com.google.gson.JsonSyntaxException: Unknown item 'iceandfire:armor_white_helmet'
[26Jul2026 00:23:55.611] [main/ERROR] [net.minecraft.world.item.crafting.RecipeManager/]: Parsing error loading recipe dungeons_and_combat:cobalt_long_sword_recipe: com.google.gson.JsonSyntaxException: Unknown item 'tohiro_ores:cobalt_ingot'
[26Jul2026 00:23:55.614] [main/ERROR] [net.minecraft.world.item.crafting.RecipeManager/]: Parsing error loading recipe dungeons_and_combat:white_leggings: com.google.gson.JsonSyntaxException: Unknown item 'iceandfire:armor_white_leggings'
[26Jul2026 00:23:55.615] [main/ERROR] [net.minecraft.world.item.crafting.RecipeManager/]: Parsing error loading recipe dungeons_and_combat:gray_dragon_scales_shield: com.google.gson.JsonSyntaxException: Unknown item 'iceandfire:dragonbone'
[26Jul2026 00:23:55.615] [main/ERROR] [net.minecraft.world.item.crafting.RecipeManager/]: Parsing error loading recipe dungeons_and_combat:dragon_lightning_greatsword_recipe: com.google.gson.JsonSyntaxException: Unknown item 'iceandfire:lightning_dragon_blood'
[26Jul2026 00:23:55.616] [main/ERROR] [net.minecraft.world.item.crafting.RecipeManager/]: Parsing error loading recipe dungeons_and_combat:green_dragon_scales_shield: com.google.gson.JsonSyntaxException: Unknown item 'iceandfire:dragonbone'
[26Jul2026 00:23:55.621] [main/ERROR] [net.minecraft.world.item.crafting.RecipeManager/]: Parsing error loading recipe dungeons_and_combat:amethyst_helmet: com.google.gson.JsonSyntaxException: Unknown item 'iceandfire:armor_amythest_helmet'
[26Jul2026 00:23:55.627] [main/INFO] [net.minecraft.world.item.crafting.RecipeManager/]: Skipping loading recipe supplementaries:inspirations/flag_clear as it's serializer returned null
[26Jul2026 00:23:55.627] [main/ERROR] [net.minecraft.world.item.crafting.RecipeManager/]: Parsing error loading recipe dungeons_and_combat:bronze_dragon_helmet: com.google.gson.JsonSyntaxException: Unknown item 'iceandfire:armor_bronze_helmet'
[26Jul2026 00:23:55.627] [main/ERROR] [net.minecraft.world.item.crafting.RecipeManager/]: Parsing error loading recipe dungeons_and_combat:dragonsteel_ice_recipe_greatsword: com.google.gson.JsonSyntaxException: Unknown item 'iceandfire:dragonsteel_ice_ingot'
[26Jul2026 00:23:55.629] [main/ERROR] [net.minecraft.world.item.crafting.RecipeManager/]: Parsing error loading recipe dungeons_and_combat:sapphire_dragon_chestplate: com.google.gson.JsonSyntaxException: Unknown item 'iceandfire:armor_sapphire_chestplate'
[26Jul2026 00:23:55.629] [main/ERROR] [net.minecraft.world.item.crafting.RecipeManager/]: Parsing error loading recipe dungeons_and_combat:silver_dragon_scales_shield: com.google.gson.JsonSyntaxException: Unknown item 'iceandfire:dragonbone'
[26Jul2026 00:23:55.630] [main/ERROR] [net.minecraft.world.item.crafting.RecipeManager/]: Parsing error loading recipe dungeons_and_combat:dragon_fire_dagger_recipe: com.google.gson.JsonSyntaxException: Unknown item 'iceandfire:fire_dragon_blood'
[26Jul2026 00:23:55.639] [main/ERROR] [net.minecraft.world.item.crafting.RecipeManager/]: Parsing error loading recipe dungeons_and_combat:black_dragon_chestplate: com.google.gson.JsonSyntaxException: Unknown item 'iceandfire:armor_black_chestplate'
[26Jul2026 00:23:55.643] [main/ERROR] [net.minecraft.world.item.crafting.RecipeManager/]: Parsing error loading recipe dungeons_and_combat:cobalt_shield_recipe: com.google.gson.JsonSyntaxException: Unknown item 'tohiro_ores:cobalt_ingot'
[26Jul2026 00:23:55.643] [main/ERROR] [net.minecraft.world.item.crafting.RecipeManager/]: Parsing error loading recipe dungeons_and_combat:red_chestplate: com.google.gson.JsonSyntaxException: Unknown item 'iceandfire:armor_red_chestplate'
[26Jul2026 00:23:55.644] [main/ERROR] [net.minecraft.world.item.crafting.RecipeManager/]: Parsing error loading recipe dungeons_and_combat:dragon_bone_greatsword_recipe: com.google.gson.JsonSyntaxException: Unknown item 'iceandfire:dragonbone'
[26Jul2026 00:23:55.644] [main/ERROR] [net.minecraft.world.item.crafting.RecipeManager/]: Parsing error loading recipe dungeons_and_combat:silver_dragon_chestplate: com.google.gson.JsonSyntaxException: Unknown item 'iceandfire:armor_silver_chestplate'
[26Jul2026 00:23:55.645] [main/ERROR] [net.minecraft.world.item.crafting.RecipeManager/]: Parsing error loading recipe dungeons_and_combat:wulfrum_rapier_recipe: com.google.gson.JsonSyntaxException: Unknown item 'tohiro_ores:wulfrum_ingot'
[26Jul2026 00:23:55.645] [main/ERROR] [net.minecraft.world.item.crafting.RecipeManager/]: Parsing error loading recipe dungeons_and_combat:electric_helmet: com.google.gson.JsonSyntaxException: Unknown item 'iceandfire:armor_electric_helmet'
[26Jul2026 00:23:55.645] [main/ERROR] [net.minecraft.world.item.crafting.RecipeManager/]: Parsing error loading recipe dungeons_and_combat:wulfrum_greatsword_recipe: com.google.gson.JsonSyntaxException: Unknown item 'tohiro_ores:wulfrum_ingot'
[26Jul2026 00:23:55.645] [main/ERROR] [net.minecraft.world.item.crafting.RecipeManager/]: Parsing error loading recipe dungeons_and_combat:green_leggings: com.google.gson.JsonSyntaxException: Unknown item 'iceandfire:armor_green_leggings'
[26Jul2026 00:23:55.646] [main/ERROR] [net.minecraft.world.item.crafting.RecipeManager/]: Parsing error loading recipe dungeons_and_combat:sapphire_dragon_shield_recipe: com.google.gson.JsonSyntaxException: Unknown item 'iceandfire:dragonbone'
[26Jul2026 00:23:55.647] [main/ERROR] [net.minecraft.world.item.crafting.RecipeManager/]: Parsing error loading recipe dungeons_and_combat:gray_leggings: com.google.gson.JsonSyntaxException: Unknown item 'iceandfire:armor_gray_leggings'
[26Jul2026 00:23:55.650] [main/ERROR] [net.minecraft.world.item.crafting.RecipeManager/]: Parsing error loading recipe dungeons_and_combat:crystal_greatsword_recipe: com.google.gson.JsonSyntaxException: Unknown item 'tohiro_ores:crystal_smithing_template'
[26Jul2026 00:23:55.650] [main/ERROR] [net.minecraft.world.item.crafting.RecipeManager/]: Parsing error loading recipe dungeons_and_combat:bronze_dragon_boots: com.google.gson.JsonSyntaxException: Unknown item 'iceandfire:armor_bronze_boots'
[26Jul2026 00:23:55.653] [main/ERROR] [net.minecraft.world.item.crafting.RecipeManager/]: Parsing error loading recipe dungeons_and_combat:black_dragon_boots: com.google.gson.JsonSyntaxException: Unknown item 'iceandfire:armor_black_boots'
[26Jul2026 00:23:55.656] [main/ERROR] [net.minecraft.world.item.crafting.RecipeManager/]: Parsing error loading recipe dungeons_and_combat:red_helmet: com.google.gson.JsonSyntaxException: Unknown item 'iceandfire:armor_red_helmet'
[26Jul2026 00:23:55.659] [main/ERROR] [net.minecraft.world.item.crafting.RecipeManager/]: Parsing error loading recipe dungeons_and_combat:blue_boots: com.google.gson.JsonSyntaxException: Unknown item 'iceandfire:armor_blue_boots'
[26Jul2026 00:23:55.659] [main/ERROR] [net.minecraft.world.item.crafting.RecipeManager/]: Parsing error loading recipe dungeons_and_combat:dragonsteel_ice_recipe_katana: com.google.gson.JsonSyntaxException: Unknown item 'iceandfire:dragonsteel_ice_ingot'
[26Jul2026 00:23:55.659] [main/ERROR] [net.minecraft.world.item.crafting.RecipeManager/]: Parsing error loading recipe dungeons_and_combat:dragon_lightning_lance_recipe: com.google.gson.JsonSyntaxException: Unknown item 'iceandfire:lightning_dragon_blood'
[26Jul2026 00:23:55.663] [main/ERROR] [net.minecraft.world.item.crafting.RecipeManager/]: Parsing error loading recipe dungeons_and_combat:dragonsteel_ice_leggings: com.google.gson.JsonSyntaxException: Unknown item 'iceandfire:dragonsteel_ice_leggings'
[26Jul2026 00:23:55.665] [main/ERROR] [net.minecraft.world.item.crafting.RecipeManager/]: Parsing error loading recipe dungeons_and_combat:silver_dragon_boots: com.google.gson.JsonSyntaxException: Unknown item 'iceandfire:armor_silver_boots'
[26Jul2026 00:23:55.665] [main/ERROR] [net.minecraft.world.item.crafting.RecipeManager/]: Parsing error loading recipe dungeons_and_combat:red_boots: com.google.gson.JsonSyntaxException: Unknown item 'iceandfire:armor_red_boots'
[26Jul2026 00:23:55.673] [main/ERROR] [net.minecraft.world.item.crafting.RecipeManager/]: Parsing error loading recipe dungeons_and_combat:green_helmet: com.google.gson.JsonSyntaxException: Unknown item 'iceandfire:armor_green_helmet'
[26Jul2026 00:23:55.677] [main/ERROR] [net.minecraft.world.item.crafting.RecipeManager/]: Parsing error loading recipe dungeons_and_combat:amethyst_boots: com.google.gson.JsonSyntaxException: Unknown item 'iceandfire:armor_amythest_boots'
[26Jul2026 00:23:55.678] [main/ERROR] [net.minecraft.world.item.crafting.RecipeManager/]: Parsing error loading recipe dungeons_and_combat:dragonsteel_fire_boots: com.google.gson.JsonSyntaxException: Unknown item 'iceandfire:dragonsteel_fire_boots'
[26Jul2026 00:23:55.679] [main/ERROR] [net.minecraft.world.item.crafting.RecipeManager/]: Parsing error loading recipe dungeons_and_combat:dark_metal_chestplate: com.google.gson.JsonSyntaxException: Unknown item 'born_in_chaos_v1:dark_metal_armor_chestplate'
[26Jul2026 00:23:55.683] [main/ERROR] [net.minecraft.world.item.crafting.RecipeManager/]: Parsing error loading recipe dungeons_and_combat:dragonsteel_ice_boots: com.google.gson.JsonSyntaxException: Unknown item 'iceandfire:dragonsteel_ice_boots'
[26Jul2026 00:23:55.683] [main/ERROR] [net.minecraft.world.item.crafting.RecipeManager/]: Parsing error loading recipe dungeons_and_combat:white_dragon_scales_shield: com.google.gson.JsonSyntaxException: Unknown item 'iceandfire:dragonbone'
[26Jul2026 00:23:55.684] [main/ERROR] [net.minecraft.world.item.crafting.RecipeManager/]: Parsing error loading recipe dungeons_and_combat:light_upgrade_blazing_halberd: com.google.gson.JsonSyntaxException: Unknown item 'dungeons_and_combat:deleted_mod_element'
[26Jul2026 00:23:55.686] [main/ERROR] [net.minecraft.world.item.crafting.RecipeManager/]: Parsing error loading recipe dungeons_and_combat:sapphire_dragon_boots: com.google.gson.JsonSyntaxException: Unknown item 'iceandfire:armor_sapphire_boots'
[26Jul2026 00:23:55.686] [main/ERROR] [net.minecraft.world.item.crafting.RecipeManager/]: Parsing error loading recipe dungeons_and_combat:electric_dragon_scales_shield: com.google.gson.JsonSyntaxException: Unknown item 'iceandfire:dragonbone'
[26Jul2026 00:23:55.689] [main/ERROR] [net.minecraft.world.item.crafting.RecipeManager/]: Parsing error loading recipe dungeons_and_combat:electric_leggings: com.google.gson.JsonSyntaxException: Unknown item 'iceandfire:armor_electric_leggings'
[26Jul2026 00:23:55.690] [main/ERROR] [net.minecraft.world.item.crafting.RecipeManager/]: Parsing error loading recipe dungeons_and_combat:dragonsteel_lightning_recipe_greatsword: com.google.gson.JsonSyntaxException: Unknown item 'iceandfire:dragonsteel_lightning_ingot'
[26Jul2026 00:23:55.693] [main/ERROR] [net.minecraft.world.item.crafting.RecipeManager/]: Parsing error loading recipe dungeons_and_combat:blue_leggings: com.google.gson.JsonSyntaxException: Unknown item 'iceandfire:armor_blue_leggings'
[26Jul2026 00:23:55.699] [main/ERROR] [net.minecraft.world.item.crafting.RecipeManager/]: Parsing error loading recipe dungeons_and_combat:bronze_dragon_shield_recipe: com.google.gson.JsonSyntaxException: Unknown item 'iceandfire:dragonbone'
[26Jul2026 00:23:55.701] [main/ERROR] [net.minecraft.world.item.crafting.RecipeManager/]: Parsing error loading recipe dungeons_and_combat:dragonsteel_ice_recipe_long_sword: com.google.gson.JsonSyntaxException: Unknown item 'iceandfire:dragonsteel_ice_ingot'
[26Jul2026 00:23:55.703] [main/ERROR] [net.minecraft.world.item.crafting.RecipeManager/]: Parsing error loading recipe dungeons_and_combat:dragon_lightning_dagger_recipe: com.google.gson.JsonSyntaxException: Unknown item 'iceandfire:lightning_dragon_blood'
[26Jul2026 00:23:55.703] [main/ERROR] [net.minecraft.world.item.crafting.RecipeManager/]: Parsing error loading recipe dungeons_and_combat:red_leggings: com.google.gson.JsonSyntaxException: Unknown item 'iceandfire:armor_red_leggings'
[26Jul2026 00:23:55.704] [main/ERROR] [net.minecraft.world.item.crafting.RecipeManager/]: Parsing error loading recipe dungeons_and_combat:dragonsteel_lightning_recipe_katana: com.google.gson.JsonSyntaxException: Unknown item 'iceandfire:dragonsteel_lightning_ingot'
[26Jul2026 00:23:55.705] [main/ERROR] [net.minecraft.world.item.crafting.RecipeManager/]: Parsing error loading recipe dungeons_and_combat:dragonsteel_fire_helmet: com.google.gson.JsonSyntaxException: Unknown item 'iceandfire:dragonsteel_fire_helmet'
[26Jul2026 00:23:55.705] [main/ERROR] [net.minecraft.world.item.crafting.RecipeManager/]: Parsing error loading recipe dungeons_and_combat:electrict_chestplate: com.google.gson.JsonSyntaxException: Unknown item 'iceandfire:armor_electric_chestplate'
[26Jul2026 00:23:55.707] [main/ERROR] [net.minecraft.world.item.crafting.RecipeManager/]: Parsing error loading recipe dungeons_and_combat:dragon_fire_lance_recipe: com.google.gson.JsonSyntaxException: Unknown item 'iceandfire:fire_dragon_blood'
[26Jul2026 00:23:55.711] [main/ERROR] [net.minecraft.world.item.crafting.RecipeManager/]: Parsing error loading recipe dungeons_and_combat:tin_dagger_recipe: com.google.gson.JsonSyntaxException: Unknown item 'tohiro_ores:tin_ingot'
[26Jul2026 00:23:55.714] [main/INFO] [net.minecraft.world.item.crafting.RecipeManager/]: Loaded 16 recipes
[26Jul2026 00:23:55.714] [main/INFO] [com.teamabnormals.blueprint.core.Blueprint/]: Advancement Modification Manager has loaded 0 modifier groups
[26Jul2026 00:23:55.924] [main/INFO] [net.minecraft.advancements.AdvancementList/]: Loaded 4040 advancements
[26Jul2026 00:23:55.935] [main/INFO] [placebo/]: Registered 0 additional recipes.
[26Jul2026 00:23:55.956] [main/INFO] [top.theillusivec4.curios.Curios/]: Loaded 13 curio slots
[26Jul2026 00:23:55.961] [main/ERROR] [top.theillusivec4.curios.Curios/]: talisman is not a registered slot type!
[26Jul2026 00:23:55.962] [main/INFO] [top.theillusivec4.curios.Curios/]: Loaded 10 curio entities
[26Jul2026 00:23:55.982] [main/INFO] [Supplementaries/]: Loaded 27 flute songs
[26Jul2026 00:23:56.015] [main/WARN] [net.minecraftforge.common.loot.LootModifierManager/]: Could not decode GlobalLootModifier with json id uniqueaccessories:chest/waist_warmer_in_village_tqiga_house - error: Not a JSON object: null
[26Jul2026 00:23:56.114] [main/INFO] [Fast Config API/]: Config 'compatible-containers-common.toml' was successfully loaded
[26Jul2026 00:23:56.139] [main/INFO] [boss_checklist/]: Number of registered boss ids on the server: 10
[26Jul2026 00:23:56.139] [main/INFO] [com.teamabnormals.blueprint.core.Blueprint/]: Chunk Generator Modification Manager has loaded 0 modifier groups
[26Jul2026 00:23:56.193] [main/INFO] [com.brutalbosses.BrutalBosses/]: Loaded boss variant for: minecraft:drowned
[26Jul2026 00:23:56.193] [main/INFO] [com.brutalbosses.BrutalBosses/]: Loaded boss variant for: minecraft:iron_golem
[26Jul2026 00:23:56.193] [main/INFO] [com.brutalbosses.BrutalBosses/]: Loaded boss variant for: minecraft:snow_golem
[26Jul2026 00:23:56.193] [main/INFO] [com.brutalbosses.BrutalBosses/]: Loaded boss variant for: minecraft:zombie
[26Jul2026 00:23:56.193] [main/INFO] [com.brutalbosses.BrutalBosses/]: Loaded boss variant for: minecraft:skeleton
[26Jul2026 00:23:56.193] [main/INFO] [com.brutalbosses.BrutalBosses/]: Loaded boss variant for: minecraft:pillager
[26Jul2026 00:23:56.193] [main/INFO] [com.brutalbosses.BrutalBosses/]: Loaded boss variant for: minecraft:vex
[26Jul2026 00:23:56.193] [main/INFO] [com.brutalbosses.BrutalBosses/]: Loaded boss variant for: minecraft:evoker
[26Jul2026 00:23:56.193] [main/INFO] [com.brutalbosses.BrutalBosses/]: Loaded boss variant for: minecraft:zombie
[26Jul2026 00:23:56.193] [main/INFO] [com.brutalbosses.BrutalBosses/]: Loaded boss variant for: minecraft:vindicator
[26Jul2026 00:23:56.197] [main/INFO] [com.brutalbosses.BrutalBosses/]: Loaded boss variant for: minecraft:wither_skeleton
[26Jul2026 00:23:56.197] [main/INFO] [com.brutalbosses.BrutalBosses/]: Loaded boss variant for: minecraft:wither_skeleton
[26Jul2026 00:23:56.197] [main/INFO] [com.brutalbosses.BrutalBosses/]: Loaded boss variant for: minecraft:cave_spider
[26Jul2026 00:23:56.198] [main/INFO] [com.brutalbosses.BrutalBosses/]: Loaded boss variant for: minecraft:zombie
[26Jul2026 00:23:56.198] [main/INFO] [com.brutalbosses.BrutalBosses/]: Loaded boss variant for: minecraft:husk
[26Jul2026 00:23:56.198] [main/INFO] [com.brutalbosses.BrutalBosses/]: Loaded boss variant for: minecraft:evoker
[26Jul2026 00:23:56.198] [main/INFO] [com.brutalbosses.BrutalBosses/]: Loaded boss variant for: minecraft:wandering_trader
[26Jul2026 00:23:56.198] [main/INFO] [com.brutalbosses.BrutalBosses/]: Loaded boss variant for: minecraft:guardian
[26Jul2026 00:23:56.198] [main/INFO] [com.brutalbosses.BrutalBosses/]: Loaded boss variant for: minecraft:vindicator
[26Jul2026 00:23:56.198] [main/INFO] [com.brutalbosses.BrutalBosses/]: Loaded boss variant for: minecraft:shulker
[26Jul2026 00:23:56.198] [main/INFO] [com.brutalbosses.BrutalBosses/]: Loaded boss variant for: minecraft:zoglin
[26Jul2026 00:23:56.198] [main/INFO] [com.brutalbosses.BrutalBosses/]: Loaded boss variant for: minecraft:chicken
[26Jul2026 00:23:56.198] [main/INFO] [com.brutalbosses.BrutalBosses/]: Loaded boss variant for: minecraft:blaze
[26Jul2026 00:23:56.199] [main/INFO] [com.brutalbosses.BrutalBosses/]: Loaded boss variant for: minecraft:witch
[26Jul2026 00:23:56.199] [main/INFO] [com.brutalbosses.BrutalBosses/]: Loaded boss variant for: minecraft:phantom
[26Jul2026 00:23:56.199] [main/INFO] [com.brutalbosses.BrutalBosses/]: Loaded boss variant for: minecraft:mooshroom
[26Jul2026 00:23:56.199] [main/INFO] [com.brutalbosses.BrutalBosses/]: Loaded boss variant for: minecraft:rabbit
[26Jul2026 00:23:56.199] [main/INFO] [com.brutalbosses.BrutalBosses/]: Loaded boss variant for: minecraft:piglin_brute
[26Jul2026 00:23:56.199] [main/INFO] [com.brutalbosses.BrutalBosses/]: Loaded boss variant for: minecraft:ghast
[26Jul2026 00:23:56.199] [main/INFO] [com.brutalbosses.BrutalBosses/]: Loaded boss variant for: minecraft:stray
[26Jul2026 00:23:56.201] [main/INFO] [placebo/]: Registered 0 gear_sets.
[26Jul2026 00:23:56.208] [main/INFO] [insane96mcp.insanelib.InsaneLib/]: Reloading InsaneLib JsonFeature Json
[26Jul2026 00:23:57.061] [main/INFO] [Moonlight/]: Applied 18 data villager trades
[26Jul2026 00:23:57.108] [main/INFO] [Supplementaries/]: Finished additional setup in 0 ms
[26Jul2026 00:23:57.148] [main/INFO] [org.betterx.worlds.together.util.Logger/]: [bclib] [BiomeRepairCompat] No external base generator for minecraft:the_end
[26Jul2026 00:23:57.148] [main/INFO] [org.betterx.worlds.together.util.Logger/]: [bclib] [BiomeRepairCompat] Repair dimension minecraft:the_end: referenceGenerator=org.betterx.bclib.api.v2.generator.BCLChunkGenerator@3a2deef1, referenceBiomeSource=org.betterx.bclib.api.v2.generator.BCLibEndBiomeSource@44851af9, loadedGenerator=net.minecraft.world.level.levelgen.NoiseBasedChunkGenerator@15e2bb50, loadedBiomeSource=net.minecraft.world.level.biome.MultiNoiseBiomeSource@63967379, externalGenerator=null, externalBiomeSource=null
[26Jul2026 00:23:57.148] [main/INFO] [org.betterx.worlds.together.util.Logger/]: [bclib] [BiomeRepairCompat] Skipping attach for minecraft:the_end: targetGenerator=org.betterx.bclib.api.v2.generator.BCLChunkGenerator@3a2deef1, externalGenerator=null
[26Jul2026 00:23:57.149] [main/INFO] [org.betterx.worlds.together.util.Logger/]: [bclib] [BiomeRepairCompat] Skipping attach for minecraft:the_end: targetGenerator=net.minecraft.world.level.levelgen.NoiseBasedChunkGenerator@15e2bb50, externalGenerator=null
[26Jul2026 00:23:57.149] [main/INFO] [org.betterx.worlds.together.util.Logger/]: [bclib] [datagen] register BCLBiome minecraft:the_end
[26Jul2026 00:23:57.149] [main/INFO] [org.betterx.worlds.together.util.Logger/]: [bclib] [datagen] register BCLBiome minecraft:end_highlands
[26Jul2026 00:23:57.149] [main/INFO] [org.betterx.worlds.together.util.Logger/]: [bclib] [datagen] register BCLBiome minecraft:end_midlands
[26Jul2026 00:23:57.149] [main/INFO] [org.betterx.worlds.together.util.Logger/]: [bclib] [datagen] register BCLBiome minecraft:small_end_islands
[26Jul2026 00:23:57.149] [main/INFO] [org.betterx.worlds.together.util.Logger/]: [bclib] [datagen] register BCLBiome minecraft:end_barrens
[26Jul2026 00:23:57.151] [main/INFO] [org.betterx.worlds.together.util.Logger/]: [bclib] Enforcing Correct Generator for minecraft:the_end.
[26Jul2026 00:23:57.151] [main/INFO] [org.betterx.worlds.together.util.Logger/]: [bclib] [ChunkGeneratorCompat] Enforce start for minecraft:the_end: referenceGenerator=org.betterx.bclib.api.v2.generator.BCLChunkGenerator@3a2deef1, referenceBiomeSource=org.betterx.bclib.api.v2.generator.BCLibEndBiomeSource@44851af9, loadedGenerator=net.minecraft.world.level.levelgen.NoiseBasedChunkGenerator@15e2bb50, loadedBiomeSource=net.minecraft.world.level.biome.MultiNoiseBiomeSource@63967379
[26Jul2026 00:23:57.151] [main/INFO] [org.betterx.worlds.together.util.Logger/]: [bclib] [BiomeSourceCompat] Assigned external biome source for BCLib - The End  BiomeSource (44851af9): source=net.minecraft.world.level.biome.MultiNoiseBiomeSource@63967379
[26Jul2026 00:23:57.151] [main/INFO] [org.betterx.worlds.together.util.Logger/]: [bclib] [BiomeSourceCompat] Skipping external preparation for BCLib - The End  BiomeSource (44851af9): source=net.minecraft.world.level.biome.MultiNoiseBiomeSource@63967379, registryAccess=false, dimensionType=null, dimension=null, generator=null, hasSeed=false, preparedSeed=-9223372036854775808, currentSeed=0
[26Jul2026 00:23:57.153] [main/INFO] [org.betterx.worlds.together.util.Logger/]: [bclib] [BiomeSourceCompat] Combined possible biomes for BCLib - The End  BiomeSource (44851af9): owned=0, external=6, combined=6, externalNamespaces=minecraft(3), nullscape(3)
[26Jul2026 00:23:57.153] [main/INFO] [org.betterx.worlds.together.util.Logger/]: [bclib] [BiomeSourceCompat] Combined possible biomes for BCLib - The End  BiomeSource (44851af9): owned=0, external=6, combined=6, externalNamespaces=minecraft(3), nullscape(3)
[26Jul2026 00:23:57.153] [main/INFO] [org.betterx.worlds.together.util.Logger/]: [bclib] [ChunkGeneratorCompat] Enforce applying loaded external context for minecraft:the_end: loadedGenerator=net.minecraft.world.level.levelgen.NoiseBasedChunkGenerator@15e2bb50, loadedBiomeSource=net.minecraft.world.level.biome.MultiNoiseBiomeSource@63967379
[26Jul2026 00:23:57.154] [main/INFO] [org.betterx.worlds.together.util.Logger/]: [bclib] [BiomeSourceCompat] Updated external context for BCLib - The End  BiomeSource (44851af9): dimension=minecraft:the_end, dimensionType=minecraft:the_end, generator=net.minecraft.world.level.levelgen.NoiseBasedChunkGenerator@15e2bb50, generatorBiomeSource=net.minecraft.world.level.biome.MultiNoiseBiomeSource@63967379, seedReady=false
[26Jul2026 00:23:57.154] [main/INFO] [org.betterx.worlds.together.util.Logger/]: [bclib] [BiomeSourceCompat] Skipping external preparation for BCLib - The End  BiomeSource (44851af9): source=net.minecraft.world.level.biome.MultiNoiseBiomeSource@63967379, registryAccess=true, dimensionType=minecraft:the_end, dimension=minecraft:the_end, generator=net.minecraft.world.level.levelgen.NoiseBasedChunkGenerator@15e2bb50, hasSeed=false, preparedSeed=-9223372036854775808, currentSeed=0
[26Jul2026 00:23:57.154] [main/INFO] [org.betterx.worlds.together.util.Logger/]: [bclib] [BiomeSourceCompat] Combined possible biomes for BCLib - The End  BiomeSource (44851af9): owned=0, external=6, combined=6, externalNamespaces=minecraft(3), nullscape(3)
[26Jul2026 00:23:57.154] [main/INFO] [org.betterx.worlds.together.util.Logger/]: [bclib] Make sure features are loaded from terrablender:org.betterx.bclib.api.v2.generator.BCLibEndBiomeSource
[26Jul2026 00:23:57.154] [main/INFO] [org.betterx.worlds.together.util.Logger/]: [bclib] [ChunkGeneratorCompat] Rebuilt featuresPerStep for org.betterx.bclib.api.v2.generator.BCLChunkGenerator@64e0475c with 6 possible biomes: minecraft(3), nullscape(3)
[26Jul2026 00:23:57.154] [main/INFO] [org.betterx.worlds.together.util.Logger/]: [bclib] [ChunkGeneratorCompat] Enforce created BCL generator with loaded noise settings for minecraft:the_end: newGenerator=org.betterx.bclib.api.v2.generator.BCLChunkGenerator@64e0475c, biomeSource=org.betterx.bclib.api.v2.generator.BCLibEndBiomeSource@44851af9
[26Jul2026 00:23:57.157] [main/INFO] [org.betterx.worlds.together.util.Logger/]: [bclib] [BiomeRepairCompat] Created external vanilla Nether generator: generator=net.minecraft.world.level.levelgen.NoiseBasedChunkGenerator@2d93c95a, biomeSource=net.minecraft.world.level.biome.MultiNoiseBiomeSource@4e4322d6, settings=minecraft:nether
[26Jul2026 00:23:57.157] [main/INFO] [org.betterx.worlds.together.util.Logger/]: [bclib] [BiomeRepairCompat] Repair dimension minecraft:the_nether: referenceGenerator=org.betterx.bclib.api.v2.generator.BCLChunkGenerator@7cfacab3, referenceBiomeSource=org.betterx.bclib.api.v2.generator.BCLibNetherBiomeSource@441ca83d, loadedGenerator=net.minecraft.world.level.levelgen.NoiseBasedChunkGenerator@4b09ad6a, loadedBiomeSource=net.minecraft.world.level.biome.MultiNoiseBiomeSource@78e36448, externalGenerator=net.minecraft.world.level.levelgen.NoiseBasedChunkGenerator@2d93c95a, externalBiomeSource=net.minecraft.world.level.biome.MultiNoiseBiomeSource@4e4322d6
[26Jul2026 00:23:57.157] [main/INFO] [org.betterx.worlds.together.util.Logger/]: [bclib] [BiomeRepairCompat] Attaching external biome source for minecraft:the_nether: targetGenerator=org.betterx.bclib.api.v2.generator.BCLChunkGenerator@7cfacab3, targetBiomeSource=org.betterx.bclib.api.v2.generator.BCLibNetherBiomeSource@441ca83d, externalGenerator=net.minecraft.world.level.levelgen.NoiseBasedChunkGenerator@2d93c95a, externalBiomeSource=net.minecraft.world.level.biome.MultiNoiseBiomeSource@4e4322d6
[26Jul2026 00:23:57.157] [main/INFO] [org.betterx.worlds.together.util.Logger/]: [bclib] [ChunkGeneratorCompat] Merging external biome source for minecraft:the_nether: targetGenerator=org.betterx.bclib.api.v2.generator.BCLChunkGenerator@7cfacab3, targetBiomeSource=org.betterx.bclib.api.v2.generator.BCLibNetherBiomeSource@441ca83d, externalGenerator=net.minecraft.world.level.levelgen.NoiseBasedChunkGenerator@2d93c95a, externalBiomeSource=net.minecraft.world.level.biome.MultiNoiseBiomeSource@4e4322d6
[26Jul2026 00:23:57.157] [main/INFO] [org.betterx.worlds.together.util.Logger/]: [bclib] [BiomeSourceCompat] Assigned external biome source for BCLib - Nether BiomeSource (441ca83d): source=net.minecraft.world.level.biome.MultiNoiseBiomeSource@4e4322d6
[26Jul2026 00:23:57.157] [main/INFO] [org.betterx.worlds.together.util.Logger/]: [bclib] [BiomeSourceCompat] Skipping external preparation for BCLib - Nether BiomeSource (441ca83d): source=net.minecraft.world.level.biome.MultiNoiseBiomeSource@4e4322d6, registryAccess=false, dimensionType=null, dimension=null, generator=null, hasSeed=false, preparedSeed=-9223372036854775808, currentSeed=0
[26Jul2026 00:23:57.157] [main/INFO] [org.betterx.worlds.together.util.Logger/]: [bclib] [BiomeSourceCompat] Combined possible biomes for BCLib - Nether BiomeSource (441ca83d): owned=0, external=5, combined=5, externalNamespaces=minecraft(5)
[26Jul2026 00:23:57.157] [main/INFO] [org.betterx.worlds.together.util.Logger/]: [bclib] [BiomeSourceCompat] Combined possible biomes for BCLib - Nether BiomeSource (441ca83d): owned=0, external=5, combined=5, externalNamespaces=minecraft(5)
[26Jul2026 00:23:57.157] [main/INFO] [org.betterx.worlds.together.util.Logger/]: [bclib] [BiomeSourceCompat] Updated external context for BCLib - Nether BiomeSource (441ca83d): dimension=minecraft:the_nether, dimensionType=minecraft:the_nether, generator=net.minecraft.world.level.levelgen.NoiseBasedChunkGenerator@2d93c95a, generatorBiomeSource=net.minecraft.world.level.biome.MultiNoiseBiomeSource@4e4322d6, seedReady=false
[26Jul2026 00:23:57.157] [main/INFO] [org.betterx.worlds.together.util.Logger/]: [bclib] [BiomeSourceCompat] Skipping external preparation for BCLib - Nether BiomeSource (441ca83d): source=net.minecraft.world.level.biome.MultiNoiseBiomeSource@4e4322d6, registryAccess=true, dimensionType=minecraft:the_nether, dimension=minecraft:the_nether, generator=net.minecraft.world.level.levelgen.NoiseBasedChunkGenerator@2d93c95a, hasSeed=false, preparedSeed=-9223372036854775808, currentSeed=0
[26Jul2026 00:23:57.157] [main/INFO] [org.betterx.worlds.together.util.Logger/]: [bclib] [BiomeSourceCompat] Combined possible biomes for BCLib - Nether BiomeSource (441ca83d): owned=0, external=5, combined=5, externalNamespaces=minecraft(5)
[26Jul2026 00:23:57.157] [main/INFO] [org.betterx.worlds.together.util.Logger/]: [bclib] [ChunkGeneratorCompat] Rebuilt featuresPerStep for org.betterx.bclib.api.v2.generator.BCLChunkGenerator@7cfacab3 with 5 possible biomes: minecraft(5)
[26Jul2026 00:23:57.157] [main/INFO] [org.betterx.worlds.together.util.Logger/]: [bclib] [BiomeRepairCompat] Target generator is not BCL, not attaching external source for minecraft:the_nether: targetGenerator=net.minecraft.world.level.levelgen.NoiseBasedChunkGenerator@4b09ad6a
[26Jul2026 00:23:57.157] [main/INFO] [org.betterx.worlds.together.util.Logger/]: [bclib] [datagen] register BCLBiome minecraft:nether_wastes
[26Jul2026 00:23:57.157] [main/INFO] [org.betterx.worlds.together.util.Logger/]: [bclib] [datagen] register BCLBiome minecraft:soul_sand_valley
[26Jul2026 00:23:57.157] [main/INFO] [org.betterx.worlds.together.util.Logger/]: [bclib] [datagen] register BCLBiome minecraft:crimson_forest
[26Jul2026 00:23:57.157] [main/INFO] [org.betterx.worlds.together.util.Logger/]: [bclib] [datagen] register BCLBiome minecraft:warped_forest
[26Jul2026 00:23:57.157] [main/INFO] [org.betterx.worlds.together.util.Logger/]: [bclib] [datagen] register BCLBiome minecraft:basalt_deltas
[26Jul2026 00:23:57.157] [main/INFO] [org.betterx.worlds.together.util.Logger/]: [bclib] Enforcing Correct Generator for minecraft:the_nether.
[26Jul2026 00:23:57.157] [main/INFO] [org.betterx.worlds.together.util.Logger/]: [bclib] [ChunkGeneratorCompat] Enforce start for minecraft:the_nether: referenceGenerator=org.betterx.bclib.api.v2.generator.BCLChunkGenerator@7cfacab3, referenceBiomeSource=org.betterx.bclib.api.v2.generator.BCLibNetherBiomeSource@441ca83d, loadedGenerator=net.minecraft.world.level.levelgen.NoiseBasedChunkGenerator@4b09ad6a, loadedBiomeSource=net.minecraft.world.level.biome.MultiNoiseBiomeSource@78e36448
[26Jul2026 00:23:57.157] [main/INFO] [org.betterx.worlds.together.util.Logger/]: [bclib] [BiomeSourceCompat] Assigned external biome source for BCLib - Nether BiomeSource (441ca83d): source=net.minecraft.world.level.biome.MultiNoiseBiomeSource@78e36448
[26Jul2026 00:23:57.157] [main/INFO] [org.betterx.worlds.together.util.Logger/]: [bclib] [BiomeSourceCompat] Skipping external preparation for BCLib - Nether BiomeSource (441ca83d): source=net.minecraft.world.level.biome.MultiNoiseBiomeSource@78e36448, registryAccess=true, dimensionType=minecraft:the_nether, dimension=minecraft:the_nether, generator=net.minecraft.world.level.levelgen.NoiseBasedChunkGenerator@2d93c95a, hasSeed=false, preparedSeed=-9223372036854775808, currentSeed=0
[26Jul2026 00:23:57.157] [main/INFO] [org.betterx.worlds.together.util.Logger/]: [bclib] [BiomeSourceCompat] Combined possible biomes for BCLib - Nether BiomeSource (441ca83d): owned=0, external=13, combined=13, externalNamespaces=minecraft(5), incendium(8)
[26Jul2026 00:23:57.157] [main/INFO] [org.betterx.worlds.together.util.Logger/]: [bclib] [BiomeSourceCompat] Combined possible biomes for BCLib - Nether BiomeSource (441ca83d): owned=0, external=13, combined=13, externalNamespaces=minecraft(5), incendium(8)
[26Jul2026 00:23:57.157] [main/INFO] [org.betterx.worlds.together.util.Logger/]: [bclib] [ChunkGeneratorCompat] Enforce applying loaded external context for minecraft:the_nether: loadedGenerator=net.minecraft.world.level.levelgen.NoiseBasedChunkGenerator@4b09ad6a, loadedBiomeSource=net.minecraft.world.level.biome.MultiNoiseBiomeSource@78e36448
[26Jul2026 00:23:57.157] [main/INFO] [org.betterx.worlds.together.util.Logger/]: [bclib] [BiomeSourceCompat] Updated external context for BCLib - Nether BiomeSource (441ca83d): dimension=minecraft:the_nether, dimensionType=minecraft:the_nether, generator=net.minecraft.world.level.levelgen.NoiseBasedChunkGenerator@4b09ad6a, generatorBiomeSource=net.minecraft.world.level.biome.MultiNoiseBiomeSource@78e36448, seedReady=false
[26Jul2026 00:23:57.157] [main/INFO] [org.betterx.worlds.together.util.Logger/]: [bclib] [BiomeSourceCompat] Skipping external preparation for BCLib - Nether BiomeSource (441ca83d): source=net.minecraft.world.level.biome.MultiNoiseBiomeSource@78e36448, registryAccess=true, dimensionType=minecraft:the_nether, dimension=minecraft:the_nether, generator=net.minecraft.world.level.levelgen.NoiseBasedChunkGenerator@4b09ad6a, hasSeed=false, preparedSeed=-9223372036854775808, currentSeed=0
[26Jul2026 00:23:57.157] [main/INFO] [org.betterx.worlds.together.util.Logger/]: [bclib] [BiomeSourceCompat] Combined possible biomes for BCLib - Nether BiomeSource (441ca83d): owned=0, external=13, combined=13, externalNamespaces=minecraft(5), incendium(8)
[26Jul2026 00:23:57.157] [main/INFO] [org.betterx.worlds.together.util.Logger/]: [bclib] Make sure features are loaded from terrablender:org.betterx.bclib.api.v2.generator.BCLibNetherBiomeSource
[26Jul2026 00:23:57.158] [main/INFO] [org.betterx.worlds.together.util.Logger/]: [bclib] [ChunkGeneratorCompat] Rebuilt featuresPerStep for org.betterx.bclib.api.v2.generator.BCLChunkGenerator@3d10895d with 13 possible biomes: minecraft(5), incendium(8)
[26Jul2026 00:23:57.158] [main/INFO] [org.betterx.worlds.together.util.Logger/]: [bclib] [ChunkGeneratorCompat] Enforce created BCL generator with loaded noise settings for minecraft:the_nether: newGenerator=org.betterx.bclib.api.v2.generator.BCLChunkGenerator@3d10895d, biomeSource=org.betterx.bclib.api.v2.generator.BCLibNetherBiomeSource@441ca83d
[26Jul2026 00:23:57.158] [main/INFO] [org.betterx.worlds.together.util.Logger/]: [worlds_together] Loading originally configured Dimensions in World.
[26Jul2026 00:23:57.163] [main/WARN] [ModernFix/]: Initial datapack load took 8.939 s
[26Jul2026 00:23:57.616] [Server thread/INFO] [net.minecraft.server.dedicated.DedicatedServer/]: Starting minecraft server version 1.20.1
[26Jul2026 00:23:57.617] [Server thread/INFO] [net.minecraft.server.dedicated.DedicatedServer/]: Loading properties
[26Jul2026 00:23:57.617] [Server thread/INFO] [net.minecraft.server.dedicated.DedicatedServer/]: Default game type: SURVIVAL
[26Jul2026 00:23:57.617] [Server thread/INFO] [net.minecraft.server.MinecraftServer/]: Generating keypair
[26Jul2026 00:23:57.749] [Server thread/INFO] [net.minecraft.server.dedicated.DedicatedServer/]: Starting Minecraft server on *:25565
[26Jul2026 00:23:57.812] [Server thread/INFO] [net.minecraft.server.network.ServerConnectionListener/]: Using epoll channel type
[26Jul2026 00:23:57.934] [Server thread/WARN] [net.minecraft.server.dedicated.DedicatedServer/]: **** SERVER IS RUNNING IN OFFLINE/INSECURE MODE!
[26Jul2026 00:23:57.935] [Server thread/WARN] [net.minecraft.server.dedicated.DedicatedServer/]: The server will make no attempt to authenticate usernames. Beware.
[26Jul2026 00:23:57.935] [Server thread/WARN] [net.minecraft.server.dedicated.DedicatedServer/]: While this makes the game possible to play without internet access, it also opens up the ability for hackers to connect with any username they choose.
[26Jul2026 00:23:57.935] [Server thread/WARN] [net.minecraft.server.dedicated.DedicatedServer/]: To change this, set "online-mode" to "true" in the server.properties file.
[26Jul2026 00:23:57.955] [Server thread/INFO] [Puzzles Lib/]: Loading server config for easyanvils
[26Jul2026 00:23:57.979] [Server thread/INFO] [Puzzles Lib/]: Loading server config for easymagic
[26Jul2026 00:23:57.986] [Server thread/INFO] [journeymap/]: Loading JourneyMap Forge Configs
[26Jul2026 00:23:58.143] [Server thread/INFO] [portb.configlib.ConfigLib/]: Could not find config, falling back to default legacy ruleset
[26Jul2026 00:23:58.146] [Config file watcher thread/INFO] [portb.configlib.ConfigLib/]: Starting config file watcher
[26Jul2026 00:23:58.491] [Server thread/INFO] [spark/]: Starting background profiler...
[26Jul2026 00:23:59.043] [Server thread/INFO] [zeta/]: Server starting, accepting filewatcher changes for zeta's config
[26Jul2026 00:23:59.196] [Server thread/INFO] [Framework/]: Loading server configs...
[26Jul2026 00:23:59.350] [Server thread/INFO] [terrablender/]: Registered region minecraft:overworld to index 0 for type OVERWORLD
[26Jul2026 00:23:59.350] [Server thread/INFO] [terrablender/]: Registered region minecraft:nether to index 0 for type NETHER
[26Jul2026 00:23:59.450] [Server thread/INFO] [terrablender/]: Initialized TerraBlender biomes for level stem minecraft:overworld
[26Jul2026 00:23:59.453] [Server thread/INFO] [org.betterx.worlds.together.util.Logger/]: [bclib] Updating Pickers for BCLib - The End  BiomeSource (44851af9)
[26Jul2026 00:23:59.456] [Server thread/INFO] [org.betterx.worlds.together.util.Logger/]: [bclib] [BiomeSourceCompat] Combined possible biomes for BCLib - The End  BiomeSource (44851af9): owned=5, external=6, combined=8, externalNamespaces=minecraft(3), nullscape(3)
[26Jul2026 00:23:59.457] [Server thread/INFO] [org.betterx.worlds.together.util.Logger/]: [bclib] No Void Biomes found. Disabling by using barrens
[26Jul2026 00:23:59.457] [Server thread/INFO] [org.betterx.worlds.together.util.Logger/]: [bclib] No Barrens Biomes found. Disabling by using land Biomes
[26Jul2026 00:23:59.457] [Server thread/WARN] [org.betterx.worlds.together.util.Logger/]: [bclib] No Center Island Biomes found. Forcing use of vanilla center.
[26Jul2026 00:23:59.461] [Server thread/INFO] [org.betterx.worlds.together.util.Logger/]: [bclib] Updating Pickers for BCLib - Nether BiomeSource (441ca83d)
[26Jul2026 00:23:59.463] [Server thread/INFO] [org.betterx.worlds.together.util.Logger/]: [bclib] [BiomeSourceCompat] Combined possible biomes for BCLib - Nether BiomeSource (441ca83d): owned=5, external=13, combined=13, externalNamespaces=minecraft(5), incendium(8)
[26Jul2026 00:23:59.464] [Server thread/INFO] [net.minecraft.server.dedicated.DedicatedServer/]: Preparing level "world"
[26Jul2026 00:23:59.493] [Server thread/INFO] [org.betterx.worlds.together.util.Logger/]: [bclib] [ChunkGeneratorCompat] Keeping Blueprint modded biome source for minecraft:the_end: wrapper=com.teamabnormals.blueprint.common.world.modification.ModdedBiomeSource@4cbc3a, original=org.betterx.bclib.api.v2.generator.BCLibEndBiomeSource@44851af9
[26Jul2026 00:23:59.496] [Server thread/INFO] [org.betterx.worlds.together.util.Logger/]: [bclib] [ChunkGeneratorCompat] Rebuilt featuresPerStep for org.betterx.bclib.api.v2.generator.BCLChunkGenerator@64e0475c with 8 possible biomes: 8
[26Jul2026 00:23:59.496] [Server thread/INFO] [org.betterx.worlds.together.util.Logger/]: [bclib] [ChunkGeneratorCompat] Keeping Blueprint modded biome source for minecraft:the_nether: wrapper=com.teamabnormals.blueprint.common.world.modification.ModdedBiomeSource@35970361, original=org.betterx.bclib.api.v2.generator.BCLibNetherBiomeSource@441ca83d
[26Jul2026 00:23:59.497] [Server thread/INFO] [org.betterx.worlds.together.util.Logger/]: [bclib] [ChunkGeneratorCompat] Rebuilt featuresPerStep for org.betterx.bclib.api.v2.generator.BCLChunkGenerator@3d10895d with 13 possible biomes: 13
[26Jul2026 00:23:59.503] [Server thread/INFO] [org.betterx.worlds.together.util.Logger/]: [bclib] 
Apply Modifications for minecraft:the_end
    ModdedBiomeSource (4cbc3a)
        biomes     = 8
        namespaces = minecraft(5), nullscape(3)
[26Jul2026 00:23:59.505] [Server thread/INFO] [org.betterx.worlds.together.util.Logger/]: [bclib] 
Apply Modifications for minecraft:overworld
    ModdedBiomeSource (615638ea)
        biomes     = 69
        namespaces = minecraft(53), immersivecaves(16)
[26Jul2026 00:23:59.505] [Server thread/INFO] [org.betterx.worlds.together.util.Logger/]: [bclib] 
Apply Modifications for graveyard:past
    MultiNoiseBiomeSource (53794dc4)
        biomes     = 53
        namespaces = minecraft(53)
[26Jul2026 00:23:59.505] [Server thread/INFO] [org.betterx.worlds.together.util.Logger/]: [bclib] 
Apply Modifications for minecraft:the_nether
    ModdedBiomeSource (35970361)
        biomes     = 13
        namespaces = minecraft(5), incendium(8)
[26Jul2026 00:23:59.505] [Server thread/INFO] [org.betterx.worlds.together.util.Logger/]: [bclib] World Dimensions: 
 - minecraft:the_end: 
     BCLib - Chunk Generator (64e0475c) 
     ModdedBiomeSource (4cbc3a)
         biomes     = 8
         namespaces = minecraft(5), nullscape(3)
 - minecraft:overworld: 
     net.minecraft.world.level.levelgen.NoiseBasedChunkGenerator@76cbaed 
     ModdedBiomeSource (615638ea)
         biomes     = 69
         namespaces = minecraft(53), immersivecaves(16)
 - graveyard:past: 
     net.minecraft.world.level.levelgen.NoiseBasedChunkGenerator@507c369d 
     MultiNoiseBiomeSource (53794dc4)
         biomes     = 53
         namespaces = minecraft(53)
 - minecraft:the_nether: 
     BCLib - Chunk Generator (3d10895d) 
     ModdedBiomeSource (35970361)
         biomes     = 13
         namespaces = minecraft(5), incendium(8)
[26Jul2026 00:24:00.726] [Server thread/WARN] [net.minecraft.network.syncher.SynchedEntityData/]: defineId called for: class com.cerbon.bosses_of_mass_destruction.entity.custom.obsidilith.ObsidilithEntity from class com.cerbon.bosses_of_mass_destruction.entity.custom.obsidilith.ObsidilithUtils
[26Jul2026 00:24:00.729] [Server thread/WARN] [net.minecraft.network.syncher.SynchedEntityData/]: defineId called for: class com.cerbon.bosses_of_mass_destruction.entity.custom.gauntlet.GauntletEntity from class com.cerbon.bosses_of_mass_destruction.projectile.PetalBladeProjectile
[26Jul2026 00:24:00.736] [Server thread/WARN] [net.minecraft.network.syncher.SynchedEntityData/]: defineId called for: class com.cerbon.bosses_of_mass_destruction.entity.util.BaseEntity from class com.cerbon.bosses_of_mass_destruction.entity.custom.void_blossom.hitbox.NetworkedHitboxManager
[26Jul2026 00:24:01.754] [Server thread/INFO] [org.betterx.worlds.together.util.Logger/]: [bclib] [BiomeSourceCompat] Preparing external biome source for BCLib - The End  BiomeSource (44851af9): source=net.minecraft.world.level.biome.MultiNoiseBiomeSource@63967379, generator=net.minecraft.world.level.levelgen.NoiseBasedChunkGenerator@15e2bb50, generatorBiomeSource=net.minecraft.world.level.biome.MultiNoiseBiomeSource@63967379, dimension=minecraft:the_end, seed=-4365240662836065074
[26Jul2026 00:24:01.760] [Server thread/INFO] [org.betterx.worlds.together.util.Logger/]: [bclib] [BiomeSourceCompat] TerraBlender check for BCLib - The End  BiomeSource (44851af9): canApply=true, externalGenerator=net.minecraft.world.level.levelgen.NoiseBasedChunkGenerator@15e2bb50, externalGeneratorBiomeSource=net.minecraft.world.level.biome.MultiNoiseBiomeSource@63967379
[26Jul2026 00:24:01.761] [Server thread/INFO] [org.betterx.worlds.together.util.Logger/]: [bclib] [BiomeSourceCompat] TerraBlender region type for BCLib - The End  BiomeSource (44851af9): dimension=minecraft:the_end, regionType=null
[26Jul2026 00:24:01.762] [Server thread/INFO] [org.betterx.worlds.together.util.Logger/]: [bclib] [BiomeSourceCompat] Combined possible biomes for BCLib - The End  BiomeSource (44851af9): owned=5, external=6, combined=8, externalNamespaces=minecraft(3), nullscape(3)
[26Jul2026 00:24:01.765] [Server thread/INFO] [org.betterx.worlds.together.util.Logger/]: [bclib] [ChunkGeneratorCompat] Refreshed Blueprint modded biome source for minecraft:the_end: wrapper=com.teamabnormals.blueprint.common.world.modification.ModdedBiomeSource@6ce9a4c5, biomes=8
[26Jul2026 00:24:01.765] [Server thread/INFO] [org.betterx.worlds.together.util.Logger/]: [bclib] [ChunkGeneratorCompat] Rebuilt featuresPerStep for org.betterx.bclib.api.v2.generator.BCLChunkGenerator@64e0475c with 8 possible biomes: 8
[26Jul2026 00:24:01.767] [Server thread/INFO] [org.betterx.worlds.together.util.Logger/]: [bclib] Prepared external biome source for BCLib - The End  BiomeSource (44851af9): minecraft(3), nullscape(3) (minecraft:small_end_islands, nullscape:shadowlands, nullscape:crystal_peaks, minecraft:end_highlands, minecraft:the_end, nullscape:void_barrens)
[26Jul2026 00:24:01.940] [Server thread/INFO] [org.betterx.worlds.together.util.Logger/]: [bclib] [BiomeSourceCompat] Preparing external biome source for BCLib - Nether BiomeSource (441ca83d): source=net.minecraft.world.level.biome.MultiNoiseBiomeSource@78e36448, generator=net.minecraft.world.level.levelgen.NoiseBasedChunkGenerator@4b09ad6a, generatorBiomeSource=net.minecraft.world.level.biome.MultiNoiseBiomeSource@78e36448, dimension=minecraft:the_nether, seed=-4365240662836065074
[26Jul2026 00:24:01.940] [Server thread/INFO] [org.betterx.worlds.together.util.Logger/]: [bclib] [BiomeSourceCompat] TerraBlender check for BCLib - Nether BiomeSource (441ca83d): canApply=true, externalGenerator=net.minecraft.world.level.levelgen.NoiseBasedChunkGenerator@4b09ad6a, externalGeneratorBiomeSource=net.minecraft.world.level.biome.MultiNoiseBiomeSource@78e36448
[26Jul2026 00:24:01.940] [Server thread/INFO] [org.betterx.worlds.together.util.Logger/]: [bclib] [BiomeSourceCompat] TerraBlender region type for BCLib - Nether BiomeSource (441ca83d): dimension=minecraft:the_nether, regionType=NETHER
[26Jul2026 00:24:01.978] [Server thread/INFO] [org.betterx.worlds.together.util.Logger/]: [bclib] [BiomeSourceCompat] TerraBlender parameter list for BCLib - Nether BiomeSource (441ca83d): parameterList=net.minecraft.world.level.biome.Climate$ParameterList@5928d240, isExtended=true
[26Jul2026 00:24:01.979] [Server thread/INFO] [org.betterx.worlds.together.util.Logger/]: [bclib] [BiomeSourceCompat] TerraBlender initialized parameter list for BCLib - Nether BiomeSource (441ca83d) with seed -4365240662836065074
[26Jul2026 00:24:01.979] [Server thread/INFO] [org.betterx.worlds.together.util.Logger/]: [bclib] [BiomeSourceCompat] TerraBlender regions for BCLib - Nether BiomeSource (441ca83d): regionType=NETHER, count=1
[26Jul2026 00:24:01.980] [Server thread/INFO] [org.betterx.worlds.together.util.Logger/]: [bclib] [BiomeSourceCompat] TerraBlender region result for BCLib - Nether BiomeSource (441ca83d): region=minecraft:nether, weight=10, addedBiomes=0
[26Jul2026 00:24:01.980] [Server thread/INFO] [org.betterx.worlds.together.util.Logger/]: [bclib] [BiomeSourceCompat] TerraBlender collected deferred biomes for BCLib - Nether BiomeSource (441ca83d): count=0, biomes=
[26Jul2026 00:24:01.980] [Server thread/INFO] [org.betterx.worlds.together.util.Logger/]: [bclib] [BiomeSourceCompat] Combined possible biomes for BCLib - Nether BiomeSource (441ca83d): owned=5, external=13, combined=13, externalNamespaces=minecraft(5), incendium(8)
[26Jul2026 00:24:01.980] [Server thread/INFO] [org.betterx.worlds.together.util.Logger/]: [bclib] [ChunkGeneratorCompat] Refreshed Blueprint modded biome source for minecraft:the_nether: wrapper=com.teamabnormals.blueprint.common.world.modification.ModdedBiomeSource@36978484, biomes=13
[26Jul2026 00:24:01.980] [Server thread/INFO] [org.betterx.worlds.together.util.Logger/]: [bclib] [ChunkGeneratorCompat] Rebuilt featuresPerStep for org.betterx.bclib.api.v2.generator.BCLChunkGenerator@3d10895d with 13 possible biomes: 13
[26Jul2026 00:24:01.980] [Server thread/INFO] [org.betterx.worlds.together.util.Logger/]: [bclib] Prepared external biome source for BCLib - Nether BiomeSource (441ca83d): minecraft(5), incendium(8) (minecraft:warped_forest, incendium:quartz_flats, incendium:volcanic_deltas, incendium:inverted_forest, incendium:weeping_valley, minecraft:nether_wastes, minecraft:basalt_deltas, incendium:withered_forest, incendium:ash_barrens, incendium:infernal_dunes, minecraft:soul_sand_valley, incendium:toxic_heap, minecraft:crimson_forest)
[26Jul2026 00:24:01.987] [Server thread/INFO] [net.minecraft.server.MinecraftServer/]: Preparing start region for dimension minecraft:overworld
[26Jul2026 00:24:01.996] [Server thread/INFO] [KubeJS Server/]: Server resource reload complete!
[26Jul2026 00:24:04.823] [Server thread/INFO] [net.minecraft.server.level.progress.LoggerChunkProgressListener/]: Time elapsed: 3268386 ms
[26Jul2026 00:24:04.823] [Server thread/INFO] [net.minecraft.server.dedicated.DedicatedServer/]: Done (6.874s)! For help, type "help"
[26Jul2026 00:24:04.901] [Server thread/INFO] [net.minecraftforge.server.permission.PermissionAPI/]: Successfully initialized permission handler forge:default_handler
[26Jul2026 00:24:04.906] [Server thread/INFO] [io.redspace.enderchestmod.IronEnderChests/]: HELLO from server starting
[26Jul2026 00:24:04.949] [Server thread/INFO] [journeymap/]: Loaded null for service interface journeymap.api.services.WebMapService
[26Jul2026 00:24:04.951] [Server thread/INFO] [journeymap/]: Loaded journeymap.common.helpers.ForgeClientHooks@dfee9f8 for service interface journeymap.api.services.ClientPlatformService
[26Jul2026 00:24:04.953] [Server thread/INFO] [journeymap/]: Loaded journeymap.common.helpers.ForgeHooks@301ffb5f for service interface journeymap.api.services.CommonPlatformService
[26Jul2026 00:24:04.965] [Server thread/INFO] [journeymap/]: Found @JourneyMapPlugin: journeymap.api.plugins.LoadedChunkOverlayPlugin
[26Jul2026 00:24:05.004] [Server thread/INFO] [AllTheLeaks/]: Method invalidateAll at mixin dev.uncandango.alltheleaks.mixin.core.main.FakeLevelManagerMixin cancelled due to not matching hash: Actual -2034214357, Expected: [-1241170928]
[26Jul2026 00:24:05.004] [Server thread/INFO] [AllTheLeaks/]: Mixin annotation @Lcom/llamalad7/mixinextras/injector/wrapoperation/WrapOperation;(at={@Lorg/spongepowered/asm/mixin/injection/At;(args={}, value="INVOKE", target="Ljava/util/Map;values()Ljava/util/Collection;")}, method={}, slice={}) at mixin dev.uncandango.alltheleaks.mixin.core.main.FakeLevelManagerMixin removed due to no methods available
[26Jul2026 00:24:05.004] [Server thread/WARN] [mixinsquared-annotation-adjuster/]: Modified mixin "dev.uncandango.alltheleaks.mixin.core.main.FakeLevelManagerMixin". Check debug logs for more information.
[26Jul2026 00:24:05.577] [Server thread/WARN] [net.minecraft.network.syncher.SynchedEntityData/]: defineId called for: class net.minecraft.world.entity.player.Player from class tschipp.carryon.common.carry.CarryOnDataManager
[26Jul2026 00:24:05.658] [Server thread/INFO] [atomicstryker.infernalmobs.common.InfernalMobsCore/]: item config parser finished, item count: 14
[26Jul2026 00:24:05.658] [Server thread/INFO] [atomicstryker.infernalmobs.common.InfernalMobsCore/]: item config parser finished, item count: 17
[26Jul2026 00:24:05.658] [Server thread/INFO] [atomicstryker.infernalmobs.common.InfernalMobsCore/]: item config parser finished, item count: 16
[26Jul2026 00:24:05.659] [Server thread/INFO] [atomicstryker.infernalmobs.common.InfernalMobsCore/]: InfernalMobsCore commonSetup completed! Modifiers ready: 28
[26Jul2026 00:24:05.659] [Server thread/INFO] [atomicstryker.infernalmobs.common.InfernalMobsCore/]: InfernalMobsCore commonSetup completed! config file at: /workspaces/aa.12312301-2/servidor_minecraft/./config/infernalmobs.cfg
[26Jul2026 00:24:05.668] [Server thread/INFO] [com.cupboard.Cupboard/]: Loaded config for: farsight.json
[26Jul2026 00:24:05.668] [Server thread/INFO] [com.cupboard.Cupboard/]: Loaded config for: brutalbosses.json
[26Jul2026 00:24:05.668] [Server thread/INFO] [com.cupboard.Cupboard/]: Loaded config for: smoothchunk.json
[26Jul2026 00:24:05.673] [Server thread/INFO] [com.cupboard.Cupboard/]: Loaded config for: dragonfight.json
[26Jul2026 00:24:05.674] [Server thread/INFO] [com.cupboard.Cupboard/]: Loaded config for: connectivity.json
[26Jul2026 00:24:05.674] [Server thread/INFO] [com.cupboard.Cupboard/]: Loaded config for: betterfpsdist.json
[26Jul2026 00:24:05.682] [Server thread/INFO] [journeymap/]: Initialized IJourneyMapPlugin as:journeymap.api.plugins.LoadedChunkOverlayPlugin: for:journeymap_chunk_overlay
[26Jul2026 00:24:05.740] [Server thread/WARN] [voicechat/]: [voicechat] Running in offline mode - Voice chat encryption is not secure!
[26Jul2026 00:24:05.756] [VoiceChatServerThread/INFO] [voicechat/]: [voicechat] Voice chat server started at port 24454
[26Jul2026 00:24:05.759] [Server thread/WARN] [ModernFix/]: Dedicated server took 57.724 seconds to load
[26Jul2026 00:24:57.676] [Worker-Main-3/INFO] [bettercaves/]: CREATING AND INIT'ING MASTER CONTROLLER...
[26Jul2026 00:25:04.091] [spark-async-sampler-worker-thread/WARN] [spark/]: Timed out waiting for world statistics
[26Jul2026 00:25:05.866] [Server thread/WARN] [net.minecraft.server.MinecraftServer/]: Can't keep up! Is the server overloaded? Running 60054ms or 1201 ticks behind
[26Jul2026 00:25:27.250] [Server thread/WARN] [net.minecraft.server.MinecraftServer/]: Can't keep up! Is the server overloaded? Running 6388ms or 127 ticks behind
[26Jul2026 00:25:28.745] [Server thread/INFO] [net.minecraft.server.players.PlayerList/]: kamushkarkir[/100.112.77.102:56054] logged in with entity id 451 at (-223.5, 64.0, 545.5)
[26Jul2026 00:25:28.912] [Server thread/INFO] [net.minecraft.server.MinecraftServer/]: kamushkarkir joined the game
[26Jul2026 00:25:28.918] [Server thread/INFO] [insane96mcp.insanelib.InsaneLib/]: [Progressive Bosses] kamushkarkir first spawned. Set First Dragon to 1
[26Jul2026 00:25:29.257] [Server thread/INFO] [net.minecraft.server.MinecraftServer/]: kamushkarkir has made the advancement [Dungeons And Combat]
[26Jul2026 00:25:29.421] [dimthread_server_overworld/INFO] [net.minecraft.server.MinecraftServer/]: kamushkarkir has made the advancement [Immersive Caves!]
[26Jul2026 00:25:39.032] [Server thread/INFO] [voicechat/]: [voicechat] Received secret request of kamushkarkir (20)
[26Jul2026 00:25:39.035] [Server thread/INFO] [voicechat/]: [voicechat] Sent secret to kamushkarkir
[26Jul2026 00:25:42.507] [VoiceChatPacketProcessingThread/INFO] [voicechat/]: [voicechat] Successfully authenticated player 4061c684-bf7c-3757-9a94-fd50d1219759
[26Jul2026 00:25:43.526] [VoiceChatPacketProcessingThread/INFO] [voicechat/]: [voicechat] Successfully validated connection of player 4061c684-bf7c-3757-9a94-fd50d1219759
[26Jul2026 00:25:43.535] [VoiceChatPacketProcessingThread/INFO] [voicechat/]: [voicechat] Player kamushkarkir (4061c684-bf7c-3757-9a94-fd50d1219759) successfully connected to voice chat
[26Jul2026 00:25:54.527] [Server thread/INFO] [org.betterx.worlds.together.util.Logger/]: [bclib] Received Hello from Client. (server=20.0.11, client=20.0.11)
[26Jul2026 00:25:54.529] [Server thread/INFO] [org.betterx.worlds.together.util.Logger/]: [bclib] Sending Hello to Client. (server=20.0.11)
[26Jul2026 00:25:54.531] [Server thread/INFO] [org.betterx.worlds.together.util.Logger/]: [bclib] 	- Listing Mod bclib v20.0.11 (size: 2.1 MiB, download=true)
[26Jul2026 00:25:54.533] [Server thread/INFO] [org.betterx.worlds.together.util.Logger/]: [bclib] 	- Offering Config bclib.CONFIG_bclib.generator
[26Jul2026 00:25:54.533] [Server thread/INFO] [org.betterx.worlds.together.util.Logger/]: [bclib] 	- Offering Config bclib.CONFIG_bclib.main
[26Jul2026 00:25:54.533] [Server thread/INFO] [org.betterx.worlds.together.util.Logger/]: [bclib] 	- Offering Config bclib.CONFIG_bclib.biomes
[26Jul2026 00:25:54.533] [Server thread/INFO] [org.betterx.worlds.together.util.Logger/]: [bclib] 	- Offering Folder /workspaces/aa.12312301-2/servidor_minecraft/bclib-sync (allowDelete=true)
[26Jul2026 00:32:06.638] [VoiceChatPacketProcessingThread/INFO] [voicechat/]: [voicechat] Player 4061c684-bf7c-3757-9a94-fd50d1219759 timed out
[26Jul2026 00:32:06.638] [VoiceChatPacketProcessingThread/INFO] [voicechat/]: [voicechat] Reconnecting player kamushkarkir
[26Jul2026 00:32:06.639] [VoiceChatPacketProcessingThread/INFO] [voicechat/]: [voicechat] Sent secret to kamushkarkir
[26Jul2026 00:32:07.021] [Server thread/INFO] [net.minecraft.server.network.ServerGamePacketListenerImpl/]: kamushkarkir lost connection: You logged in from another location
[26Jul2026 00:32:07.022] [Server thread/INFO] [net.minecraft.server.MinecraftServer/]: kamushkarkir left the game
[26Jul2026 00:32:07.060] [Server thread/INFO] [voicechat/]: [voicechat] Disconnecting client kamushkarkir
[26Jul2026 00:32:07.071] [Server thread/INFO] [net.minecraft.server.players.PlayerList/]: kamushkarkir[/100.112.77.102:56124] logged in with entity id 1324 at (-236.65314617167945, 64.0, 542.552832730371)
[26Jul2026 00:32:07.118] [Server thread/INFO] [net.minecraft.server.MinecraftServer/]: kamushkarkir joined the game
[26Jul2026 00:32:07.600] [Server thread/INFO] [voicechat/]: [voicechat] Received secret request of kamushkarkir (20)
[26Jul2026 00:32:07.600] [Server thread/INFO] [voicechat/]: [voicechat] Sent secret to kamushkarkir
[26Jul2026 00:32:07.839] [Server thread/INFO] [org.betterx.worlds.together.util.Logger/]: [bclib] Received Hello from Client. (server=20.0.11, client=20.0.11)
[26Jul2026 00:32:07.839] [Server thread/INFO] [org.betterx.worlds.together.util.Logger/]: [bclib] Sending Hello to Client. (server=20.0.11)
[26Jul2026 00:32:07.840] [Server thread/INFO] [org.betterx.worlds.together.util.Logger/]: [bclib] 	- Listing Mod bclib v20.0.11 (size: 2.1 MiB, download=true)
[26Jul2026 00:32:07.840] [Server thread/INFO] [org.betterx.worlds.together.util.Logger/]: [bclib] 	- Offering Config bclib.CONFIG_bclib.generator
[26Jul2026 00:32:07.840] [Server thread/INFO] [org.betterx.worlds.together.util.Logger/]: [bclib] 	- Offering Config bclib.CONFIG_bclib.main
[26Jul2026 00:32:07.840] [Server thread/INFO] [org.betterx.worlds.together.util.Logger/]: [bclib] 	- Offering Config bclib.CONFIG_bclib.biomes
[26Jul2026 00:32:07.840] [Server thread/INFO] [org.betterx.worlds.together.util.Logger/]: [bclib] 	- Offering Folder /workspaces/aa.12312301-2/servidor_minecraft/bclib-sync (allowDelete=true)
[26Jul2026 00:32:08.327] [VoiceChatPacketProcessingThread/INFO] [voicechat/]: [voicechat] Successfully authenticated player 4061c684-bf7c-3757-9a94-fd50d1219759
[26Jul2026 00:32:09.520] [VoiceChatPacketProcessingThread/INFO] [voicechat/]: [voicechat] Successfully validated connection of player 4061c684-bf7c-3757-9a94-fd50d1219759
[26Jul2026 00:32:09.520] [VoiceChatPacketProcessingThread/INFO] [voicechat/]: [voicechat] Player kamushkarkir (4061c684-bf7c-3757-9a94-fd50d1219759) successfully connected to voice chat
[26Jul2026 00:33:21.023] [Server thread/WARN] [net.minecraft.server.network.ServerGamePacketListenerImpl/]: kamushkarkir moved too quickly! -3.6958194276748486,2.0,-9.229337659692419
[26Jul2026 00:33:41.739] [Server thread/WARN] [net.minecraft.server.MinecraftServer/]: Can't keep up! Is the server overloaded? Running 3877ms or 77 ticks behind
[26Jul2026 00:34:17.791] [Worker-Main-1/WARN] [lithostitched/]: Non-existent template pool reference: minecraft:house_basement_pool
[26Jul2026 00:34:17.793] [Worker-Main-1/WARN] [lithostitched/]: Non-existent template pool reference: minecraft:monster_hunter_additions_3_pool
[26Jul2026 00:34:17.793] [Worker-Main-1/WARN] [lithostitched/]: Non-existent template pool reference: minecraft:monster_hunter_additions_3_pool
[26Jul2026 00:34:17.793] [Worker-Main-1/WARN] [lithostitched/]: Non-existent template pool reference: minecraft:monster_hunter_end_1_pool
[26Jul2026 00:34:17.793] [Worker-Main-1/WARN] [lithostitched/]: Non-existent template pool reference: minecraft:monster_hunter_end_1_pool
[26Jul2026 00:34:46.889] [Server thread/INFO] [net.minecraft.server.MinecraftServer/]: [kamushkarkir: Set own game mode to Creative Mode]
[26Jul2026 00:34:48.279] [Server thread/INFO] [net.minecraft.server.MinecraftServer/]: [kamushkarkir: Set own game mode to Survival Mode]
[26Jul2026 00:35:01.632] [dimthread_server_overworld/WARN] [tombstone/]: The death event of the player kamushkarkir was canceled by another mod
[26Jul2026 00:35:01.646] [Server thread/INFO] [tombstone/]: The player kamushkarkir has successfully been saved
[26Jul2026 00:35:04.809] [Server thread/INFO] [net.minecraft.server.MinecraftServer/]: [kamushkarkir: Set own game mode to Creative Mode]
[26Jul2026 00:35:15.886] [Server thread/INFO] [net.minecraft.server.MinecraftServer/]: [kamushkarkir: Set own game mode to Survival Mode]
[26Jul2026 00:35:16.234] [Server thread/INFO] [AllTheLeaks/]: Listing events...
[26Jul2026 00:35:16.234] [Server thread/INFO] [AllTheLeaks/]: Server Player Logout: 1
[26Jul2026 00:35:16.234] [Server thread/INFO] [AllTheLeaks/]: Listing memory leaks so far...
[26Jul2026 00:35:16.235] [Server thread/INFO] [AllTheLeaks/]: Waiting to stabilize [1/10]
[26Jul2026 00:35:16.235] [Server thread/INFO] [AllTheLeaks/]: Memory Leaks detected: (/atl force_refresh to update)
[26Jul2026 00:35:16.235] [Server thread/INFO] [AllTheLeaks/]: | ChunkAccess:
[26Jul2026 00:35:16.235] [Server thread/INFO] [AllTheLeaks/]: |- LevelChunk (minecraft): 57
[26Jul2026 00:35:16.235] [Server thread/INFO] [AllTheLeaks/]: | Player:
[26Jul2026 00:35:16.235] [Server thread/INFO] [AllTheLeaks/]: |- ServerPlayer (minecraft): 1
[26Jul2026 00:35:22.821] [dimthread_server_overworld/WARN] [tombstone/]: The death event of the player kamushkarkir was canceled by another mod
[26Jul2026 00:35:22.828] [Server thread/INFO] [tombstone/]: The player kamushkarkir has successfully been saved
[26Jul2026 00:35:25.969] [dimthread_server_overworld/WARN] [tombstone/]: The death event of the player kamushkarkir was canceled by another mod
[26Jul2026 00:35:25.975] [Server thread/INFO] [tombstone/]: The player kamushkarkir has successfully been saved
[26Jul2026 00:35:35.220] [dimthread_server_overworld/WARN] [tombstone/]: The death event of the player kamushkarkir was canceled by another mod
[26Jul2026 00:35:35.225] [Server thread/INFO] [tombstone/]: The player kamushkarkir has successfully been saved
[26Jul2026 00:35:39.619] [dimthread_server_overworld/WARN] [tombstone/]: The death event of the player kamushkarkir was canceled by another mod
[26Jul2026 00:35:39.623] [Server thread/INFO] [tombstone/]: The player kamushkarkir has successfully been saved
[26Jul2026 00:35:40.505] [Server thread/INFO] [net.minecraft.server.MinecraftServer/]: [kamushkarkir: Set own game mode to Creative Mode]
[26Jul2026 00:36:19.961] [Server thread/INFO] [net.minecraft.server.MinecraftServer/]: [kamushkarkir: Set own game mode to Survival Mode]
[26Jul2026 00:36:22.618] [dimthread_server_overworld/WARN] [tombstone/]: The death event of the player kamushkarkir was canceled by another mod
[26Jul2026 00:36:22.624] [Server thread/INFO] [tombstone/]: The player kamushkarkir has successfully been saved
[26Jul2026 00:36:24.310] [Server thread/INFO] [net.minecraft.server.MinecraftServer/]: [kamushkarkir: Set own game mode to Creative Mode]
[26Jul2026 00:36:41.873] [Server thread/INFO] [net.minecraft.server.MinecraftServer/]: [kamushkarkir: Applied effect Regeneration to kamushkarkir]
[26Jul2026 00:36:52.190] [Server thread/INFO] [net.minecraft.server.MinecraftServer/]: [kamushkarkir: Set own game mode to Survival Mode]
[26Jul2026 00:37:12.121] [Server thread/INFO] [net.minecraft.server.MinecraftServer/]: [kamushkarkir: Applied effect Regeneration to kamushkarkir]
[26Jul2026 00:37:43.200] [Server thread/INFO] [net.minecraft.server.MinecraftServer/]: [kamushkarkir: Set own game mode to Creative Mode]
[26Jul2026 00:38:02.904] [Server thread/INFO] [net.minecraft.server.MinecraftServer/]: [kamushkarkir: Set own game mode to Survival Mode]
[26Jul2026 00:44:23.790] [pool-11-thread-1/INFO] [Supplementaries/]: Searching for closest structure among [ResourceKey[minecraft:worldgen/structure / towns_and_towers:village_beach], ResourceKey[minecraft:worldgen/structure / towns_and_towers:village_sparse_jungle], ResourceKey[minecraft:worldgen/structure / towns_and_towers:exclusives/village_tudor], ResourceKey[minecraft:worldgen/structure / repurposed_structures:village_badlands], ResourceKey[minecraft:worldgen/structure / towns_and_towers:exclusives/village_nilotic], ResourceKey[minecraft:worldgen/structure / minecraft:village_taiga], ResourceKey[minecraft:worldgen/structure / minecraft:village_desert], ResourceKey[minecraft:worldgen/structure / towns_and_towers:village_mushroom_fields]] from pos BlockPos{x=-171, y=70, z=731}
[26Jul2026 00:44:32.320] [Server thread/WARN] [net.minecraft.server.MinecraftServer/]: Can't keep up! Is the server overloaded? Running 6458ms or 129 ticks behind
[26Jul2026 00:44:36.582] [Server thread/WARN] [net.minecraft.server.network.ServerGamePacketListenerImpl/]: kamushkarkir moved too quickly! -4.758672726588088,0.0,-8.815698130085707
[26Jul2026 00:44:36.582] [Server thread/INFO] [net.minecraft.server.MinecraftServer/]: [kamushkarkir: Set own game mode to Creative Mode]
[26Jul2026 00:45:22.682] [Server thread/INFO] [AllTheLeaks/]: Listing events...
[26Jul2026 00:45:22.682] [Server thread/INFO] [AllTheLeaks/]: Server Player Logout: 1
[26Jul2026 00:45:22.682] [Server thread/INFO] [AllTheLeaks/]: Listing memory leaks so far...
[26Jul2026 00:45:22.685] [Server thread/INFO] [AllTheLeaks/]: B: 873MB / C: 953MB / Diff: +80MB
[26Jul2026 00:45:22.685] [Server thread/INFO] [AllTheLeaks/]: Memory Leaks detected: (/atl force_refresh to update)
[26Jul2026 00:45:22.685] [Server thread/INFO] [AllTheLeaks/]: | ChunkAccess:
[26Jul2026 00:45:22.685] [Server thread/INFO] [AllTheLeaks/]: |- LevelChunk (minecraft): 2
[26Jul2026 00:45:22.685] [Server thread/INFO] [AllTheLeaks/]: | Player:
[26Jul2026 00:45:22.685] [Server thread/INFO] [AllTheLeaks/]: |- ServerPlayer (minecraft): 1
[26Jul2026 00:46:12.183] [Server thread/INFO] [net.minecraft.server.MinecraftServer/]: [kamushkarkir: Set own game mode to Survival Mode]
[26Jul2026 00:46:18.728] [Server thread/INFO] [net.minecraft.server.MinecraftServer/]: Unknown or incomplete command, see below for error
[26Jul2026 00:46:18.728] [Server thread/INFO] [net.minecraft.server.MinecraftServer/]: Ss<--[HERE]
[26Jul2026 00:46:51.594] [Server thread/INFO] [net.minecraft.server.MinecraftServer/]: [kamushkarkir: Applied effect Regeneration to kamushkarkir]
[26Jul2026 00:49:18.335] [Server thread/INFO] [net.minecraft.server.MinecraftServer/]: [Chunky] Task running for minecraft:overworld. Processed: 225 chunks (0.00%), ETA: 17013879:48:52, Rate: 229.6 cps, Current: -27, 45
[26Jul2026 00:49:18.760] [Worker-Main-1/WARN] [lithostitched/]: Non-existent template pool reference: minecraft:cook_additions_2_pool
[26Jul2026 00:49:18.761] [Worker-Main-1/WARN] [lithostitched/]: Non-existent template pool reference: minecraft:cook_additions_3_pool
[26Jul2026 00:49:18.761] [Worker-Main-1/WARN] [lithostitched/]: Non-existent template pool reference: minecraft:cook_additions_4_pool
[26Jul2026 00:49:18.761] [Worker-Main-1/WARN] [lithostitched/]: Non-existent template pool reference: minecraft:cook_additions_1_pool
[26Jul2026 00:49:18.761] [Worker-Main-1/WARN] [lithostitched/]: Non-existent template pool reference: minecraft:cook_end_1_pool
[26Jul2026 00:49:18.761] [Worker-Main-1/WARN] [lithostitched/]: Non-existent template pool reference: minecraft:cook_end_1_pool
[26Jul2026 00:49:18.761] [Worker-Main-1/WARN] [lithostitched/]: Non-existent template pool reference: minecraft:cook_additions_3_pool
[26Jul2026 00:49:18.761] [Worker-Main-1/WARN] [lithostitched/]: Non-existent template pool reference: minecraft:angler_additions_3_pool
[26Jul2026 00:49:18.761] [Worker-Main-1/WARN] [lithostitched/]: Non-existent template pool reference: minecraft:cook_end_1_pool
[26Jul2026 00:49:18.761] [Worker-Main-1/WARN] [lithostitched/]: Non-existent template pool reference: minecraft:cook_end_1_pool
[26Jul2026 00:49:18.761] [Worker-Main-1/WARN] [lithostitched/]: Non-existent template pool reference: minecraft:cook_end_1_pool
[26Jul2026 00:49:19.800] [Server thread/INFO] [net.minecraft.server.MinecraftServer/]: [Chunky] Task running for minecraft:overworld. Processed: 229 chunks (0.00%), ETA: 41706446:05:47, Rate: 93.7 cps, Current: -29, 44
[26Jul2026 00:49:20.899] [Server thread/INFO] [net.minecraft.server.MinecraftServer/]: [Chunky] Task running for minecraft:overworld. Processed: 232 chunks (0.00%), ETA: 59704978:55:55, Rate: 65.4 cps, Current: -30, 44
[26Jul2026 00:49:22.937] [Server thread/INFO] [net.minecraft.server.MinecraftServer/]: [Chunky] Task running for minecraft:overworld. Processed: 237 chunks (0.00%), ETA: 92019333:49:58, Rate: 42.5 cps, Current: -28, 47
[26Jul2026 00:49:25.124] [Worker-Main-2/WARN] [com.finndog.mvs.MVSCommon/]: Moog's Voyager Structures: Empty or nonexistent pool: mvs:farm/side_pool which is being called from mvs:other_decoration/wheat_grain_bin
[26Jul2026 00:49:27.409] [Server thread/INFO] [net.minecraft.server.MinecraftServer/]: [Chunky] Task running for minecraft:overworld. Processed: 241 chunks (0.00%), ETA: 162992651:39:25, Rate: 24.0 cps, Current: -27, 47
[26Jul2026 00:49:31.091] [Server thread/INFO] [net.minecraft.server.MinecraftServer/]: [Chunky] Task running for minecraft:overworld. Processed: 247 chunks (0.00%), ETA: 217247480:17:04, Rate: 18.0 cps, Current: -31, 44
[26Jul2026 00:49:32.551] [Server thread/INFO] [net.minecraft.server.MinecraftServer/]: [Chunky] Task running for minecraft:overworld. Processed: 258 chunks (0.00%), ETA: 230105255:10:47, Rate: 17.0 cps, Current: -26, 48
[26Jul2026 00:49:33.749] [Server thread/INFO] [net.minecraft.server.MinecraftServer/]: [Chunky] Task running for minecraft:overworld. Processed: 261 chunks (0.00%), ETA: 245390194:47:28, Rate: 15.9 cps, Current: -26, 50
[26Jul2026 00:49:34.838] [Server thread/INFO] [net.minecraft.server.MinecraftServer/]: [Chunky] Task running for minecraft:overworld. Processed: 263 chunks (0.00%), ETA: 259698649:30:43, Rate: 15.0 cps, Current: -27, 52
[26Jul2026 00:49:39.130] [Server thread/INFO] [net.minecraft.server.MinecraftServer/]: [Chunky] Task running for minecraft:overworld. Processed: 264 chunks (0.00%), ETA: 322221063:56:17, Rate: 12.1 cps, Current: -28, 51
[26Jul2026 00:49:41.906] [Chunky-minecraft:overworld Thread/INFO] [net.minecraft.server.MinecraftServer/]: [Chunky] Task stopped for minecraft:overworld.
[26Jul2026 00:50:48.814] [Worker-Main-3/WARN] [com.finndog.mvs.MVSCommon/]: Moog's Voyager Structures: Empty or nonexistent pool: mvs:farm/side_pool which is being called from mvs:nature/short_oak_pathway
[26Jul2026 00:50:48.815] [Worker-Main-3/WARN] [com.finndog.mvs.MVSCommon/]: Moog's Voyager Structures: Empty or nonexistent pool: mvs:farm/side_pool which is being called from mvs:nature/short_oak_pathway
[26Jul2026 00:50:57.026] [Server thread/INFO] [net.minecraft.server.MinecraftServer/]: [Chunky] Task running for minecraft:overworld. Processed: 321 chunks (1.99%), ETA: 6:15:16, Rate: 0.7 cps, Current: -29, 60
[26Jul2026 00:50:59.450] [Server thread/INFO] [net.minecraft.server.MinecraftServer/]: [Chunky] Task running for minecraft:overworld. Processed: 332 chunks (2.06%), ETA: 2:37:03, Rate: 1.7 cps, Current: -30, 61
[26Jul2026 00:51:00.787] [Server thread/INFO] [net.minecraft.server.MinecraftServer/]: [Chunky] Task running for minecraft:overworld. Processed: 340 chunks (2.11%), ETA: 1:59:19, Rate: 2.2 cps, Current: -27, 61
[26Jul2026 00:51:01.789] [Server thread/INFO] [net.minecraft.server.MinecraftServer/]: [Chunky] Task running for minecraft:overworld. Processed: 344 chunks (2.13%), ETA: 1:51:40, Rate: 2.4 cps, Current: -26, 56
[26Jul2026 00:51:03.012] [Server thread/INFO] [net.minecraft.server.MinecraftServer/]: [Chunky] Task running for minecraft:overworld. Processed: 348 chunks (2.16%), ETA: 1:47:43, Rate: 2.4 cps, Current: -23, 56
[26Jul2026 00:51:04.626] [Server thread/INFO] [net.minecraft.server.MinecraftServer/]: [Chunky] Task running for minecraft:overworld. Processed: 354 chunks (2.19%), ETA: 1:41:51, Rate: 2.6 cps, Current: -31, 59
[26Jul2026 00:51:06.347] [Server thread/INFO] [net.minecraft.server.MinecraftServer/]: [Chunky] Task running for minecraft:overworld. Processed: 361 chunks (2.24%), ETA: 1:36:01, Rate: 2.7 cps, Current: -26, 60
[26Jul2026 00:51:08.304] [Server thread/INFO] [net.minecraft.server.MinecraftServer/]: [Chunky] Task running for minecraft:overworld. Processed: 369 chunks (2.29%), ETA: 1:31:11, Rate: 2.9 cps, Current: -23, 58
[26Jul2026 00:51:09.505] [Server thread/INFO] [net.minecraft.server.MinecraftServer/]: [Chunky] Task running for minecraft:overworld. Processed: 376 chunks (2.33%), ETA: 1:25:46, Rate: 3.1 cps, Current: -22, 59
[26Jul2026 00:51:10.526] [Server thread/INFO] [net.minecraft.server.MinecraftServer/]: [Chunky] Task running for minecraft:overworld. Processed: 378 chunks (2.34%), ETA: 1:27:18, Rate: 3.0 cps, Current: -21, 56
[26Jul2026 00:51:11.636] [Server thread/INFO] [net.minecraft.server.MinecraftServer/]: [Chunky] Task running for minecraft:overworld. Processed: 382 chunks (2.37%), ETA: 1:26:25, Rate: 3.0 cps, Current: -21, 60
[26Jul2026 00:51:13.857] [Server thread/INFO] [net.minecraft.server.MinecraftServer/]: [Chunky] Task running for minecraft:overworld. Processed: 387 chunks (2.40%), ETA: 1:28:30, Rate: 3.0 cps, Current: -19, 60
[26Jul2026 00:51:15.307] [Server thread/INFO] [net.minecraft.server.MinecraftServer/]: [Chunky] Task running for minecraft:overworld. Processed: 393 chunks (2.44%), ETA: 1:26:31, Rate: 3.0 cps, Current: -31, 62
[26Jul2026 00:51:16.469] [Server thread/INFO] [net.minecraft.server.MinecraftServer/]: [Chunky] Task running for minecraft:overworld. Processed: 403 chunks (2.50%), ETA: 1:20:01, Rate: 3.3 cps, Current: -23, 62
[26Jul2026 00:51:18.054] [Server thread/INFO] [net.minecraft.server.MinecraftServer/]: [Chunky] Task running for minecraft:overworld. Processed: 410 chunks (2.54%), ETA: 1:18:27, Rate: 3.3 cps, Current: -19, 53
[26Jul2026 00:51:19.197] [Server thread/INFO] [net.minecraft.server.MinecraftServer/]: [Chunky] Task running for minecraft:overworld. Processed: 425 chunks (2.64%), ETA: 1:10:20, Rate: 3.7 cps, Current: -18, 60
[26Jul2026 00:51:20.222] [Server thread/INFO] [net.minecraft.server.MinecraftServer/]: [Chunky] Task running for minecraft:overworld. Processed: 475 chunks (2.95%), ETA: 0:39:02, Rate: 6.7 cps, Current: -32, 56
[26Jul2026 00:51:21.813] [Server thread/INFO] [net.minecraft.server.MinecraftServer/]: [Chunky] Task running for minecraft:overworld. Processed: 487 chunks (3.02%), ETA: 0:38:41, Rate: 6.7 cps, Current: -16, 50
[26Jul2026 00:51:23.467] [Server thread/INFO] [net.minecraft.server.MinecraftServer/]: [Chunky] Task running for minecraft:overworld. Processed: 491 chunks (3.04%), ETA: 0:40:18, Rate: 6.5 cps, Current: -32, 63
[26Jul2026 00:51:25.174] [Server thread/INFO] [net.minecraft.server.MinecraftServer/]: [Chunky] Task running for minecraft:overworld. Processed: 499 chunks (3.09%), ETA: 0:40:57, Rate: 6.4 cps, Current: -24, 63
[26Jul2026 00:51:26.297] [Server thread/INFO] [net.minecraft.server.MinecraftServer/]: [Chunky] Task running for minecraft:overworld. Processed: 508 chunks (3.15%), ETA: 0:40:32, Rate: 6.4 cps, Current: -17, 53
[26Jul2026 00:51:27.334] [Server thread/INFO] [net.minecraft.server.MinecraftServer/]: [Chunky] Task running for minecraft:overworld. Processed: 516 chunks (3.20%), ETA: 0:39:13, Rate: 6.6 cps, Current: -17, 61
[26Jul2026 00:51:28.032] [Server thread/WARN] [net.minecraft.server.MinecraftServer/]: Can't keep up! Is the server overloaded? Running 7920ms or 158 ticks behind
[26Jul2026 00:51:28.727] [Server thread/INFO] [net.minecraft.server.MinecraftServer/]: [Chunky] Task running for minecraft:overworld. Processed: 519 chunks (3.22%), ETA: 0:40:31, Rate: 6.4 cps, Current: -16, 51
[26Jul2026 00:51:29.901] [Server thread/INFO] [net.minecraft.server.MinecraftServer/]: [Chunky] Task running for minecraft:overworld. Processed: 522 chunks (3.24%), ETA: 0:41:22, Rate: 6.3 cps, Current: -14, 49
[26Jul2026 00:51:31.244] [Server thread/INFO] [net.minecraft.server.MinecraftServer/]: [Chunky] Task running for minecraft:overworld. Processed: 538 chunks (3.34%), ETA: 0:39:15, Rate: 6.6 cps, Current: -16, 53
[26Jul2026 00:51:32.332] [Server thread/INFO] [net.minecraft.server.MinecraftServer/]: [Chunky] Task running for minecraft:overworld. Processed: 547 chunks (3.39%), ETA: 0:38:04, Rate: 6.8 cps, Current: -16, 55
[26Jul2026 00:51:33.422] [Server thread/INFO] [net.minecraft.server.MinecraftServer/]: [Chunky] Task running for minecraft:overworld. Processed: 549 chunks (3.40%), ETA: 0:38:08, Rate: 6.8 cps, Current: -13, 53
[26Jul2026 00:51:34.426] [Server thread/INFO] [net.minecraft.server.MinecraftServer/]: [Chunky] Task running for minecraft:overworld. Processed: 561 chunks (3.48%), ETA: 0:37:10, Rate: 7.0 cps, Current: -16, 61
[26Jul2026 00:51:35.734] [Server thread/INFO] [net.minecraft.server.MinecraftServer/]: [Chunky] Task running for minecraft:overworld. Processed: 569 chunks (3.53%), ETA: 0:36:27, Rate: 7.1 cps, Current: -13, 54
[26Jul2026 00:51:35.806] [Server thread/INFO] [net.minecraft.server.MinecraftServer/]: [kamushkarkir: Set own game mode to Creative Mode]
[26Jul2026 00:51:38.525] [Server thread/INFO] [net.minecraft.server.MinecraftServer/]: [Chunky] Task running for minecraft:overworld. Processed: 580 chunks (3.60%), ETA: 0:36:41, Rate: 7.1 cps, Current: -13, 60
[26Jul2026 00:51:39.989] [Server thread/INFO] [net.minecraft.server.MinecraftServer/]: [Chunky] Task running for minecraft:overworld. Processed: 592 chunks (3.67%), ETA: 0:35:29, Rate: 7.3 cps, Current: -11, 54
[26Jul2026 00:51:44.544] [Server thread/INFO] [net.minecraft.server.MinecraftServer/]: [Chunky] Task running for minecraft:overworld. Processed: 600 chunks (3.72%), ETA: 0:36:22, Rate: 7.1 cps, Current: -10, 51
[26Jul2026 00:51:45.551] [Server thread/INFO] [net.minecraft.server.MinecraftServer/]: [Chunky] Task running for minecraft:overworld. Processed: 604 chunks (3.74%), ETA: 0:37:15, Rate: 6.9 cps, Current: -9, 48
[26Jul2026 00:51:47.840] [Server thread/INFO] [net.minecraft.server.MinecraftServer/]: [Chunky] Task running for minecraft:overworld. Processed: 606 chunks (3.76%), ETA: 0:39:07, Rate: 6.6 cps, Current: -10, 55
[26Jul2026 00:51:48.501] [Server thread/INFO] [net.minecraft.server.MinecraftServer/]: [kamushkarkir: The difficulty has been set to Easy]
[26Jul2026 00:51:49.191] [Server thread/INFO] [net.minecraft.server.MinecraftServer/]: [Chunky] Task running for minecraft:overworld. Processed: 609 chunks (3.78%), ETA: 0:41:56, Rate: 6.2 cps, Current: -9, 55
[26Jul2026 00:51:51.039] [Server thread/INFO] [net.minecraft.server.MinecraftServer/]: [Chunky] Task running for minecraft:overworld. Processed: 613 chunks (3.80%), ETA: 0:59:30, Rate: 4.3 cps, Current: -10, 56
[26Jul2026 00:51:52.054] [Server thread/INFO] [net.minecraft.server.MinecraftServer/]: [Chunky] Task running for minecraft:overworld. Processed: 619 chunks (3.84%), ETA: 0:57:16, Rate: 4.5 cps, Current: -10, 60
[26Jul2026 00:51:53.307] [Server thread/INFO] [net.minecraft.server.MinecraftServer/]: [Chunky] Task running for minecraft:overworld. Processed: 627 chunks (3.89%), ETA: 0:56:16, Rate: 4.6 cps, Current: -8, 60
[26Jul2026 00:51:54.543] [Server thread/INFO] [net.minecraft.server.MinecraftServer/]: [Chunky] Task running for minecraft:overworld. Processed: 628 chunks (3.89%), ETA: 0:58:21, Rate: 4.4 cps, Current: -7, 56
[26Jul2026 00:51:56.703] [Server thread/INFO] [net.minecraft.server.MinecraftServer/]: [Chunky] Task running for minecraft:overworld. Processed: 636 chunks (3.94%), ETA: 1:02:40, Rate: 4.1 cps, Current: -6, 59
[26Jul2026 00:51:58.455] [Server thread/INFO] [net.minecraft.server.MinecraftServer/]: [Chunky] Task running for minecraft:overworld. Processed: 638 chunks (3.96%), ETA: 1:03:57, Rate: 4.0 cps, Current: -5, 56
[26Jul2026 00:52:00.099] [Server thread/INFO] [net.minecraft.server.MinecraftServer/]: [Chunky] Task running for minecraft:overworld. Processed: 643 chunks (3.99%), ETA: 1:10:15, Rate: 3.7 cps, Current: -10, 61
[26Jul2026 00:52:01.277] [Server thread/INFO] [net.minecraft.server.MinecraftServer/]: [Chunky] Task running for minecraft:overworld. Processed: 647 chunks (4.01%), ETA: 1:13:56, Rate: 3.5 cps, Current: -4, 58
[26Jul2026 00:52:04.806] [Server thread/INFO] [net.minecraft.server.MinecraftServer/]: [Chunky] Task running for minecraft:overworld. Processed: 655 chunks (4.06%), ETA: 1:26:10, Rate: 3.0 cps, Current: -3, 58
[26Jul2026 00:52:06.357] [Server thread/INFO] [net.minecraft.server.MinecraftServer/]: [Chunky] Task running for minecraft:overworld. Processed: 666 chunks (4.13%), ETA: 1:26:45, Rate: 3.0 cps, Current: -11, 62
[26Jul2026 00:52:07.376] [Server thread/INFO] [net.minecraft.server.MinecraftServer/]: [Chunky] Task running for minecraft:overworld. Processed: 674 chunks (4.18%), ETA: 1:18:13, Rate: 3.3 cps, Current: -6, 62
[26Jul2026 00:52:08.409] [Server thread/INFO] [net.minecraft.server.MinecraftServer/]: [Chunky] Task running for minecraft:overworld. Processed: 696 chunks (4.32%), ETA: 1:05:41, Rate: 3.9 cps, Current: -7, 51
[26Jul2026 00:52:09.946] [Server thread/INFO] [net.minecraft.server.MinecraftServer/]: [Chunky] Task running for minecraft:overworld. Processed: 723 chunks (4.48%), ETA: 0:58:16, Rate: 4.4 cps, Current: -2, 57
[26Jul2026 00:52:11.234] [Server thread/INFO] [net.minecraft.server.MinecraftServer/]: [Chunky] Task running for minecraft:overworld. Processed: 739 chunks (4.58%), ETA: 0:48:53, Rate: 5.2 cps, Current: -2, 54
[26Jul2026 00:52:12.974] [Server thread/INFO] [net.minecraft.server.MinecraftServer/]: [Chunky] Task running for minecraft:overworld. Processed: 958 chunks (5.94%), ETA: 0:20:01, Rate: 12.6 cps, Current: -2, 43
[26Jul2026 00:52:14.131] [Server thread/INFO] [net.minecraft.server.MinecraftServer/]: [Chunky] Task running for minecraft:overworld. Processed: 976 chunks (6.05%), ETA: 0:19:49, Rate: 12.7 cps, Current: -2, 37
[26Jul2026 00:52:18.851] [Server thread/INFO] [net.minecraft.server.MinecraftServer/]: [Chunky] Task running for minecraft:overworld. Processed: 985 chunks (6.11%), ETA: 0:19:51, Rate: 12.7 cps, Current: -1, 33
[26Jul2026 00:52:20.589] [Server thread/INFO] [net.minecraft.server.MinecraftServer/]: [Chunky] Task running for minecraft:overworld. Processed: 988 chunks (6.13%), ETA: 0:19:49, Rate: 12.7 cps, Current: 2, 33
[26Jul2026 00:52:21.694] [Server thread/INFO] [net.minecraft.server.MinecraftServer/]: [Chunky] Task running for minecraft:overworld. Processed: 999 chunks (6.19%), ETA: 0:19:37, Rate: 12.9 cps, Current: -1, 36
[26Jul2026 00:52:22.808] [Server thread/INFO] [net.minecraft.server.MinecraftServer/]: [Chunky] Task running for minecraft:overworld. Processed: 1004 chunks (6.22%), ETA: 0:19:40, Rate: 12.8 cps, Current: -1, 38
[26Jul2026 00:52:23.851] [Server thread/INFO] [net.minecraft.server.MinecraftServer/]: [Chunky] Task running for minecraft:overworld. Processed: 1013 chunks (6.28%), ETA: 0:19:07, Rate: 13.2 cps, Current: 2, 37
[26Jul2026 00:52:26.699] [Server thread/INFO] [net.minecraft.server.MinecraftServer/]: [Chunky] Task running for minecraft:overworld. Processed: 1016 chunks (6.30%), ETA: 0:19:49, Rate: 12.7 cps, Current: 3, 37
[26Jul2026 00:52:28.862] [Server thread/INFO] [net.minecraft.server.MinecraftServer/]: [Chunky] Task running for minecraft:overworld. Processed: 1021 chunks (6.33%), ETA: 0:19:06, Rate: 13.2 cps, Current: 5, 38
[26Jul2026 00:52:30.952] [Server thread/INFO] [net.minecraft.server.MinecraftServer/]: [Chunky] Task running for minecraft:overworld. Processed: 1027 chunks (6.37%), ETA: 0:19:36, Rate: 12.8 cps, Current: 6, 38
[26Jul2026 00:52:31.997] [Server thread/INFO] [net.minecraft.server.MinecraftServer/]: [Chunky] Task running for minecraft:overworld. Processed: 1037 chunks (6.43%), ETA: 0:17:51, Rate: 14.1 cps, Current: 3, 34
[26Jul2026 00:52:33.102] [Server thread/INFO] [net.minecraft.server.MinecraftServer/]: [Chunky] Task running for minecraft:overworld. Processed: 1043 chunks (6.47%), ETA: 0:18:17, Rate: 13.7 cps, Current: -1, 45
[26Jul2026 00:52:35.291] [Server thread/INFO] [net.minecraft.server.MinecraftServer/]: [Chunky] Task running for minecraft:overworld. Processed: 1048 chunks (6.50%), ETA: 0:18:59, Rate: 13.2 cps, Current: 6, 33
[26Jul2026 00:52:36.648] [Server thread/INFO] [net.minecraft.server.MinecraftServer/]: [Chunky] Task running for minecraft:overworld. Processed: 1051 chunks (6.52%), ETA: 0:19:27, Rate: 12.9 cps, Current: 8, 34
[26Jul2026 00:52:38.639] [Server thread/INFO] [net.minecraft.server.MinecraftServer/]: [Chunky] Task running for minecraft:overworld. Processed: 1053 chunks (6.53%), ETA: 0:21:46, Rate: 11.5 cps, Current: 9, 34
[26Jul2026 00:52:39.760] [Server thread/INFO] [net.minecraft.server.MinecraftServer/]: [Chunky] Task running for minecraft:overworld. Processed: 1059 chunks (6.57%), ETA: 0:22:13, Rate: 11.3 cps, Current: 10, 33
[26Jul2026 00:52:46.638] [Server thread/INFO] [net.minecraft.server.MinecraftServer/]: [Chunky] Task running for minecraft:overworld. Processed: 1061 chunks (6.58%), ETA: 1:30:37, Rate: 2.8 cps, Current: -1, 52
[26Jul2026 00:52:47.659] [Server thread/INFO] [net.minecraft.server.MinecraftServer/]: [Chunky] Task running for minecraft:overworld. Processed: 1068 chunks (6.62%), ETA: 1:26:05, Rate: 2.9 cps, Current: 11, 33
[26Jul2026 00:52:48.694] [Server thread/INFO] [net.minecraft.server.MinecraftServer/]: [Chunky] Task running for minecraft:overworld. Processed: 1080 chunks (6.70%), ETA: 1:17:58, Rate: 3.2 cps, Current: -1, 63
[26Jul2026 00:52:49.734] [Server thread/INFO] [net.minecraft.server.MinecraftServer/]: [Chunky] Task running for minecraft:overworld. Processed: 1082 chunks (6.71%), ETA: 1:16:56, Rate: 3.3 cps, Current: 8, 35
[26Jul2026 00:52:50.760] [Server thread/INFO] [net.minecraft.server.MinecraftServer/]: [Chunky] Task running for minecraft:overworld. Processed: 1094 chunks (6.78%), ETA: 1:15:52, Rate: 3.3 cps, Current: 10, 36
[26Jul2026 00:52:51.941] [Server thread/INFO] [net.minecraft.server.MinecraftServer/]: [Chunky] Task running for minecraft:overworld. Processed: 1111 chunks (6.89%), ETA: 1:07:31, Rate: 3.7 cps, Current: -2, 32
[26Jul2026 00:52:53.604] [Server thread/INFO] [net.minecraft.server.MinecraftServer/]: [Chunky] Task running for minecraft:overworld. Processed: 1118 chunks (6.93%), ETA: 1:10:13, Rate: 3.6 cps, Current: 1, 39
[26Jul2026 00:52:54.755] [Server thread/INFO] [net.minecraft.server.MinecraftServer/]: [Chunky] Task running for minecraft:overworld. Processed: 1121 chunks (6.95%), ETA: 1:06:12, Rate: 3.8 cps, Current: 4, 39
[26Jul2026 00:52:56.789] [Server thread/INFO] [net.minecraft.server.MinecraftServer/]: [Chunky] Task running for minecraft:overworld. Processed: 1128 chunks (6.99%), ETA: 1:04:39, Rate: 3.9 cps, Current: 9, 40
[26Jul2026 00:52:57.995] [Server thread/INFO] [net.minecraft.server.MinecraftServer/]: [Chunky] Task running for minecraft:overworld. Processed: 1133 chunks (7.02%), ETA: 1:04:26, Rate: 3.9 cps, Current: 13, 38
[26Jul2026 00:53:00.206] [Server thread/INFO] [net.minecraft.server.MinecraftServer/]: [Chunky] Task running for minecraft:overworld. Processed: 1144 chunks (7.09%), ETA: 1:01:55, Rate: 4.0 cps, Current: 9, 42
[26Jul2026 00:53:01.407] [Server thread/INFO] [net.minecraft.server.MinecraftServer/]: [Chunky] Task running for minecraft:overworld. Processed: 1149 chunks (7.12%), ETA: 1:04:58, Rate: 3.8 cps, Current: 13, 42
[26Jul2026 00:53:04.726] [Server thread/INFO] [net.minecraft.server.MinecraftServer/]: [Chunky] Task running for minecraft:overworld. Processed: 1155 chunks (7.16%), ETA: 1:08:01, Rate: 3.7 cps, Current: 11, 43
[26Jul2026 00:53:07.280] [Server thread/INFO] [net.minecraft.server.MinecraftServer/]: [Chunky] Task running for minecraft:overworld. Processed: 1158 chunks (7.18%), ETA: 1:07:25, Rate: 3.7 cps, Current: 11, 44
[26Jul2026 00:53:08.492] [Server thread/INFO] [net.minecraft.server.MinecraftServer/]: [Chunky] Task running for minecraft:overworld. Processed: 1169 chunks (7.25%), ETA: 1:03:37, Rate: 3.9 cps, Current: 14, 43
[26Jul2026 00:53:10.178] [Server thread/INFO] [net.minecraft.server.MinecraftServer/]: [Chunky] Task running for minecraft:overworld. Processed: 1176 chunks (7.29%), ETA: 0:50:34, Rate: 4.9 cps, Current: 13, 46
[26Jul2026 00:53:11.184] [Server thread/INFO] [net.minecraft.server.MinecraftServer/]: [Chunky] Task running for minecraft:overworld. Processed: 1192 chunks (7.39%), ETA: 0:46:17, Rate: 5.4 cps, Current: 7, 40
[26Jul2026 00:53:12.190] [Server thread/INFO] [net.minecraft.server.MinecraftServer/]: [Chunky] Task running for minecraft:overworld. Processed: 1226 chunks (7.60%), ETA: 0:38:13, Rate: 6.5 cps, Current: 0, 44
[26Jul2026 00:53:13.291] [Server thread/INFO] [net.minecraft.server.MinecraftServer/]: [Chunky] Task running for minecraft:overworld. Processed: 1244 chunks (7.71%), ETA: 0:35:56, Rate: 6.9 cps, Current: 9, 32
[26Jul2026 00:53:14.294] [Server thread/INFO] [net.minecraft.server.MinecraftServer/]: [Chunky] Task running for minecraft:overworld. Processed: 1256 chunks (7.79%), ETA: 0:34:58, Rate: 7.1 cps, Current: 2, 48
[26Jul2026 00:53:15.761] [Server thread/INFO] [net.minecraft.server.MinecraftServer/]: [Chunky] Task running for minecraft:overworld. Processed: 1264 chunks (7.84%), ETA: 0:35:22, Rate: 7.0 cps, Current: 12, 32
[26Jul2026 00:53:16.964] [Server thread/INFO] [net.minecraft.server.MinecraftServer/]: [Chunky] Task running for minecraft:overworld. Processed: 1268 chunks (7.86%), ETA: 0:36:06, Rate: 6.9 cps, Current: 5, 48
[26Jul2026 00:53:18.795] [Server thread/INFO] [net.minecraft.server.MinecraftServer/]: [Chunky] Task running for minecraft:overworld. Processed: 1270 chunks (7.87%), ETA: 0:38:04, Rate: 6.5 cps, Current: 5, 49
[26Jul2026 00:53:19.938] [Server thread/INFO] [net.minecraft.server.MinecraftServer/]: [Chunky] Task running for minecraft:overworld. Processed: 1279 chunks (7.93%), ETA: 0:38:49, Rate: 6.4 cps, Current: 5, 51
[26Jul2026 00:53:21.147] [Server thread/INFO] [net.minecraft.server.MinecraftServer/]: [Chunky] Task running for minecraft:overworld. Processed: 1281 chunks (7.94%), ETA: 0:42:15, Rate: 5.9 cps, Current: 4, 52
[26Jul2026 00:53:22.303] [Server thread/INFO] [net.minecraft.server.MinecraftServer/]: [Chunky] Task running for minecraft:overworld. Processed: 1301 chunks (8.07%), ETA: 0:38:32, Rate: 6.4 cps, Current: 2, 54
[26Jul2026 00:53:23.382] [Server thread/INFO] [net.minecraft.server.MinecraftServer/]: [Chunky] Task running for minecraft:overworld. Processed: 1309 chunks (8.12%), ETA: 0:38:18, Rate: 6.4 cps, Current: 1, 56
[26Jul2026 00:53:24.813] [Server thread/INFO] [net.minecraft.server.MinecraftServer/]: [Chunky] Task running for minecraft:overworld. Processed: 1318 chunks (8.17%), ETA: 0:36:13, Rate: 6.8 cps, Current: 0, 59
[26Jul2026 00:53:26.230] [Server thread/INFO] [net.minecraft.server.MinecraftServer/]: [Chunky] Task running for minecraft:overworld. Processed: 1322 chunks (8.20%), ETA: 0:37:15, Rate: 6.6 cps, Current: 1, 59
[26Jul2026 00:53:27.331] [Server thread/INFO] [net.minecraft.server.MinecraftServer/]: [Chunky] Task running for minecraft:overworld. Processed: 1330 chunks (8.25%), ETA: 0:36:32, Rate: 6.7 cps, Current: 15, 32
[26Jul2026 00:53:28.842] [Server thread/INFO] [net.minecraft.server.MinecraftServer/]: [Chunky] Task running for minecraft:overworld. Processed: 1333 chunks (8.26%), ETA: 0:37:09, Rate: 6.6 cps, Current: 15, 35
[26Jul2026 00:53:30.123] [Server thread/INFO] [net.minecraft.server.MinecraftServer/]: [Chunky] Task running for minecraft:overworld. Processed: 1342 chunks (8.32%), ETA: 0:37:02, Rate: 6.7 cps, Current: 4, 55
[26Jul2026 00:53:31.239] [Server thread/INFO] [net.minecraft.server.MinecraftServer/]: [Chunky] Task running for minecraft:overworld. Processed: 1346 chunks (8.35%), ETA: 0:37:07, Rate: 6.6 cps, Current: 5, 60
[26Jul2026 00:53:32.649] [Server thread/INFO] [net.minecraft.server.MinecraftServer/]: [Chunky] Task running for minecraft:overworld. Processed: 1366 chunks (8.47%), ETA: 0:32:24, Rate: 7.6 cps, Current: 15, 36
[26Jul2026 00:53:33.941] [Server thread/INFO] [net.minecraft.server.MinecraftServer/]: [Chunky] Task running for minecraft:overworld. Processed: 1369 chunks (8.49%), ETA: 0:33:25, Rate: 7.4 cps, Current: 7, 49
[26Jul2026 00:53:34.326] [Worker-Main-2/WARN] [lithostitched/]: Non-existent template pool reference: minecraft:angler_additions_3_pool
[26Jul2026 00:53:34.326] [Worker-Main-2/WARN] [lithostitched/]: Non-existent template pool reference: minecraft:angler_end_1_pool
[26Jul2026 00:53:35.052] [Server thread/INFO] [net.minecraft.server.MinecraftServer/]: [Chunky] Task running for minecraft:overworld. Processed: 1374 chunks (8.52%), ETA: 0:31:28, Rate: 7.8 cps, Current: 7, 54
[26Jul2026 00:53:36.131] [Server thread/INFO] [net.minecraft.server.MinecraftServer/]: [Chunky] Task running for minecraft:overworld. Processed: 1381 chunks (8.56%), ETA: 0:31:39, Rate: 7.8 cps, Current: 9, 56
[26Jul2026 00:53:37.388] [Server thread/INFO] [net.minecraft.server.MinecraftServer/]: [Chunky] Task running for minecraft:overworld. Processed: 1386 chunks (8.59%), ETA: 0:32:34, Rate: 7.5 cps, Current: 7, 60
[26Jul2026 00:53:39.329] [Server thread/INFO] [net.minecraft.server.MinecraftServer/]: [Chunky] Task running for minecraft:overworld. Processed: 1394 chunks (8.64%), ETA: 0:32:41, Rate: 7.5 cps, Current: 9, 60
[26Jul2026 00:53:40.412] [Server thread/INFO] [net.minecraft.server.MinecraftServer/]: [Chunky] Task running for minecraft:overworld. Processed: 1400 chunks (8.68%), ETA: 0:34:19, Rate: 7.2 cps, Current: 11, 47
[26Jul2026 00:53:41.898] [Server thread/INFO] [net.minecraft.server.MinecraftServer/]: [Chunky] Task running for minecraft:overworld. Processed: 1403 chunks (8.70%), ETA: 0:40:57, Rate: 6.0 cps, Current: 10, 61
[26Jul2026 00:53:43.274] [Server thread/INFO] [net.minecraft.server.MinecraftServer/]: [Chunky] Task running for minecraft:overworld. Processed: 1412 chunks (8.75%), ETA: 0:43:31, Rate: 5.6 cps, Current: 12, 60
[26Jul2026 00:53:44.987] [Server thread/INFO] [net.minecraft.server.MinecraftServer/]: [Chunky] Task running for minecraft:overworld. Processed: 1420 chunks (8.80%), ETA: 0:45:38, Rate: 5.4 cps, Current: 13, 60
[26Jul2026 00:53:46.026] [Server thread/INFO] [net.minecraft.server.MinecraftServer/]: [Chunky] Task running for minecraft:overworld. Processed: 1423 chunks (8.82%), ETA: 0:45:39, Rate: 5.4 cps, Current: 8, 62
[26Jul2026 00:54:04.286] [Server thread/INFO] [net.minecraft.server.MinecraftServer/]: [Chunky] Task running for minecraft:overworld. Processed: 1428 chunks (8.85%), ETA: 2:10:13, Rate: 1.9 cps, Current: 12, 62
[26Jul2026 00:54:05.686] [Server thread/INFO] [net.minecraft.server.MinecraftServer/]: [Chunky] Task running for minecraft:overworld. Processed: 1431 chunks (8.87%), ETA: 2:19:36, Rate: 1.8 cps, Current: 14, 58
[26Jul2026 00:54:06.732] [Server thread/INFO] [net.minecraft.server.MinecraftServer/]: [Chunky] Task running for minecraft:overworld. Processed: 1449 chunks (8.98%), ETA: 1:52:10, Rate: 2.2 cps, Current: 14, 47
[26Jul2026 00:54:07.794] [Server thread/INFO] [net.minecraft.server.MinecraftServer/]: [Chunky] Task running for minecraft:overworld. Processed: 1489 chunks (9.23%), ETA: 1:12:20, Rate: 3.4 cps, Current: 13, 48
[26Jul2026 00:54:08.829] [Server thread/INFO] [net.minecraft.server.MinecraftServer/]: [Chunky] Task running for minecraft:overworld. Processed: 1496 chunks (9.28%), ETA: 1:09:51, Rate: 3.5 cps, Current: 15, 38
[26Jul2026 00:54:11.881] [Server thread/INFO] [net.minecraft.server.MinecraftServer/]: [Chunky] Task running for minecraft:overworld. Processed: 1503 chunks (9.32%), ETA: 1:12:21, Rate: 3.4 cps, Current: 15, 45
[26Jul2026 00:54:15.386] [Server thread/INFO] [net.minecraft.server.MinecraftServer/]: [Chunky] Task running for minecraft:overworld. Processed: 1508 chunks (9.35%), ETA: 1:23:11, Rate: 2.9 cps, Current: 15, 50
[26Jul2026 00:54:15.666] [Worker-Main-3/WARN] [lithostitched/]: Non-existent template pool reference: minecraft:cook_additions_2_pool
[26Jul2026 00:54:15.667] [Worker-Main-3/WARN] [lithostitched/]: Non-existent template pool reference: minecraft:cook_additions_3_pool
[26Jul2026 00:54:15.667] [Worker-Main-3/WARN] [lithostitched/]: Non-existent template pool reference: minecraft:cook_additions_1_pool
[26Jul2026 00:54:15.667] [Worker-Main-3/WARN] [lithostitched/]: Non-existent template pool reference: minecraft:cook_additions_4_pool
[26Jul2026 00:54:15.668] [Worker-Main-3/WARN] [lithostitched/]: Non-existent template pool reference: minecraft:cook_end_1_pool
[26Jul2026 00:54:15.668] [Worker-Main-3/WARN] [lithostitched/]: Non-existent template pool reference: minecraft:cook_end_1_pool
[26Jul2026 00:54:15.668] [Worker-Main-3/WARN] [lithostitched/]: Non-existent template pool reference: minecraft:cook_additions_3_pool
[26Jul2026 00:54:18.741] [Server thread/INFO] [net.minecraft.server.MinecraftServer/]: [Chunky] Task running for minecraft:overworld. Processed: 1515 chunks (9.39%), ETA: 0:40:00, Rate: 6.1 cps, Current: 19, 49
[26Jul2026 00:54:19.854] [Server thread/INFO] [net.minecraft.server.MinecraftServer/]: [Chunky] Task running for minecraft:overworld. Processed: 1522 chunks (9.44%), ETA: 0:39:53, Rate: 6.1 cps, Current: 22, 50
[26Jul2026 00:54:21.006] [Server thread/INFO] [net.minecraft.server.MinecraftServer/]: [Chunky] Task running for minecraft:overworld. Processed: 1526 chunks (9.46%), ETA: 0:41:06, Rate: 5.9 cps, Current: 15, 51
[26Jul2026 00:54:24.826] [Server thread/INFO] [net.minecraft.server.MinecraftServer/]: [Chunky] Task running for minecraft:overworld. Processed: 1535 chunks (9.52%), ETA: 0:46:15, Rate: 5.3 cps, Current: 20, 52
[26Jul2026 00:54:26.055] [Server thread/INFO] [net.minecraft.server.MinecraftServer/]: [Chunky] Task running for minecraft:overworld. Processed: 1538 chunks (9.54%), ETA: 0:47:41, Rate: 5.1 cps, Current: 15, 53
[26Jul2026 00:54:27.327] [Server thread/INFO] [net.minecraft.server.MinecraftServer/]: [Chunky] Task running for minecraft:overworld. Processed: 1555 chunks (9.64%), ETA: 0:43:43, Rate: 5.6 cps, Current: 19, 54
[26Jul2026 00:54:28.508] [Server thread/INFO] [net.minecraft.server.MinecraftServer/]: [Chunky] Task running for minecraft:overworld. Processed: 1565 chunks (9.70%), ETA: 0:42:36, Rate: 5.7 cps, Current: 18, 55
[26Jul2026 00:54:29.521] [Server thread/INFO] [net.minecraft.server.MinecraftServer/]: [Chunky] Task running for minecraft:overworld. Processed: 1576 chunks (9.77%), ETA: 0:41:04, Rate: 5.9 cps, Current: 15, 59
[26Jul2026 00:54:30.874] [Server thread/INFO] [net.minecraft.server.MinecraftServer/]: [Chunky] Task running for minecraft:overworld. Processed: 1577 chunks (9.78%), ETA: 0:42:59, Rate: 5.6 cps, Current: 15, 60
[26Jul2026 00:54:31.887] [Server thread/INFO] [net.minecraft.server.MinecraftServer/]: [Chunky] Task running for minecraft:overworld. Processed: 1583 chunks (9.81%), ETA: 0:42:53, Rate: 5.7 cps, Current: 16, 60
[26Jul2026 00:54:32.954] [Server thread/INFO] [net.minecraft.server.MinecraftServer/]: [Chunky] Task running for minecraft:overworld. Processed: 1593 chunks (9.88%), ETA: 0:41:50, Rate: 5.8 cps, Current: 8, 63
[26Jul2026 00:54:34.055] [Server thread/INFO] [net.minecraft.server.MinecraftServer/]: [Chunky] Task running for minecraft:overworld. Processed: 1604 chunks (9.94%), ETA: 0:40:42, Rate: 5.9 cps, Current: 20, 60
[26Jul2026 00:54:35.212] [Server thread/INFO] [net.minecraft.server.MinecraftServer/]: [Chunky] Task running for minecraft:overworld. Processed: 1606 chunks (9.96%), ETA: 0:40:36, Rate: 6.0 cps, Current: 20, 59
[26Jul2026 00:54:36.229] [Server thread/INFO] [net.minecraft.server.MinecraftServer/]: [Chunky] Task running for minecraft:overworld. Processed: 1612 chunks (9.99%), ETA: 0:43:31, Rate: 5.6 cps, Current: 21, 56
[26Jul2026 00:54:37.258] [Server thread/INFO] [net.minecraft.server.MinecraftServer/]: [Chunky] Task running for minecraft:overworld. Processed: 1625 chunks (10.08%), ETA: 0:51:59, Rate: 4.6 cps, Current: 22, 60
[26Jul2026 00:54:43.982] [Server thread/INFO] [net.minecraft.server.MinecraftServer/]: [Chunky] Task running for minecraft:overworld. Processed: 1629 chunks (10.10%), ETA: 0:56:38, Rate: 4.3 cps, Current: 23, 57
[26Jul2026 00:54:45.538] [Server thread/INFO] [net.minecraft.server.MinecraftServer/]: [Chunky] Task running for minecraft:overworld. Processed: 1630 chunks (10.11%), ETA: 0:55:49, Rate: 4.3 cps, Current: 23, 58
[26Jul2026 00:54:47.361] [Server thread/INFO] [net.minecraft.server.MinecraftServer/]: [Chunky] Task running for minecraft:overworld. Processed: 1633 chunks (10.12%), ETA: 0:58:06, Rate: 4.2 cps, Current: 26, 57
[26Jul2026 00:54:48.395] [Server thread/INFO] [net.minecraft.server.MinecraftServer/]: [Chunky] Task running for minecraft:overworld. Processed: 1644 chunks (10.19%), ETA: 0:55:04, Rate: 4.4 cps, Current: 24, 61
[26Jul2026 00:54:49.898] [Server thread/INFO] [net.minecraft.server.MinecraftServer/]: [Chunky] Task running for minecraft:overworld. Processed: 1650 chunks (10.23%), ETA: 0:55:46, Rate: 4.3 cps, Current: 25, 60
[26Jul2026 00:54:52.726] [Server thread/INFO] [net.minecraft.server.MinecraftServer/]: [Chunky] Task running for minecraft:overworld. Processed: 1654 chunks (10.25%), ETA: 0:56:05, Rate: 4.3 cps, Current: 26, 60
[26Jul2026 00:54:54.278] [Server thread/INFO] [net.minecraft.server.MinecraftServer/]: [Chunky] Task running for minecraft:overworld. Processed: 1655 chunks (10.26%), ETA: 0:58:43, Rate: 4.1 cps, Current: 26, 61
[26Jul2026 00:54:55.310] [Server thread/INFO] [net.minecraft.server.MinecraftServer/]: [Chunky] Task running for minecraft:overworld. Processed: 1659 chunks (10.29%), ETA: 0:57:49, Rate: 4.2 cps, Current: 28, 61
[26Jul2026 00:54:56.691] [Server thread/INFO] [net.minecraft.server.MinecraftServer/]: [Chunky] Task running for minecraft:overworld. Processed: 1669 chunks (10.35%), ETA: 1:01:32, Rate: 3.9 cps, Current: 22, 48
[26Jul2026 00:54:58.608] [Server thread/INFO] [net.minecraft.server.MinecraftServer/]: [kamushkarkir: Set own game mode to Survival Mode]
[26Jul2026 00:55:00.017] [Server thread/INFO] [net.minecraft.server.MinecraftServer/]: [Chunky] Task running for minecraft:overworld. Processed: 1670 chunks (10.35%), ETA: 1:14:42, Rate: 3.2 cps, Current: 29, 61
[26Jul2026 00:55:01.148] [Server thread/INFO] [net.minecraft.server.MinecraftServer/]: [Chunky] Task running for minecraft:overworld. Processed: 1674 chunks (10.38%), ETA: 1:16:37, Rate: 3.1 cps, Current: 29, 62
[26Jul2026 00:55:02.494] [Server thread/INFO] [net.minecraft.server.MinecraftServer/]: [Chunky] Task running for minecraft:overworld. Processed: 1683 chunks (10.43%), ETA: 1:18:09, Rate: 3.1 cps, Current: 29, 58
[26Jul2026 00:55:04.141] [Server thread/INFO] [net.minecraft.server.MinecraftServer/]: [Chunky] Task running for minecraft:overworld. Processed: 1696 chunks (10.52%), ETA: 1:16:28, Rate: 3.1 cps, Current: 23, 55
[26Jul2026 00:55:05.251] [Server thread/INFO] [net.minecraft.server.MinecraftServer/]: [Chunky] Task running for minecraft:overworld. Processed: 1704 chunks (10.56%), ETA: 1:15:01, Rate: 3.2 cps, Current: 30, 57
[26Jul2026 00:55:06.361] [Server thread/INFO] [net.minecraft.server.MinecraftServer/]: [Chunky] Task running for minecraft:overworld. Processed: 1718 chunks (10.65%), ETA: 1:14:21, Rate: 3.2 cps, Current: 27, 53
[26Jul2026 00:55:07.380] [Server thread/INFO] [net.minecraft.server.MinecraftServer/]: [Chunky] Task running for minecraft:overworld. Processed: 1730 chunks (10.73%), ETA: 0:55:03, Rate: 4.4 cps, Current: 25, 51
[26Jul2026 00:55:08.534] [Server thread/INFO] [net.minecraft.server.MinecraftServer/]: [kamushkarkir: Set own game mode to Creative Mode]
[26Jul2026 00:55:08.784] [Server thread/INFO] [net.minecraft.server.MinecraftServer/]: [Chunky] Task running for minecraft:overworld. Processed: 1739 chunks (10.78%), ETA: 0:53:35, Rate: 4.5 cps, Current: 27, 50
[26Jul2026 00:55:10.550] [Server thread/INFO] [net.minecraft.server.MinecraftServer/]: [Chunky] Task running for minecraft:overworld. Processed: 1742 chunks (10.80%), ETA: 0:55:53, Rate: 4.3 cps, Current: 26, 49
[26Jul2026 00:55:11.882] [Server thread/INFO] [net.minecraft.server.MinecraftServer/]: [Chunky] Task running for minecraft:overworld. Processed: 1748 chunks (10.84%), ETA: 0:55:43, Rate: 4.3 cps, Current: 28, 49
[26Jul2026 00:55:14.256] [Server thread/INFO] [net.minecraft.server.MinecraftServer/]: [Chunky] Task running for minecraft:overworld. Processed: 1753 chunks (10.87%), ETA: 0:55:29, Rate: 4.3 cps, Current: 30, 51
[26Jul2026 00:55:16.923] [Server thread/INFO] [net.minecraft.server.MinecraftServer/]: [Chunky] Task running for minecraft:overworld. Processed: 1762 chunks (10.92%), ETA: 0:54:27, Rate: 4.4 cps, Current: 28, 47
[26Jul2026 00:55:18.494] [Server thread/INFO] [net.minecraft.server.MinecraftServer/]: [Chunky] Task running for minecraft:overworld. Processed: 1763 chunks (10.93%), ETA: 1:00:03, Rate: 4.0 cps, Current: 28, 46
[26Jul2026 00:55:20.286] [Server thread/INFO] [net.minecraft.server.MinecraftServer/]: [Chunky] Task running for minecraft:overworld. Processed: 1766 chunks (10.95%), ETA: 0:58:23, Rate: 4.1 cps, Current: 28, 44
[26Jul2026 00:55:21.407] [Server thread/INFO] [net.minecraft.server.MinecraftServer/]: [Chunky] Task running for minecraft:overworld. Processed: 1767 chunks (10.96%), ETA: 1:00:13, Rate: 4.0 cps, Current: 29, 46
[26Jul2026 00:55:23.007] [Server thread/INFO] [net.minecraft.server.MinecraftServer/]: [Chunky] Task running for minecraft:overworld. Processed: 1770 chunks (10.97%), ETA: 0:59:16, Rate: 4.0 cps, Current: 30, 47
[26Jul2026 00:55:24.063] [Server thread/INFO] [net.minecraft.server.MinecraftServer/]: [Chunky] Task running for minecraft:overworld. Processed: 1782 chunks (11.05%), ETA: 0:55:38, Rate: 4.3 cps, Current: 27, 43
[26Jul2026 00:55:26.189] [Server thread/INFO] [net.minecraft.server.MinecraftServer/]: [Chunky] Task running for minecraft:overworld. Processed: 1786 chunks (11.07%), ETA: 0:59:45, Rate: 4.0 cps, Current: 25, 41
[26Jul2026 00:55:27.239] [Server thread/INFO] [net.minecraft.server.MinecraftServer/]: [Chunky] Task running for minecraft:overworld. Processed: 1798 chunks (11.15%), ETA: 0:50:24, Rate: 4.7 cps, Current: 26, 44
[26Jul2026 00:55:28.255] [Server thread/INFO] [net.minecraft.server.MinecraftServer/]: [Chunky] Task running for minecraft:overworld. Processed: 1821 chunks (11.29%), ETA: 0:44:18, Rate: 5.4 cps, Current: 22, 46
[26Jul2026 00:55:29.280] [Server thread/INFO] [net.minecraft.server.MinecraftServer/]: [Chunky] Task running for minecraft:overworld. Processed: 1844 chunks (11.43%), ETA: 0:39:48, Rate: 6.0 cps, Current: 16, 44
[26Jul2026 00:55:29.528] [Server thread/INFO] [net.minecraft.server.MinecraftServer/]: [kamushkarkir: Set own game mode to Survival Mode]
[26Jul2026 00:55:30.294] [Server thread/INFO] [net.minecraft.server.MinecraftServer/]: [Chunky] Task running for minecraft:overworld. Processed: 1863 chunks (11.55%), ETA: 0:36:28, Rate: 6.5 cps, Current: 20, 43
[26Jul2026 00:55:30.706] [Server thread/INFO] [AllTheLeaks/]: Listing events...
[26Jul2026 00:55:30.706] [Server thread/INFO] [AllTheLeaks/]: Server Player Logout: 1
[26Jul2026 00:55:30.706] [Server thread/INFO] [AllTheLeaks/]: Listing memory leaks so far...
[26Jul2026 00:55:30.706] [Server thread/INFO] [AllTheLeaks/]: B: 873MB / C: 1548MB / Diff: +675MB
[26Jul2026 00:55:30.706] [Server thread/INFO] [AllTheLeaks/]: Memory Leaks detected: (/atl force_refresh to update)
[26Jul2026 00:55:30.706] [Server thread/INFO] [AllTheLeaks/]: | ChunkAccess:
[26Jul2026 00:55:30.706] [Server thread/INFO] [AllTheLeaks/]: |- LevelChunk (minecraft): 457
[26Jul2026 00:55:30.706] [Server thread/INFO] [AllTheLeaks/]: | Player:
[26Jul2026 00:55:30.706] [Server thread/INFO] [AllTheLeaks/]: |- ServerPlayer (minecraft): 1
[26Jul2026 00:55:31.375] [Server thread/INFO] [net.minecraft.server.MinecraftServer/]: [Chunky] Task running for minecraft:overworld. Processed: 1870 chunks (11.59%), ETA: 0:36:30, Rate: 6.5 cps, Current: 23, 42
[26Jul2026 00:55:32.695] [Server thread/INFO] [net.minecraft.server.MinecraftServer/]: [Chunky] Task running for minecraft:overworld. Processed: 1881 chunks (11.66%), ETA: 0:36:27, Rate: 6.5 cps, Current: 30, 63
[26Jul2026 00:55:33.834] [Server thread/INFO] [net.minecraft.server.MinecraftServer/]: [Chunky] Task running for minecraft:overworld. Processed: 1890 chunks (11.72%), ETA: 0:36:08, Rate: 6.6 cps, Current: 19, 39
[26Jul2026 00:55:34.883] [Server thread/INFO] [net.minecraft.server.MinecraftServer/]: [Chunky] Task running for minecraft:overworld. Processed: 1903 chunks (11.80%), ETA: 0:35:07, Rate: 6.7 cps, Current: 16, 37
[26Jul2026 00:55:35.888] [Server thread/INFO] [net.minecraft.server.MinecraftServer/]: [Chunky] Task running for minecraft:overworld. Processed: 1912 chunks (11.85%), ETA: 0:35:52, Rate: 6.6 cps, Current: 18, 36
[26Jul2026 00:55:36.901] [Server thread/INFO] [net.minecraft.server.MinecraftServer/]: [Chunky] Task running for minecraft:overworld. Processed: 1919 chunks (11.90%), ETA: 0:36:47, Rate: 6.4 cps, Current: 17, 33
[26Jul2026 00:55:38.030] [Server thread/INFO] [net.minecraft.server.MinecraftServer/]: [Chunky] Task running for minecraft:overworld. Processed: 1920 chunks (11.90%), ETA: 0:38:03, Rate: 6.2 cps, Current: 18, 34
[26Jul2026 00:55:39.039] [Server thread/INFO] [net.minecraft.server.MinecraftServer/]: [Chunky] Task running for minecraft:overworld. Processed: 1934 chunks (11.99%), ETA: 0:34:55, Rate: 6.8 cps, Current: 31, 59
[26Jul2026 00:55:39.369] [Worker-Main-3/WARN] [lithostitched/]: Non-existent template pool reference: minecraft:miner_main_room_pool
[26Jul2026 00:55:39.369] [Worker-Main-3/WARN] [lithostitched/]: Non-existent template pool reference: minecraft:miner_additions_2_pool
[26Jul2026 00:55:39.369] [Worker-Main-3/WARN] [lithostitched/]: Non-existent template pool reference: minecraft:miner_additions_3_pool
[26Jul2026 00:55:39.369] [Worker-Main-3/WARN] [lithostitched/]: Non-existent template pool reference: minecraft:miner_additions_1_pool
[26Jul2026 00:55:40.043] [Server thread/INFO] [net.minecraft.server.MinecraftServer/]: [Chunky] Task running for minecraft:overworld. Processed: 1941 chunks (12.03%), ETA: 0:34:52, Rate: 6.8 cps, Current: 21, 33
[26Jul2026 00:55:41.277] [Server thread/INFO] [net.minecraft.server.MinecraftServer/]: [Chunky] Task running for minecraft:overworld. Processed: 1949 chunks (12.08%), ETA: 0:34:23, Rate: 6.9 cps, Current: 23, 34
[26Jul2026 00:55:42.401] [Server thread/INFO] [net.minecraft.server.MinecraftServer/]: [Chunky] Task running for minecraft:overworld. Processed: 1961 chunks (12.16%), ETA: 0:31:47, Rate: 7.4 cps, Current: 24, 39
[26Jul2026 00:55:43.552] [Server thread/INFO] [net.minecraft.server.MinecraftServer/]: [Chunky] Task running for minecraft:overworld. Processed: 1972 chunks (12.23%), ETA: 0:31:25, Rate: 7.5 cps, Current: 26, 39
[26Jul2026 00:55:44.649] [Server thread/INFO] [net.minecraft.server.MinecraftServer/]: [Chunky] Task running for minecraft:overworld. Processed: 1981 chunks (12.28%), ETA: 0:29:43, Rate: 7.9 cps, Current: 26, 36
[26Jul2026 00:55:45.799] [Server thread/INFO] [net.minecraft.server.MinecraftServer/]: [Chunky] Task running for minecraft:overworld. Processed: 1986 chunks (12.31%), ETA: 0:30:15, Rate: 7.8 cps, Current: 28, 38
[26Jul2026 00:55:46.811] [Server thread/INFO] [net.minecraft.server.MinecraftServer/]: [Chunky] Task running for minecraft:overworld. Processed: 1998 chunks (12.39%), ETA: 0:29:42, Rate: 7.9 cps, Current: 30, 39
[26Jul2026 00:55:48.456] [Server thread/INFO] [net.minecraft.server.MinecraftServer/]: [Chunky] Task running for minecraft:overworld. Processed: 2025 chunks (12.56%), ETA: 0:26:46, Rate: 8.8 cps, Current: 28, 33
[26Jul2026 00:55:49.943] [Server thread/INFO] [net.minecraft.server.MinecraftServer/]: [Chunky] Task running for minecraft:overworld. Processed: 2027 chunks (12.57%), ETA: 0:26:36, Rate: 8.8 cps, Current: 1, 5
[26Jul2026 00:55:50.964] [Server thread/INFO] [net.minecraft.server.MinecraftServer/]: [Chunky] Task running for minecraft:overworld. Processed: 2035 chunks (12.62%), ETA: 0:25:48, Rate: 9.1 cps, Current: 1, 6
[26Jul2026 00:55:52.504] [Server thread/INFO] [net.minecraft.server.MinecraftServer/]: [Chunky] Task running for minecraft:overworld. Processed: 2037 chunks (12.63%), ETA: 0:25:51, Rate: 9.1 cps, Current: 2, 6
[26Jul2026 00:55:53.654] [Server thread/INFO] [net.minecraft.server.MinecraftServer/]: [Chunky] Task running for minecraft:overworld. Processed: 2038 chunks (12.64%), ETA: 0:27:02, Rate: 8.7 cps, Current: 3, 5
[26Jul2026 00:55:54.781] [Server thread/INFO] [net.minecraft.server.MinecraftServer/]: [Chunky] Task running for minecraft:overworld. Processed: 2046 chunks (12.69%), ETA: 0:25:42, Rate: 9.1 cps, Current: 31, 46
[26Jul2026 00:55:57.105] [Server thread/INFO] [net.minecraft.server.MinecraftServer/]: [Chunky] Task running for minecraft:overworld. Processed: 2050 chunks (12.71%), ETA: 0:27:41, Rate: 8.5 cps, Current: 5, 5
[26Jul2026 00:55:58.297] [Server thread/INFO] [net.minecraft.server.MinecraftServer/]: [Chunky] Task running for minecraft:overworld. Processed: 2054 chunks (12.73%), ETA: 0:32:15, Rate: 7.3 cps, Current: 4, 3
[26Jul2026 00:55:59.354] [Server thread/INFO] [net.minecraft.server.MinecraftServer/]: [Chunky] Task running for minecraft:overworld. Processed: 2055 chunks (12.74%), ETA: 0:35:19, Rate: 6.6 cps, Current: 6, 6
[26Jul2026 00:56:00.505] [Server thread/INFO] [net.minecraft.server.MinecraftServer/]: [Chunky] Task running for minecraft:overworld. Processed: 2060 chunks (12.77%), ETA: 0:35:45, Rate: 6.6 cps, Current: 31, 41
[26Jul2026 00:56:01.597] [Server thread/INFO] [net.minecraft.server.MinecraftServer/]: [Chunky] Task running for minecraft:overworld. Processed: 2069 chunks (12.83%), ETA: 0:35:50, Rate: 6.5 cps, Current: 16, 32
[26Jul2026 00:56:03.154] [Server thread/INFO] [net.minecraft.server.MinecraftServer/]: [Chunky] Task running for minecraft:overworld. Processed: 2081 chunks (12.90%), ETA: 0:35:45, Rate: 6.5 cps, Current: 27, 32
[26Jul2026 00:56:09.075] [Server thread/INFO] [net.minecraft.server.MinecraftServer/]: [Chunky] Task running for minecraft:overworld. Processed: 2083 chunks (12.91%), ETA: 0:47:31, Rate: 4.9 cps, Current: 6, 1
[26Jul2026 00:56:10.196] [Server thread/INFO] [net.minecraft.server.MinecraftServer/]: [Chunky] Task running for minecraft:overworld. Processed: 2089 chunks (12.95%), ETA: 0:47:59, Rate: 4.9 cps, Current: 9, 1
[26Jul2026 00:56:13.403] [Server thread/INFO] [net.minecraft.server.MinecraftServer/]: [Chunky] Task running for minecraft:overworld. Processed: 2091 chunks (12.96%), ETA: 0:58:11, Rate: 4.0 cps, Current: 11, 1
[26Jul2026 00:56:15.153] [Server thread/INFO] [net.minecraft.server.MinecraftServer/]: [Chunky] Task running for minecraft:overworld. Processed: 2096 chunks (13.00%), ETA: 1:01:51, Rate: 3.8 cps, Current: 14, 1
[26Jul2026 00:56:17.605] [Server thread/INFO] [net.minecraft.server.MinecraftServer/]: [Chunky] Task running for minecraft:overworld. Processed: 2100 chunks (13.02%), ETA: 1:29:40, Rate: 2.6 cps, Current: 7, 3
[26Jul2026 00:56:18.986] [Server thread/INFO] [net.minecraft.server.MinecraftServer/]: [Chunky] Task running for minecraft:overworld. Processed: 2107 chunks (13.06%), ETA: 1:23:47, Rate: 2.8 cps, Current: 12, 4
[26Jul2026 00:56:20.855] [Server thread/INFO] [net.minecraft.server.MinecraftServer/]: [Chunky] Task running for minecraft:overworld. Processed: 2111 chunks (13.09%), ETA: 1:30:41, Rate: 2.6 cps, Current: 13, 5
[26Jul2026 00:56:22.006] [Server thread/INFO] [net.minecraft.server.MinecraftServer/]: [Chunky] Task running for minecraft:overworld. Processed: 2115 chunks (13.11%), ETA: 1:27:13, Rate: 2.7 cps, Current: 7, 5
[26Jul2026 00:56:23.045] [Server thread/INFO] [net.minecraft.server.MinecraftServer/]: [Chunky] Task running for minecraft:overworld. Processed: 2127 chunks (13.19%), ETA: 1:16:12, Rate: 3.1 cps, Current: 9, 6
[26Jul2026 00:56:24.311] [Server thread/INFO] [net.minecraft.server.MinecraftServer/]: [Chunky] Task running for minecraft:overworld. Processed: 2131 chunks (13.21%), ETA: 1:20:06, Rate: 2.9 cps, Current: 13, 6
[26Jul2026 00:56:26.099] [Server thread/INFO] [net.minecraft.server.MinecraftServer/]: [Chunky] Task running for minecraft:overworld. Processed: 2134 chunks (13.23%), ETA: 1:19:33, Rate: 2.9 cps, Current: 0, 7
[26Jul2026 00:56:28.051] [Server thread/INFO] [net.minecraft.server.MinecraftServer/]: [Chunky] Task running for minecraft:overworld. Processed: 2142 chunks (13.28%), ETA: 1:17:56, Rate: 3.0 cps, Current: 8, 7
[26Jul2026 00:56:29.382] [Server thread/INFO] [net.minecraft.server.MinecraftServer/]: [Chunky] Task running for minecraft:overworld. Processed: 2144 chunks (13.29%), ETA: 1:19:11, Rate: 2.9 cps, Current: 9, 7
[26Jul2026 00:56:30.649] [Server thread/INFO] [net.minecraft.server.MinecraftServer/]: [Chunky] Task running for minecraft:overworld. Processed: 2147 chunks (13.31%), ETA: 1:25:41, Rate: 2.7 cps, Current: 10, 7
[26Jul2026 00:56:32.125] [Server thread/INFO] [net.minecraft.server.MinecraftServer/]: [Chunky] Task running for minecraft:overworld. Processed: 2152 chunks (13.34%), ETA: 1:33:43, Rate: 2.5 cps, Current: 12, 7
[26Jul2026 00:56:33.734] [Server thread/INFO] [net.minecraft.server.MinecraftServer/]: [Chunky] Task running for minecraft:overworld. Processed: 2156 chunks (13.37%), ETA: 1:17:36, Rate: 3.0 cps, Current: 10, 8
[26Jul2026 00:56:34.888] [Server thread/INFO] [net.minecraft.server.MinecraftServer/]: [Chunky] Task running for minecraft:overworld. Processed: 2165 chunks (13.42%), ETA: 1:12:22, Rate: 3.2 cps, Current: 13, 9
[26Jul2026 00:56:36.157] [Server thread/INFO] [net.minecraft.server.MinecraftServer/]: [Chunky] Task running for minecraft:overworld. Processed: 2172 chunks (13.47%), ETA: 1:09:59, Rate: 3.3 cps, Current: 13, 12
[26Jul2026 00:56:37.298] [Server thread/INFO] [net.minecraft.server.MinecraftServer/]: [Chunky] Task running for minecraft:overworld. Processed: 2174 chunks (13.48%), ETA: 1:11:20, Rate: 3.3 cps, Current: 14, 8
[26Jul2026 00:56:38.355] [Server thread/INFO] [net.minecraft.server.MinecraftServer/]: [Chunky] Task running for minecraft:overworld. Processed: 2183 chunks (13.53%), ETA: 1:07:22, Rate: 3.4 cps, Current: 14, 14
[26Jul2026 00:56:39.613] [Server thread/INFO] [net.minecraft.server.MinecraftServer/]: [Chunky] Task running for minecraft:overworld. Processed: 2197 chunks (13.62%), ETA: 1:02:39, Rate: 3.7 cps, Current: 10, 14
[26Jul2026 00:56:40.610] [Server thread/INFO] [net.minecraft.server.MinecraftServer/]: [Chunky] Task running for minecraft:overworld. Processed: 2203 chunks (13.66%), ETA: 0:55:53, Rate: 4.2 cps, Current: 29, 32
[26Jul2026 00:56:41.629] [Server thread/INFO] [net.minecraft.server.MinecraftServer/]: [Chunky] Task running for minecraft:overworld. Processed: 2211 chunks (13.71%), ETA: 0:54:06, Rate: 4.3 cps, Current: 5, 14
[26Jul2026 00:56:42.660] [Server thread/INFO] [net.minecraft.server.MinecraftServer/]: [Chunky] Task running for minecraft:overworld. Processed: 2227 chunks (13.81%), ETA: 0:49:28, Rate: 4.7 cps, Current: 4, 8
[26Jul2026 00:56:43.690] [Server thread/INFO] [net.minecraft.server.MinecraftServer/]: [Chunky] Task running for minecraft:overworld. Processed: 2241 chunks (13.89%), ETA: 0:45:14, Rate: 5.1 cps, Current: 2, 9
[26Jul2026 00:56:43.718] [Worker-Main-2/ERROR] [net.minecraft.world.entity.animal.allay.Allay/]: No key selector in MapLike[{event_delay:0,event_distance:0.0f,range:16,source:{source_entity:[I;672061792,-366263352,-1752079043,-405291646],type:"minecraft:entity",y_offset:0.36f}}]
[26Jul2026 00:56:44.846] [Server thread/INFO] [net.minecraft.server.MinecraftServer/]: [Chunky] Task running for minecraft:overworld. Processed: 2256 chunks (13.99%), ETA: 0:42:38, Rate: 5.4 cps, Current: 3, 13
[26Jul2026 00:56:45.003] [Worker-Main-1/ERROR] [net.minecraft.world.entity.animal.allay.Allay/]: No key selector in MapLike[{event_delay:0,event_distance:0.0f,range:16,source:{source_entity:[I;176865803,-972338229,-2060744252,-623071664],type:"minecraft:entity",y_offset:0.36f}}]
[26Jul2026 00:56:46.375] [Server thread/INFO] [net.minecraft.server.MinecraftServer/]: [Chunky] Task running for minecraft:overworld. Processed: 2269 chunks (14.07%), ETA: 0:39:05, Rate: 5.9 cps, Current: 1, 16
[26Jul2026 00:56:47.517] [Server thread/INFO] [net.minecraft.server.MinecraftServer/]: [Chunky] Task running for minecraft:overworld. Processed: 2279 chunks (14.13%), ETA: 0:38:21, Rate: 6.0 cps, Current: 4, 16
[26Jul2026 00:56:48.532] [Server thread/INFO] [net.minecraft.server.MinecraftServer/]: [Chunky] Task running for minecraft:overworld. Processed: 2285 chunks (14.17%), ETA: 0:38:05, Rate: 6.1 cps, Current: 5, 0
[26Jul2026 00:56:49.562] [Server thread/INFO] [net.minecraft.server.MinecraftServer/]: [Chunky] Task running for minecraft:overworld. Processed: 2297 chunks (14.24%), ETA: 0:35:23, Rate: 6.5 cps, Current: 6, 18
[26Jul2026 00:56:50.641] [Server thread/INFO] [net.minecraft.server.MinecraftServer/]: [Chunky] Task running for minecraft:overworld. Processed: 2302 chunks (14.27%), ETA: 0:35:45, Rate: 6.4 cps, Current: 6, 20
[26Jul2026 00:56:51.687] [Server thread/INFO] [net.minecraft.server.MinecraftServer/]: [Chunky] Task running for minecraft:overworld. Processed: 2311 chunks (14.33%), ETA: 0:34:41, Rate: 6.6 cps, Current: 4, 21
[26Jul2026 00:56:52.831] [Server thread/INFO] [net.minecraft.server.MinecraftServer/]: [Chunky] Task running for minecraft:overworld. Processed: 2327 chunks (14.43%), ETA: 0:34:05, Rate: 6.7 cps, Current: 14, 0
[26Jul2026 00:56:54.285] [Server thread/INFO] [net.minecraft.server.MinecraftServer/]: [Chunky] Task running for minecraft:overworld. Processed: 2334 chunks (14.47%), ETA: 0:33:46, Rate: 6.8 cps, Current: 1, 25
[26Jul2026 00:56:55.361] [Server thread/INFO] [net.minecraft.server.MinecraftServer/]: [Chunky] Task running for minecraft:overworld. Processed: 2365 chunks (14.66%), ETA: 0:28:56, Rate: 7.9 cps, Current: 3, 31
[26Jul2026 00:56:56.375] [Server thread/INFO] [net.minecraft.server.MinecraftServer/]: [Chunky] Task running for minecraft:overworld. Processed: 2377 chunks (14.74%), ETA: 0:27:30, Rate: 8.3 cps, Current: 3, 27
[26Jul2026 00:56:57.729] [Server thread/INFO] [net.minecraft.server.MinecraftServer/]: [Chunky] Task running for minecraft:overworld. Processed: 2393 chunks (14.84%), ETA: 0:26:57, Rate: 8.5 cps, Current: 6, 31
[26Jul2026 00:56:58.792] [Server thread/INFO] [net.minecraft.server.MinecraftServer/]: [Chunky] Task running for minecraft:overworld. Processed: 2412 chunks (14.95%), ETA: 0:24:59, Rate: 9.1 cps, Current: 9, 26
[26Jul2026 00:56:59.904] [Server thread/INFO] [net.minecraft.server.MinecraftServer/]: [Chunky] Task running for minecraft:overworld. Processed: 2429 chunks (15.06%), ETA: 0:23:36, Rate: 9.7 cps, Current: 10, 29
[26Jul2026 00:57:00.998] [Server thread/INFO] [net.minecraft.server.MinecraftServer/]: [Chunky] Task running for minecraft:overworld. Processed: 2447 chunks (15.17%), ETA: 0:22:14, Rate: 10.3 cps, Current: 7, 19
[26Jul2026 00:57:02.024] [Server thread/INFO] [net.minecraft.server.MinecraftServer/]: [Chunky] Task running for minecraft:overworld. Processed: 2457 chunks (15.23%), ETA: 0:22:15, Rate: 10.2 cps, Current: 14, 30
[26Jul2026 00:57:03.032] [Server thread/INFO] [net.minecraft.server.MinecraftServer/]: [Chunky] Task running for minecraft:overworld. Processed: 2468 chunks (15.30%), ETA: 0:21:18, Rate: 10.7 cps, Current: 11, 24
[26Jul2026 00:57:04.144] [Server thread/INFO] [net.minecraft.server.MinecraftServer/]: [Chunky] Task running for minecraft:overworld. Processed: 2516 chunks (15.60%), ETA: 0:18:51, Rate: 12.0 cps, Current: 14, 23
[26Jul2026 00:57:05.375] [Server thread/INFO] [net.minecraft.server.MinecraftServer/]: [Chunky] Task running for minecraft:overworld. Processed: 2524 chunks (15.65%), ETA: 0:18:46, Rate: 12.1 cps, Current: 14, 22
[26Jul2026 00:57:06.480] [Server thread/INFO] [net.minecraft.server.MinecraftServer/]: [Chunky] Task running for minecraft:overworld. Processed: 2531 chunks (15.69%), ETA: 0:18:28, Rate: 12.3 cps, Current: 15, 29
[26Jul2026 00:57:09.405] [Server thread/INFO] [net.minecraft.server.MinecraftServer/]: [Chunky] Task running for minecraft:overworld. Processed: 2541 chunks (15.75%), ETA: 0:19:33, Rate: 11.6 cps, Current: 15, 19
[26Jul2026 00:57:10.431] [Server thread/INFO] [net.minecraft.server.MinecraftServer/]: [Chunky] Task running for minecraft:overworld. Processed: 2550 chunks (15.81%), ETA: 0:19:23, Rate: 11.7 cps, Current: 19, 18
[26Jul2026 00:57:11.450] [Server thread/INFO] [net.minecraft.server.MinecraftServer/]: [Chunky] Task running for minecraft:overworld. Processed: 2554 chunks (15.83%), ETA: 0:19:36, Rate: 11.5 cps, Current: 20, 21
[26Jul2026 00:57:12.490] [Server thread/INFO] [net.minecraft.server.MinecraftServer/]: [Chunky] Task running for minecraft:overworld. Processed: 2560 chunks (15.87%), ETA: 0:20:11, Rate: 11.2 cps, Current: 15, 17
[26Jul2026 00:57:14.175] [Server thread/INFO] [net.minecraft.server.MinecraftServer/]: [Chunky] Task running for minecraft:overworld. Processed: 2582 chunks (16.01%), ETA: 0:20:15, Rate: 11.1 cps, Current: 18, 17
[26Jul2026 00:57:15.447] [Server thread/INFO] [net.minecraft.server.MinecraftServer/]: [Chunky] Task running for minecraft:overworld. Processed: 2593 chunks (16.08%), ETA: 0:20:10, Rate: 11.2 cps, Current: 22, 19
[26Jul2026 00:57:16.485] [Server thread/INFO] [net.minecraft.server.MinecraftServer/]: [Chunky] Task running for minecraft:overworld. Processed: 2621 chunks (16.25%), ETA: 0:19:00, Rate: 11.8 cps, Current: 19, 26
[26Jul2026 00:57:17.922] [Server thread/INFO] [net.minecraft.server.MinecraftServer/]: [Chunky] Task running for minecraft:overworld. Processed: 2642 chunks (16.38%), ETA: 0:18:27, Rate: 12.2 cps, Current: 22, 31
[26Jul2026 00:57:18.932] [Server thread/INFO] [net.minecraft.server.MinecraftServer/]: [Chunky] Task running for minecraft:overworld. Processed: 2649 chunks (16.42%), ETA: 0:18:41, Rate: 12.0 cps, Current: 23, 31
[26Jul2026 00:57:20.182] [Server thread/INFO] [net.minecraft.server.MinecraftServer/]: [Chunky] Task running for minecraft:overworld. Processed: 2657 chunks (16.47%), ETA: 0:18:37, Rate: 12.1 cps, Current: 24, 27
[26Jul2026 00:57:21.804] [Server thread/INFO] [net.minecraft.server.MinecraftServer/]: [Chunky] Task running for minecraft:overworld. Processed: 2670 chunks (16.55%), ETA: 0:18:53, Rate: 11.9 cps, Current: 26, 25
[26Jul2026 00:57:22.994] [Server thread/INFO] [net.minecraft.server.MinecraftServer/]: [Chunky] Task running for minecraft:overworld. Processed: 2682 chunks (16.63%), ETA: 0:18:26, Rate: 12.2 cps, Current: 15, 7
[26Jul2026 00:57:24.230] [Server thread/INFO] [net.minecraft.server.MinecraftServer/]: [Chunky] Task running for minecraft:overworld. Processed: 2686 chunks (16.65%), ETA: 0:19:00, Rate: 11.8 cps, Current: 15, 11
[26Jul2026 00:57:25.338] [Server thread/INFO] [net.minecraft.server.MinecraftServer/]: [Chunky] Task running for minecraft:overworld. Processed: 2699 chunks (16.73%), ETA: 0:20:01, Rate: 11.2 cps, Current: 28, 30
[26Jul2026 00:57:26.611] [Server thread/INFO] [net.minecraft.server.MinecraftServer/]: [Chunky] Task running for minecraft:overworld. Processed: 2710 chunks (16.80%), ETA: 0:20:18, Rate: 11.0 cps, Current: 16, 16
[26Jul2026 00:57:28.083] [Server thread/INFO] [net.minecraft.server.MinecraftServer/]: [Chunky] Task running for minecraft:overworld. Processed: 2716 chunks (16.84%), ETA: 0:21:28, Rate: 10.4 cps, Current: 28, 27
[26Jul2026 00:57:29.282] [Server thread/INFO] [net.minecraft.server.MinecraftServer/]: [Chunky] Task running for minecraft:overworld. Processed: 2729 chunks (16.92%), ETA: 0:21:47, Rate: 10.2 cps, Current: 27, 23
[26Jul2026 00:57:30.349] [Server thread/INFO] [net.minecraft.server.MinecraftServer/]: [Chunky] Task running for minecraft:overworld. Processed: 2736 chunks (16.96%), ETA: 0:22:35, Rate: 9.9 cps, Current: 29, 23
[26Jul2026 00:57:31.679] [Server thread/INFO] [net.minecraft.server.MinecraftServer/]: [Chunky] Task running for minecraft:overworld. Processed: 2752 chunks (17.06%), ETA: 0:22:20, Rate: 10.0 cps, Current: 23, 19
[26Jul2026 00:57:32.981] [Server thread/INFO] [net.minecraft.server.MinecraftServer/]: [Chunky] Task running for minecraft:overworld. Processed: 2764 chunks (17.14%), ETA: 0:22:27, Rate: 9.9 cps, Current: 27, 20
[26Jul2026 00:57:34.124] [Server thread/INFO] [net.minecraft.server.MinecraftServer/]: [Chunky] Task running for minecraft:overworld. Processed: 2776 chunks (17.21%), ETA: 0:25:17, Rate: 8.8 cps, Current: 28, 18
[26Jul2026 00:57:35.531] [Server thread/INFO] [net.minecraft.server.MinecraftServer/]: [Chunky] Task running for minecraft:overworld. Processed: 2777 chunks (17.22%), ETA: 0:26:10, Rate: 8.5 cps, Current: 30, 21
[26Jul2026 00:57:37.175] [Server thread/INFO] [net.minecraft.server.MinecraftServer/]: [Chunky] Task running for minecraft:overworld. Processed: 2786 chunks (17.27%), ETA: 0:25:06, Rate: 8.9 cps, Current: 22, 16
[26Jul2026 00:57:38.703] [Server thread/INFO] [net.minecraft.server.MinecraftServer/]: [Chunky] Task running for minecraft:overworld. Processed: 2791 chunks (17.30%), ETA: 0:25:56, Rate: 8.6 cps, Current: 27, 16
[26Jul2026 00:57:43.923] [Server thread/INFO] [net.minecraft.server.MinecraftServer/]: [Chunky] Task running for minecraft:overworld. Processed: 2792 chunks (17.31%), ETA: 0:31:20, Rate: 7.1 cps, Current: 28, 16
[26Jul2026 00:57:46.083] [Server thread/INFO] [net.minecraft.server.MinecraftServer/]: [Chunky] Task running for minecraft:overworld. Processed: 2795 chunks (17.33%), ETA: 0:37:35, Rate: 5.9 cps, Current: 28, 13
[26Jul2026 00:57:47.829] [Server thread/INFO] [net.minecraft.server.MinecraftServer/]: [Chunky] Task running for minecraft:overworld. Processed: 2797 chunks (17.34%), ETA: 0:42:35, Rate: 5.2 cps, Current: 29, 18
[26Jul2026 00:57:48.866] [Server thread/INFO] [net.minecraft.server.MinecraftServer/]: [Chunky] Task running for minecraft:overworld. Processed: 2803 chunks (17.38%), ETA: 0:42:53, Rate: 5.2 cps, Current: 29, 13
[26Jul2026 00:57:49.904] [Server thread/INFO] [net.minecraft.server.MinecraftServer/]: [Chunky] Task running for minecraft:overworld. Processed: 2811 chunks (17.43%), ETA: 0:42:33, Rate: 5.2 cps, Current: 30, 17
[26Jul2026 00:57:51.192] [Server thread/INFO] [net.minecraft.server.MinecraftServer/]: [Chunky] Task running for minecraft:overworld. Processed: 2813 chunks (17.44%), ETA: 0:45:17, Rate: 4.9 cps, Current: 27, 10
[26Jul2026 00:57:52.545] [Server thread/INFO] [net.minecraft.server.MinecraftServer/]: [Chunky] Task running for minecraft:overworld. Processed: 2822 chunks (17.50%), ETA: 0:46:28, Rate: 4.8 cps, Current: 25, 12
[26Jul2026 00:57:53.678] [Server thread/INFO] [net.minecraft.server.MinecraftServer/]: [Chunky] Task running for minecraft:overworld. Processed: 2843 chunks (17.63%), ETA: 0:41:16, Rate: 5.4 cps, Current: 23, 14
[26Jul2026 00:57:54.185] [Server thread/INFO] [net.minecraft.server.MinecraftServer/]: [kamushkarkir: Set own game mode to Creative Mode]
[26Jul2026 00:57:54.688] [Server thread/INFO] [net.minecraft.server.MinecraftServer/]: [Chunky] Task running for minecraft:overworld. Processed: 2873 chunks (17.81%), ETA: 0:37:03, Rate: 6.0 cps, Current: 19, 12
[26Jul2026 00:57:55.691] [Server thread/INFO] [net.minecraft.server.MinecraftServer/]: [Chunky] Task running for minecraft:overworld. Processed: 2881 chunks (17.86%), ETA: 0:37:19, Rate: 5.9 cps, Current: 17, 10
[26Jul2026 00:57:56.243] [Server thread/INFO] [net.minecraft.server.MinecraftServer/]: [kamushkarkir: Set own game mode to Survival Mode]
[26Jul2026 00:57:57.374] [Server thread/INFO] [net.minecraft.server.MinecraftServer/]: [Chunky] Task running for minecraft:overworld. Processed: 2905 chunks (18.01%), ETA: 0:33:58, Rate: 6.5 cps, Current: 16, 8
[26Jul2026 00:57:58.430] [Server thread/INFO] [net.minecraft.server.MinecraftServer/]: [Chunky] Task running for minecraft:overworld. Processed: 2922 chunks (18.12%), ETA: 0:33:04, Rate: 6.7 cps, Current: 16, 6
[26Jul2026 00:57:59.625] [Server thread/INFO] [net.minecraft.server.MinecraftServer/]: [Chunky] Task running for minecraft:overworld. Processed: 2935 chunks (18.20%), ETA: 0:32:11, Rate: 6.8 cps, Current: 16, 4
[26Jul2026 00:58:00.795] [Server thread/INFO] [net.minecraft.server.MinecraftServer/]: [Chunky] Task running for minecraft:overworld. Processed: 2950 chunks (18.29%), ETA: 0:32:08, Rate: 6.8 cps, Current: 16, 1
[26Jul2026 00:58:01.860] [Server thread/INFO] [net.minecraft.server.MinecraftServer/]: [Chunky] Task running for minecraft:overworld. Processed: 2963 chunks (18.37%), ETA: 0:31:41, Rate: 6.9 cps, Current: 31, 23
[26Jul2026 00:58:03.002] [Server thread/INFO] [net.minecraft.server.MinecraftServer/]: [Chunky] Task running for minecraft:overworld. Processed: 2971 chunks (18.42%), ETA: 0:32:18, Rate: 6.8 cps, Current: 21, 1
[26Jul2026 00:58:04.162] [Server thread/INFO] [net.minecraft.server.MinecraftServer/]: [Chunky] Task running for minecraft:overworld. Processed: 2988 chunks (18.53%), ETA: 0:29:34, Rate: 7.4 cps, Current: 25, 2
[26Jul2026 00:58:05.196] [Server thread/INFO] [net.minecraft.server.MinecraftServer/]: [Chunky] Task running for minecraft:overworld. Processed: 2995 chunks (18.57%), ETA: 0:29:39, Rate: 7.4 cps, Current: 24, 1
[26Jul2026 00:58:06.210] [Server thread/INFO] [net.minecraft.server.MinecraftServer/]: [Chunky] Task running for minecraft:overworld. Processed: 3008 chunks (18.65%), ETA: 0:28:28, Rate: 7.7 cps, Current: 29, 8
[26Jul2026 00:58:07.351] [Server thread/INFO] [net.minecraft.server.MinecraftServer/]: [Chunky] Task running for minecraft:overworld. Processed: 3021 chunks (18.73%), ETA: 0:27:05, Rate: 8.1 cps, Current: 30, 7
[26Jul2026 00:58:08.799] [Server thread/INFO] [net.minecraft.server.MinecraftServer/]: [Chunky] Task running for minecraft:overworld. Processed: 3028 chunks (18.77%), ETA: 0:22:55, Rate: 9.5 cps, Current: 30, 5
[26Jul2026 00:58:10.536] [Server thread/INFO] [net.minecraft.server.MinecraftServer/]: [Chunky] Task running for minecraft:overworld. Processed: 3029 chunks (18.78%), ETA: 0:24:24, Rate: 8.9 cps, Current: 30, 4
[26Jul2026 00:58:14.784] [Server thread/INFO] [net.minecraft.server.MinecraftServer/]: [Chunky] Task running for minecraft:overworld. Processed: 3031 chunks (18.79%), ETA: 0:26:26, Rate: 8.3 cps, Current: 27, 1
[26Jul2026 00:58:33.156] [Server thread/INFO] [net.minecraft.server.MinecraftServer/]: [Chunky] Task running for minecraft:overworld. Processed: 3032 chunks (18.80%), ETA: 2:20:38, Rate: 1.6 cps, Current: 29, 2
[26Jul2026 00:58:35.824] [Server thread/INFO] [net.minecraft.server.MinecraftServer/]: [Chunky] Task running for minecraft:overworld. Processed: 3033 chunks (18.80%), ETA: 4:08:36, Rate: 0.9 cps, Current: 28, 1
[26Jul2026 00:58:37.140] [Server thread/INFO] [net.minecraft.server.MinecraftServer/]: [Chunky] Task running for minecraft:overworld. Processed: 3034 chunks (18.81%), ETA: 7:44:23, Rate: 0.5 cps, Current: 29, 1
[26Jul2026 00:58:42.346] [Server thread/INFO] [net.minecraft.server.MinecraftServer/]: [Chunky] Task running for minecraft:overworld. Processed: 3037 chunks (18.83%), ETA: 14:19:10, Rate: 0.3 cps, Current: -30, 1
[26Jul2026 00:58:44.183] [Server thread/INFO] [net.minecraft.server.MinecraftServer/]: [Chunky] Task running for minecraft:overworld. Processed: 3039 chunks (18.84%), ETA: 11:52:40, Rate: 0.3 cps, Current: 31, 20
[26Jul2026 00:58:45.643] [Server thread/INFO] [net.minecraft.server.MinecraftServer/]: [Chunky] Task running for minecraft:overworld. Processed: 3045 chunks (18.88%), ETA: 3:14:30, Rate: 1.1 cps, Current: -30, 3
[26Jul2026 00:58:46.759] [Server thread/INFO] [net.minecraft.server.MinecraftServer/]: [Chunky] Task running for minecraft:overworld. Processed: 3049 chunks (18.90%), ETA: 2:44:45, Rate: 1.3 cps, Current: -31, 4
[26Jul2026 00:58:47.961] [Server thread/INFO] [net.minecraft.server.MinecraftServer/]: [Chunky] Task running for minecraft:overworld. Processed: 3059 chunks (18.97%), ETA: 1:55:11, Rate: 1.9 cps, Current: -31, 7
[26Jul2026 00:58:49.703] [Server thread/INFO] [net.minecraft.server.MinecraftServer/]: [Chunky] Task running for minecraft:overworld. Processed: 3061 chunks (18.98%), ETA: 2:00:08, Rate: 1.8 cps, Current: -29, 6
[26Jul2026 00:58:50.784] [Server thread/INFO] [net.minecraft.server.MinecraftServer/]: [Chunky] Task running for minecraft:overworld. Processed: 3063 chunks (18.99%), ETA: 1:59:58, Rate: 1.8 cps, Current: -29, 5
[26Jul2026 00:58:52.437] [Server thread/INFO] [net.minecraft.server.MinecraftServer/]: [Chunky] Task running for minecraft:overworld. Processed: 3069 chunks (19.03%), ETA: 1:50:26, Rate: 2.0 cps, Current: -27, 6
[26Jul2026 00:58:53.573] [Server thread/INFO] [net.minecraft.server.MinecraftServer/]: [Chunky] Task running for minecraft:overworld. Processed: 3074 chunks (19.06%), ETA: 1:43:18, Rate: 2.1 cps, Current: -29, 4
[26Jul2026 00:58:54.601] [Server thread/INFO] [net.minecraft.server.MinecraftServer/]: [Chunky] Task running for minecraft:overworld. Processed: 3077 chunks (19.08%), ETA: 1:41:25, Rate: 2.1 cps, Current: -26, 6
[26Jul2026 00:58:55.629] [Server thread/INFO] [net.minecraft.server.MinecraftServer/]: [Chunky] Task running for minecraft:overworld. Processed: 3089 chunks (19.15%), ETA: 1:24:12, Rate: 2.6 cps, Current: 21, 0
[26Jul2026 00:58:56.640] [Server thread/INFO] [net.minecraft.server.MinecraftServer/]: [Chunky] Task running for minecraft:overworld. Processed: 3095 chunks (19.19%), ETA: 1:19:42, Rate: 2.7 cps, Current: -27, 2
[26Jul2026 00:58:58.434] [Server thread/INFO] [net.minecraft.server.MinecraftServer/]: [Chunky] Task running for minecraft:overworld. Processed: 3101 chunks (19.23%), ETA: 1:18:24, Rate: 2.8 cps, Current: -25, 2
[26Jul2026 00:58:59.703] [Server thread/INFO] [net.minecraft.server.MinecraftServer/]: [Chunky] Task running for minecraft:overworld. Processed: 3106 chunks (19.26%), ETA: 1:16:49, Rate: 2.8 cps, Current: -29, 1
[26Jul2026 00:59:00.881] [Server thread/INFO] [net.minecraft.server.MinecraftServer/]: [Chunky] Task running for minecraft:overworld. Processed: 3112 chunks (19.29%), ETA: 1:14:15, Rate: 2.9 cps, Current: -23, 3
[26Jul2026 00:59:01.928] [Server thread/INFO] [net.minecraft.server.MinecraftServer/]: [Chunky] Task running for minecraft:overworld. Processed: 3119 chunks (19.34%), ETA: 1:10:53, Rate: 3.1 cps, Current: -27, 1
[26Jul2026 00:59:03.048] [Server thread/INFO] [net.minecraft.server.MinecraftServer/]: [Chunky] Task running for minecraft:overworld. Processed: 3130 chunks (19.41%), ETA: 1:05:24, Rate: 3.3 cps, Current: -19, 1
[26Jul2026 00:59:04.105] [Server thread/INFO] [net.minecraft.server.MinecraftServer/]: [Chunky] Task running for minecraft:overworld. Processed: 3135 chunks (19.44%), ETA: 0:59:27, Rate: 3.6 cps, Current: -18, 5
[26Jul2026 00:59:05.436] [Server thread/INFO] [net.minecraft.server.MinecraftServer/]: [Chunky] Task running for minecraft:overworld. Processed: 3157 chunks (19.57%), ETA: 0:51:13, Rate: 4.2 cps, Current: -17, 4
[26Jul2026 00:59:06.445] [Server thread/INFO] [net.minecraft.server.MinecraftServer/]: [Chunky] Task running for minecraft:overworld. Processed: 3161 chunks (19.60%), ETA: 0:49:28, Rate: 4.4 cps, Current: -23, 7
[26Jul2026 00:59:07.546] [Server thread/INFO] [net.minecraft.server.MinecraftServer/]: [Chunky] Task running for minecraft:overworld. Processed: 3173 chunks (19.67%), ETA: 0:39:43, Rate: 5.4 cps, Current: -17, 7
[26Jul2026 00:59:08.561] [Server thread/INFO] [net.minecraft.server.MinecraftServer/]: [Chunky] Task running for minecraft:overworld. Processed: 3185 chunks (19.75%), ETA: 0:37:57, Rate: 5.7 cps, Current: -20, 10
[26Jul2026 00:59:09.683] [Server thread/INFO] [net.minecraft.server.MinecraftServer/]: [Chunky] Task running for minecraft:overworld. Processed: 3193 chunks (19.80%), ETA: 0:37:32, Rate: 5.7 cps, Current: -18, 11
[26Jul2026 00:59:10.875] [Server thread/INFO] [net.minecraft.server.MinecraftServer/]: [Chunky] Task running for minecraft:overworld. Processed: 3198 chunks (19.83%), ETA: 0:37:57, Rate: 5.7 cps, Current: -18, 13
[26Jul2026 00:59:11.882] [Server thread/INFO] [net.minecraft.server.MinecraftServer/]: [Chunky] Task running for minecraft:overworld. Processed: 3210 chunks (19.90%), ETA: 0:36:32, Rate: 5.9 cps, Current: -21, 14
[26Jul2026 00:59:12.956] [Server thread/INFO] [net.minecraft.server.MinecraftServer/]: [Chunky] Task running for minecraft:overworld. Processed: 3222 chunks (19.98%), ETA: 0:33:38, Rate: 6.4 cps, Current: -24, 12
[26Jul2026 00:59:14.411] [Server thread/INFO] [net.minecraft.server.MinecraftServer/]: [Chunky] Task running for minecraft:overworld. Processed: 3228 chunks (20.01%), ETA: 0:33:37, Rate: 6.4 cps, Current: -26, 12
[26Jul2026 00:59:15.567] [Server thread/INFO] [net.minecraft.server.MinecraftServer/]: [Chunky] Task running for minecraft:overworld. Processed: 3250 chunks (20.15%), ETA: 0:31:10, Rate: 6.9 cps, Current: -28, 10
[26Jul2026 00:59:16.578] [Server thread/INFO] [net.minecraft.server.MinecraftServer/]: [Chunky] Task running for minecraft:overworld. Processed: 3263 chunks (20.23%), ETA: 0:29:44, Rate: 7.2 cps, Current: -31, 8
[26Jul2026 00:59:17.736] [Server thread/INFO] [net.minecraft.server.MinecraftServer/]: [Chunky] Task running for minecraft:overworld. Processed: 3277 chunks (20.32%), ETA: 0:29:07, Rate: 7.4 cps, Current: -31, 12
[26Jul2026 00:59:18.949] [Server thread/INFO] [net.minecraft.server.MinecraftServer/]: [Chunky] Task running for minecraft:overworld. Processed: 3286 chunks (20.37%), ETA: 0:27:41, Rate: 7.7 cps, Current: -31, 14
[26Jul2026 00:59:20.036] [Server thread/INFO] [net.minecraft.server.MinecraftServer/]: [Chunky] Task running for minecraft:overworld. Processed: 3294 chunks (20.42%), ETA: 0:26:58, Rate: 7.9 cps, Current: -31, 18
[26Jul2026 00:59:21.090] [Server thread/INFO] [net.minecraft.server.MinecraftServer/]: [Chunky] Task running for minecraft:overworld. Processed: 3305 chunks (20.49%), ETA: 0:25:50, Rate: 8.3 cps, Current: -29, 17
[26Jul2026 00:59:22.208] [Server thread/INFO] [net.minecraft.server.MinecraftServer/]: [Chunky] Task running for minecraft:overworld. Processed: 3320 chunks (20.58%), ETA: 0:25:13, Rate: 8.5 cps, Current: -29, 19
[26Jul2026 00:59:23.336] [Server thread/INFO] [net.minecraft.server.MinecraftServer/]: [Chunky] Task running for minecraft:overworld. Processed: 3345 chunks (20.74%), ETA: 0:23:18, Rate: 9.1 cps, Current: -25, 18
[26Jul2026 00:59:24.801] [Server thread/INFO] [net.minecraft.server.MinecraftServer/]: [Chunky] Task running for minecraft:overworld. Processed: 3482 chunks (21.59%), ETA: 0:15:36, Rate: 13.5 cps, Current: -19, 21
[26Jul2026 00:59:25.877] [Server thread/INFO] [net.minecraft.server.MinecraftServer/]: [Chunky] Task running for minecraft:overworld. Processed: 3503 chunks (21.72%), ETA: 0:15:02, Rate: 14.0 cps, Current: -20, 20
[26Jul2026 00:59:27.081] [Server thread/INFO] [net.minecraft.server.MinecraftServer/]: [Chunky] Task running for minecraft:overworld. Processed: 3544 chunks (21.97%), ETA: 0:13:31, Rate: 15.5 cps, Current: -16, 17
[26Jul2026 00:59:28.683] [Server thread/INFO] [net.minecraft.server.MinecraftServer/]: [Chunky] Task running for minecraft:overworld. Processed: 3548 chunks (22.00%), ETA: 0:13:43, Rate: 15.3 cps, Current: -14, 19
[26Jul2026 00:59:30.531] [Server thread/INFO] [net.minecraft.server.MinecraftServer/]: [Chunky] Task running for minecraft:overworld. Processed: 3558 chunks (22.06%), ETA: 0:13:53, Rate: 15.1 cps, Current: -12, 17
[26Jul2026 00:59:31.539] [Server thread/INFO] [net.minecraft.server.MinecraftServer/]: [Chunky] Task running for minecraft:overworld. Processed: 3563 chunks (22.09%), ETA: 0:13:56, Rate: 15.0 cps, Current: -10, 19
[26Jul2026 00:59:32.656] [Server thread/INFO] [net.minecraft.server.MinecraftServer/]: [Chunky] Task running for minecraft:overworld. Processed: 3739 chunks (23.18%), ETA: 0:10:01, Rate: 20.6 cps, Current: -32, 7
[26Jul2026 00:59:33.690] [Server thread/INFO] [net.minecraft.server.MinecraftServer/]: [Chunky] Task running for minecraft:overworld. Processed: 3765 chunks (23.34%), ETA: 0:09:39, Rate: 21.3 cps, Current: -6, 21
[26Jul2026 00:59:34.806] [Server thread/INFO] [net.minecraft.server.MinecraftServer/]: [Chunky] Task running for minecraft:overworld. Processed: 3779 chunks (23.43%), ETA: 0:09:42, Rate: 21.2 cps, Current: -32, 13
[26Jul2026 00:59:35.810] [Server thread/INFO] [net.minecraft.server.MinecraftServer/]: [Chunky] Task running for minecraft:overworld. Processed: 3807 chunks (23.60%), ETA: 0:09:19, Rate: 22.0 cps, Current: -1, 16
[26Jul2026 00:59:36.926] [Server thread/INFO] [net.minecraft.server.MinecraftServer/]: [Chunky] Task running for minecraft:overworld. Processed: 3820 chunks (23.68%), ETA: 0:09:18, Rate: 22.1 cps, Current: -1, 12
[26Jul2026 00:59:38.056] [Server thread/INFO] [net.minecraft.server.MinecraftServer/]: [Chunky] Task running for minecraft:overworld. Processed: 3834 chunks (23.77%), ETA: 0:09:17, Rate: 22.0 cps, Current: -3, 9
[26Jul2026 00:59:39.330] [Server thread/INFO] [net.minecraft.server.MinecraftServer/]: [Chunky] Task running for minecraft:overworld. Processed: 3839 chunks (23.80%), ETA: 0:09:23, Rate: 21.8 cps, Current: -6, 10
[26Jul2026 00:59:40.334] [Server thread/INFO] [net.minecraft.server.MinecraftServer/]: [Chunky] Task running for minecraft:overworld. Processed: 3866 chunks (23.97%), ETA: 0:08:59, Rate: 22.7 cps, Current: -7, 9
[26Jul2026 00:59:40.858] [Server thread/INFO] [net.minecraft.server.MinecraftServer/]: [kamushkarkir: Set own game mode to Creative Mode]
[26Jul2026 00:59:41.335] [Server thread/INFO] [net.minecraft.server.MinecraftServer/]: [Chunky] Task running for minecraft:overworld. Processed: 3888 chunks (24.11%), ETA: 0:08:50, Rate: 23.1 cps, Current: -12, 14
[26Jul2026 00:59:42.497] [Server thread/INFO] [net.minecraft.server.MinecraftServer/]: [Chunky] Task running for minecraft:overworld. Processed: 3911 chunks (24.25%), ETA: 0:08:43, Rate: 23.4 cps, Current: -16, 11
[26Jul2026 00:59:43.550] [Server thread/INFO] [net.minecraft.server.MinecraftServer/]: [Chunky] Task running for minecraft:overworld. Processed: 3940 chunks (24.43%), ETA: 0:08:18, Rate: 24.5 cps, Current: -16, 9
[26Jul2026 00:59:44.774] [Server thread/INFO] [net.minecraft.server.MinecraftServer/]: [Chunky] Task running for minecraft:overworld. Processed: 3951 chunks (24.50%), ETA: 0:08:26, Rate: 24.0 cps, Current: -16, 7
[26Jul2026 00:59:45.846] [Server thread/INFO] [net.minecraft.server.MinecraftServer/]: [Chunky] Task running for minecraft:overworld. Processed: 3974 chunks (24.64%), ETA: 0:08:19, Rate: 24.3 cps, Current: -15, 3
[26Jul2026 00:59:47.010] [Server thread/INFO] [net.minecraft.server.MinecraftServer/]: [Chunky] Task running for minecraft:overworld. Processed: 3991 chunks (24.74%), ETA: 0:08:16, Rate: 24.4 cps, Current: -25, 0
[26Jul2026 00:59:48.018] [Server thread/INFO] [net.minecraft.server.MinecraftServer/]: [Chunky] Task running for minecraft:overworld. Processed: 3994 chunks (24.76%), ETA: 0:08:17, Rate: 24.4 cps, Current: -10, 3
[26Jul2026 00:59:49.186] [Server thread/INFO] [net.minecraft.server.MinecraftServer/]: [Chunky] Task running for minecraft:overworld. Processed: 4002 chunks (24.81%), ETA: 0:08:18, Rate: 24.3 cps, Current: -9, 3
[26Jul2026 00:59:51.697] [Server thread/INFO] [net.minecraft.server.MinecraftServer/]: [Chunky] Task running for minecraft:overworld. Processed: 4070 chunks (25.23%), ETA: 0:07:53, Rate: 25.5 cps, Current: -4, 3
[26Jul2026 00:59:53.810] [Server thread/INFO] [net.minecraft.server.MinecraftServer/]: [Chunky] Task running for minecraft:overworld. Processed: 4075 chunks (25.27%), ETA: 0:09:48, Rate: 20.5 cps, Current: -24, 0
[26Jul2026 00:59:57.636] [Server thread/INFO] [net.minecraft.server.MinecraftServer/]: [Chunky] Task running for minecraft:overworld. Processed: 4076 chunks (25.27%), ETA: 0:10:59, Rate: 18.3 cps, Current: -23, 0
[26Jul2026 00:59:59.558] [Server thread/INFO] [net.minecraft.server.MinecraftServer/]: [Chunky] Task running for minecraft:overworld. Processed: 4081 chunks (25.30%), ETA: 0:11:07, Rate: 18.1 cps, Current: -18, 0
[26Jul2026 01:00:01.090] [Server thread/INFO] [net.minecraft.server.MinecraftServer/]: [Chunky] Task running for minecraft:overworld. Processed: 4083 chunks (25.31%), ETA: 0:11:23, Rate: 17.6 cps, Current: -16, 0
[26Jul2026 01:00:02.101] [Server thread/INFO] [net.minecraft.server.MinecraftServer/]: [Chunky] Task running for minecraft:overworld. Processed: 4091 chunks (25.36%), ETA: 0:16:44, Rate: 12.0 cps, Current: -4, 0
[26Jul2026 01:00:31.183] [Server thread/INFO] [net.minecraft.server.MinecraftServer/]: [Chunky] Task running for minecraft:overworld. Processed: 4097 chunks (25.40%), ETA: 13:53:07, Rate: 0.2 cps, Current: -62, 5
[26Jul2026 01:00:33.540] [Server thread/INFO] [net.minecraft.server.MinecraftServer/]: [Chunky] Task running for minecraft:overworld. Processed: 4100 chunks (25.42%), ETA: 1:58:08, Rate: 1.7 cps, Current: -59, 5
[26Jul2026 01:00:34.556] [Server thread/INFO] [net.minecraft.server.MinecraftServer/]: [Chunky] Task running for minecraft:overworld. Processed: 4105 chunks (25.45%), ETA: 1:15:06, Rate: 2.7 cps, Current: -62, 3
[26Jul2026 01:00:35.646] [Server thread/INFO] [net.minecraft.server.MinecraftServer/]: [Chunky] Task running for minecraft:overworld. Processed: 4109 chunks (25.48%), ETA: 1:08:46, Rate: 2.9 cps, Current: -60, 3
[26Jul2026 01:00:37.291] [Server thread/INFO] [net.minecraft.server.MinecraftServer/]: [Chunky] Task running for minecraft:overworld. Processed: 4112 chunks (25.49%), ETA: 1:16:27, Rate: 2.6 cps, Current: -59, 2
[26Jul2026 01:00:40.357] [Server thread/INFO] [net.minecraft.server.MinecraftServer/]: [Chunky] Task running for minecraft:overworld. Processed: 4115 chunks (25.51%), ETA: 1:36:40, Rate: 2.1 cps, Current: -63, 2
[26Jul2026 01:00:41.378] [Server thread/INFO] [net.minecraft.server.MinecraftServer/]: [Chunky] Task running for minecraft:overworld. Processed: 4121 chunks (25.55%), ETA: 1:21:36, Rate: 2.5 cps, Current: -61, 6
[26Jul2026 01:00:42.426] [Server thread/INFO] [net.minecraft.server.MinecraftServer/]: [Chunky] Task running for minecraft:overworld. Processed: 4126 chunks (25.58%), ETA: 1:14:58, Rate: 2.7 cps, Current: -58, 4
[26Jul2026 01:00:46.453] [Server thread/INFO] [net.minecraft.server.MinecraftServer/]: [Chunky] Task running for minecraft:overworld. Processed: 4128 chunks (25.59%), ETA: 1:35:26, Rate: 2.1 cps, Current: -58, 6
[26Jul2026 01:00:47.597] [Server thread/INFO] [net.minecraft.server.MinecraftServer/]: [Chunky] Task running for minecraft:overworld. Processed: 4131 chunks (25.61%), ETA: 1:33:46, Rate: 2.1 cps, Current: -59, 1
[26Jul2026 01:00:48.608] [Server thread/INFO] [net.minecraft.server.MinecraftServer/]: [Chunky] Task running for minecraft:overworld. Processed: 4135 chunks (25.64%), ETA: 1:29:18, Rate: 2.2 cps, Current: -57, 2
[26Jul2026 01:00:49.809] [Server thread/INFO] [net.minecraft.server.MinecraftServer/]: [Chunky] Task running for minecraft:overworld. Processed: 4147 chunks (25.71%), ETA: 1:12:56, Rate: 2.7 cps, Current: -51, 2
[26Jul2026 01:00:51.160] [Server thread/INFO] [net.minecraft.server.MinecraftServer/]: [Chunky] Task running for minecraft:overworld. Processed: 4149 chunks (25.72%), ETA: 1:15:15, Rate: 2.7 cps, Current: -49, 1
[26Jul2026 01:00:52.297] [Server thread/INFO] [net.minecraft.server.MinecraftServer/]: [Chunky] Task running for minecraft:overworld. Processed: 4152 chunks (25.74%), ETA: 1:15:15, Rate: 2.7 cps, Current: -57, 3
[26Jul2026 01:00:53.331] [Server thread/INFO] [net.minecraft.server.MinecraftServer/]: [Chunky] Task running for minecraft:overworld. Processed: 4162 chunks (25.80%), ETA: 1:06:55, Rate: 3.0 cps, Current: -49, 3
[26Jul2026 01:00:54.448] [Server thread/INFO] [net.minecraft.server.MinecraftServer/]: [Chunky] Task running for minecraft:overworld. Processed: 4178 chunks (25.90%), ETA: 0:56:30, Rate: 3.5 cps, Current: -56, 6
[26Jul2026 01:00:55.511] [Server thread/INFO] [net.minecraft.server.MinecraftServer/]: [Chunky] Task running for minecraft:overworld. Processed: 4186 chunks (25.95%), ETA: 0:53:48, Rate: 3.7 cps, Current: -49, 6
[26Jul2026 01:00:56.882] [Server thread/INFO] [net.minecraft.server.MinecraftServer/]: [Chunky] Task running for minecraft:overworld. Processed: 4187 chunks (25.96%), ETA: 0:56:12, Rate: 3.5 cps, Current: -53, 7
[26Jul2026 01:00:58.291] [Server thread/INFO] [net.minecraft.server.MinecraftServer/]: [Chunky] Task running for minecraft:overworld. Processed: 4192 chunks (25.99%), ETA: 0:56:10, Rate: 3.5 cps, Current: -54, 7
[26Jul2026 01:00:59.681] [Server thread/INFO] [net.minecraft.server.MinecraftServer/]: [Chunky] Task running for minecraft:overworld. Processed: 4193 chunks (26.00%), ETA: 0:58:26, Rate: 3.4 cps, Current: -54, 8
[26Jul2026 01:01:00.811] [Server thread/INFO] [net.minecraft.server.MinecraftServer/]: [Chunky] Task running for minecraft:overworld. Processed: 4196 chunks (26.02%), ETA: 0:58:55, Rate: 3.4 cps, Current: -51, 8
[26Jul2026 01:01:02.497] [Server thread/INFO] [net.minecraft.server.MinecraftServer/]: [Chunky] Task running for minecraft:overworld. Processed: 4208 chunks (26.09%), ETA: 0:52:46, Rate: 3.8 cps, Current: -53, 10
[26Jul2026 01:01:04.456] [Server thread/INFO] [net.minecraft.server.MinecraftServer/]: [Chunky] Task running for minecraft:overworld. Processed: 4215 chunks (26.13%), ETA: 0:53:29, Rate: 3.7 cps, Current: -51, 11
[26Jul2026 01:01:06.835] [Server thread/INFO] [net.minecraft.server.MinecraftServer/]: [Chunky] Task running for minecraft:overworld. Processed: 4221 chunks (26.17%), ETA: 0:53:05, Rate: 3.7 cps, Current: -50, 13
[26Jul2026 01:01:08.131] [Server thread/INFO] [net.minecraft.server.MinecraftServer/]: [Chunky] Task running for minecraft:overworld. Processed: 4233 chunks (26.24%), ETA: 0:46:16, Rate: 4.3 cps, Current: -53, 11
[26Jul2026 01:01:09.609] [Server thread/INFO] [net.minecraft.server.MinecraftServer/]: [Chunky] Task running for minecraft:overworld. Processed: 4237 chunks (26.27%), ETA: 0:47:08, Rate: 4.2 cps, Current: -64, 3
[26Jul2026 01:01:09.935] [Worker-Main-1/WARN] [lithostitched/]: Non-existent template pool reference: minecraft:monster_hunter_additions_3_pool
[26Jul2026 01:01:09.935] [Worker-Main-1/WARN] [lithostitched/]: Non-existent template pool reference: minecraft:monster_hunter_additions_3_pool
[26Jul2026 01:01:09.935] [Worker-Main-1/WARN] [lithostitched/]: Non-existent template pool reference: minecraft:monster_hunter_end_1_pool
[26Jul2026 01:01:10.656] [Server thread/INFO] [net.minecraft.server.MinecraftServer/]: [Chunky] Task running for minecraft:overworld. Processed: 4245 chunks (26.32%), ETA: 0:46:23, Rate: 4.3 cps, Current: -53, 13
[26Jul2026 01:01:12.086] [Server thread/INFO] [net.minecraft.server.MinecraftServer/]: [Chunky] Task running for minecraft:overworld. Processed: 4255 chunks (26.38%), ETA: 0:45:09, Rate: 4.4 cps, Current: -56, 11
[26Jul2026 01:01:13.110] [Server thread/INFO] [net.minecraft.server.MinecraftServer/]: [Chunky] Task running for minecraft:overworld. Processed: 4258 chunks (26.40%), ETA: 0:40:15, Rate: 4.9 cps, Current: -56, 13
[26Jul2026 01:01:14.308] [Server thread/INFO] [net.minecraft.server.MinecraftServer/]: [Chunky] Task running for minecraft:overworld. Processed: 4265 chunks (26.44%), ETA: 0:39:54, Rate: 5.0 cps, Current: -58, 13
[26Jul2026 01:01:15.529] [Server thread/INFO] [net.minecraft.server.MinecraftServer/]: [Chunky] Task running for minecraft:overworld. Processed: 4277 chunks (26.52%), ETA: 0:38:17, Rate: 5.2 cps, Current: -59, 9
[26Jul2026 01:01:16.579] [Server thread/INFO] [net.minecraft.server.MinecraftServer/]: [Chunky] Task running for minecraft:overworld. Processed: 4292 chunks (26.61%), ETA: 0:35:17, Rate: 5.6 cps, Current: -62, 7
[26Jul2026 01:01:18.334] [Server thread/INFO] [net.minecraft.server.MinecraftServer/]: [Chunky] Task running for minecraft:overworld. Processed: 4308 chunks (26.71%), ETA: 0:33:39, Rate: 5.9 cps, Current: -62, 12
[26Jul2026 01:01:19.786] [Server thread/INFO] [net.minecraft.server.MinecraftServer/]: [Chunky] Task running for minecraft:overworld. Processed: 4313 chunks (26.74%), ETA: 0:35:20, Rate: 5.6 cps, Current: -61, 14
[26Jul2026 01:01:21.748] [Server thread/INFO] [net.minecraft.server.MinecraftServer/]: [Chunky] Task running for minecraft:overworld. Processed: 4314 chunks (26.75%), ETA: 0:35:34, Rate: 5.5 cps, Current: -62, 14
[26Jul2026 01:01:24.447] [Server thread/INFO] [net.minecraft.server.MinecraftServer/]: [Chunky] Task running for minecraft:overworld. Processed: 4315 chunks (26.75%), ETA: 0:42:48, Rate: 4.6 cps, Current: -63, 12
[26Jul2026 01:01:25.454] [Server thread/INFO] [net.minecraft.server.MinecraftServer/]: [Chunky] Task running for minecraft:overworld. Processed: 4320 chunks (26.78%), ETA: 0:43:39, Rate: 4.5 cps, Current: -63, 16
[26Jul2026 01:01:26.605] [Server thread/INFO] [net.minecraft.server.MinecraftServer/]: [Chunky] Task running for minecraft:overworld. Processed: 4333 chunks (26.86%), ETA: 0:39:45, Rate: 4.9 cps, Current: -58, 0
[26Jul2026 01:01:27.849] [Server thread/INFO] [net.minecraft.server.MinecraftServer/]: [Chunky] Task running for minecraft:overworld. Processed: 4341 chunks (26.91%), ETA: 0:38:42, Rate: 5.1 cps, Current: -59, 16
[26Jul2026 01:01:32.227] [Server thread/INFO] [net.minecraft.server.MinecraftServer/]: [Chunky] Task running for minecraft:overworld. Processed: 4349 chunks (26.96%), ETA: 0:41:06, Rate: 4.8 cps, Current: -59, 18
[26Jul2026 01:01:36.196] [Server thread/INFO] [net.minecraft.server.MinecraftServer/]: [Chunky] Task running for minecraft:overworld. Processed: 4350 chunks (26.97%), ETA: 0:44:20, Rate: 4.4 cps, Current: -58, 15
[26Jul2026 01:01:37.981] [Server thread/INFO] [net.minecraft.server.MinecraftServer/]: [Chunky] Task running for minecraft:overworld. Processed: 4357 chunks (27.01%), ETA: 0:46:51, Rate: 4.2 cps, Current: -58, 20
[26Jul2026 01:01:38.993] [Server thread/INFO] [net.minecraft.server.MinecraftServer/]: [Chunky] Task running for minecraft:overworld. Processed: 4365 chunks (27.06%), ETA: 0:44:39, Rate: 4.4 cps, Current: -61, 20
[26Jul2026 01:01:40.583] [Server thread/INFO] [net.minecraft.server.MinecraftServer/]: [Chunky] Task running for minecraft:overworld. Processed: 4375 chunks (27.13%), ETA: 0:44:45, Rate: 4.4 cps, Current: -49, 15
[26Jul2026 01:01:48.397] [Server thread/INFO] [net.minecraft.server.MinecraftServer/]: [Chunky] Task running for minecraft:overworld. Processed: 4384 chunks (27.18%), ETA: 1:17:47, Rate: 2.5 cps, Current: -63, 20
[26Jul2026 01:01:50.304] [Server thread/INFO] [net.minecraft.server.MinecraftServer/]: [Chunky] Task running for minecraft:overworld. Processed: 4392 chunks (27.23%), ETA: 1:10:42, Rate: 2.8 cps, Current: -63, 25
[26Jul2026 01:02:15.135] [Server thread/INFO] [net.minecraft.server.MinecraftServer/]: [Chunky] Task running for minecraft:overworld. Processed: 4393 chunks (27.24%), ETA: 8:42:59, Rate: 0.4 cps, Current: -62, 26
[26Jul2026 01:02:16.859] [Server thread/INFO] [net.minecraft.server.MinecraftServer/]: [Chunky] Task running for minecraft:overworld. Processed: 4396 chunks (27.26%), ETA: 7:08:08, Rate: 0.5 cps, Current: -63, 28
[26Jul2026 01:02:17.936] [Server thread/INFO] [net.minecraft.server.MinecraftServer/]: [Chunky] Task running for minecraft:overworld. Processed: 4404 chunks (27.30%), ETA: 4:34:52, Rate: 0.7 cps, Current: -64, 9
[26Jul2026 01:02:19.199] [Server thread/INFO] [net.minecraft.server.MinecraftServer/]: [Chunky] Task running for minecraft:overworld. Processed: 4411 chunks (27.35%), ETA: 4:42:10, Rate: 0.7 cps, Current: -64, 16
[26Jul2026 01:02:20.349] [Server thread/INFO] [net.minecraft.server.MinecraftServer/]: [Chunky] Task running for minecraft:overworld. Processed: 4424 chunks (27.43%), ETA: 0:31:47, Rate: 6.1 cps, Current: -59, 23
[26Jul2026 01:02:21.387] [Server thread/INFO] [net.minecraft.server.MinecraftServer/]: [Chunky] Task running for minecraft:overworld. Processed: 4433 chunks (27.48%), ETA: 0:29:43, Rate: 6.6 cps, Current: -61, 30
[26Jul2026 01:02:22.392] [Server thread/INFO] [net.minecraft.server.MinecraftServer/]: [Chunky] Task running for minecraft:overworld. Processed: 4440 chunks (27.53%), ETA: 0:29:27, Rate: 6.6 cps, Current: -58, 27
[26Jul2026 01:02:23.790] [Server thread/INFO] [net.minecraft.server.MinecraftServer/]: [Chunky] Task running for minecraft:overworld. Processed: 4444 chunks (27.55%), ETA: 0:32:24, Rate: 6.0 cps, Current: -57, 16
[26Jul2026 01:02:25.160] [Server thread/INFO] [net.minecraft.server.MinecraftServer/]: [Chunky] Task running for minecraft:overworld. Processed: 4453 chunks (27.61%), ETA: 0:31:58, Rate: 6.1 cps, Current: -56, 24
[26Jul2026 01:02:26.505] [Server thread/INFO] [net.minecraft.server.MinecraftServer/]: [Chunky] Task running for minecraft:overworld. Processed: 4460 chunks (27.65%), ETA: 0:32:31, Rate: 6.0 cps, Current: -57, 26
[26Jul2026 01:02:27.543] [Server thread/INFO] [net.minecraft.server.MinecraftServer/]: [Chunky] Task running for minecraft:overworld. Processed: 4476 chunks (27.75%), ETA: 0:28:41, Rate: 6.8 cps, Current: -53, 24
[26Jul2026 01:02:28.592] [Server thread/INFO] [net.minecraft.server.MinecraftServer/]: [Chunky] Task running for minecraft:overworld. Processed: 4485 chunks (27.81%), ETA: 0:28:04, Rate: 6.9 cps, Current: -52, 29
[26Jul2026 01:02:29.893] [Server thread/INFO] [net.minecraft.server.MinecraftServer/]: [Chunky] Task running for minecraft:overworld. Processed: 4498 chunks (27.89%), ETA: 0:26:59, Rate: 7.2 cps, Current: -51, 27
[26Jul2026 01:02:31.284] [Server thread/INFO] [net.minecraft.server.MinecraftServer/]: [Chunky] Task running for minecraft:overworld. Processed: 4507 chunks (27.94%), ETA: 0:27:12, Rate: 7.1 cps, Current: -50, 27
[26Jul2026 01:02:32.334] [Server thread/INFO] [net.minecraft.server.MinecraftServer/]: [Chunky] Task running for minecraft:overworld. Processed: 4561 chunks (28.28%), ETA: 0:19:37, Rate: 9.8 cps, Current: -51, 16
[26Jul2026 01:02:33.374] [Server thread/INFO] [net.minecraft.server.MinecraftServer/]: [Chunky] Task running for minecraft:overworld. Processed: 4570 chunks (28.33%), ETA: 0:19:44, Rate: 9.8 cps, Current: -48, 17
[26Jul2026 01:02:34.461] [Server thread/INFO] [net.minecraft.server.MinecraftServer/]: [Chunky] Task running for minecraft:overworld. Processed: 4577 chunks (28.38%), ETA: 0:20:06, Rate: 9.6 cps, Current: -64, 24
[26Jul2026 01:02:35.884] [Server thread/INFO] [net.minecraft.server.MinecraftServer/]: [Chunky] Task running for minecraft:overworld. Processed: 4582 chunks (28.41%), ETA: 0:21:00, Rate: 9.2 cps, Current: -64, 26
[26Jul2026 01:02:37.009] [Server thread/INFO] [net.minecraft.server.MinecraftServer/]: [Chunky] Task running for minecraft:overworld. Processed: 4589 chunks (28.45%), ETA: 0:21:21, Rate: 9.0 cps, Current: -42, 17
[26Jul2026 01:02:38.327] [Server thread/INFO] [net.minecraft.server.MinecraftServer/]: [Chunky] Task running for minecraft:overworld. Processed: 4597 chunks (28.50%), ETA: 0:21:44, Rate: 8.8 cps, Current: -49, 19
[26Jul2026 01:02:39.339] [Server thread/INFO] [net.minecraft.server.MinecraftServer/]: [Chunky] Task running for minecraft:overworld. Processed: 4614 chunks (28.61%), ETA: 0:20:55, Rate: 9.2 cps, Current: -44, 20
[26Jul2026 01:02:40.442] [Server thread/INFO] [net.minecraft.server.MinecraftServer/]: [Chunky] Task running for minecraft:overworld. Processed: 4635 chunks (28.74%), ETA: 0:19:57, Rate: 9.6 cps, Current: -48, 23
[26Jul2026 01:02:41.562] [Server thread/INFO] [net.minecraft.server.MinecraftServer/]: [Chunky] Task running for minecraft:overworld. Processed: 4650 chunks (28.83%), ETA: 0:19:35, Rate: 9.8 cps, Current: -48, 27
[26Jul2026 01:02:42.574] [Server thread/INFO] [net.minecraft.server.MinecraftServer/]: [Chunky] Task running for minecraft:overworld. Processed: 4657 chunks (28.87%), ETA: 0:19:47, Rate: 9.7 cps, Current: -47, 30
[26Jul2026 01:02:43.584] [Server thread/INFO] [net.minecraft.server.MinecraftServer/]: [Chunky] Task running for minecraft:overworld. Processed: 4665 chunks (28.92%), ETA: 0:19:54, Rate: 9.6 cps, Current: -43, 16
[26Jul2026 01:02:44.934] [Server thread/INFO] [net.minecraft.server.MinecraftServer/]: [Chunky] Task running for minecraft:overworld. Processed: 4690 chunks (29.08%), ETA: 0:19:03, Rate: 10.0 cps, Current: -42, 23
[26Jul2026 01:02:46.057] [Server thread/INFO] [net.minecraft.server.MinecraftServer/]: [Chunky] Task running for minecraft:overworld. Processed: 4698 chunks (29.13%), ETA: 0:18:21, Rate: 10.4 cps, Current: -41, 25
[26Jul2026 01:02:47.081] [Server thread/INFO] [net.minecraft.server.MinecraftServer/]: [Chunky] Task running for minecraft:overworld. Processed: 4708 chunks (29.19%), ETA: 0:18:11, Rate: 10.5 cps, Current: -40, 27
[26Jul2026 01:02:48.083] [Server thread/INFO] [net.minecraft.server.MinecraftServer/]: [Chunky] Task running for minecraft:overworld. Processed: 4751 chunks (29.46%), ETA: 0:16:03, Rate: 11.8 cps, Current: -41, 16
[26Jul2026 01:02:49.126] [Server thread/INFO] [net.minecraft.server.MinecraftServer/]: [Chunky] Task running for minecraft:overworld. Processed: 4769 chunks (29.57%), ETA: 0:15:46, Rate: 12.0 cps, Current: -35, 24
[26Jul2026 01:02:50.249] [Server thread/INFO] [net.minecraft.server.MinecraftServer/]: [Chunky] Task running for minecraft:overworld. Processed: 4795 chunks (29.73%), ETA: 0:15:10, Rate: 12.4 cps, Current: -40, 20
[26Jul2026 01:02:51.436] [Server thread/INFO] [net.minecraft.server.MinecraftServer/]: [Chunky] Task running for minecraft:overworld. Processed: 4808 chunks (29.81%), ETA: 0:14:51, Rate: 12.7 cps, Current: -33, 20
[26Jul2026 01:02:52.458] [Server thread/INFO] [net.minecraft.server.MinecraftServer/]: [Chunky] Task running for minecraft:overworld. Processed: 4833 chunks (29.96%), ETA: 0:13:50, Rate: 13.6 cps, Current: -34, 15
[26Jul2026 01:02:53.531] [Server thread/INFO] [net.minecraft.server.MinecraftServer/]: [Chunky] Task running for minecraft:overworld. Processed: 4844 chunks (30.03%), ETA: 0:13:56, Rate: 13.5 cps, Current: -33, 12
[26Jul2026 01:02:54.629] [Server thread/INFO] [net.minecraft.server.MinecraftServer/]: [Chunky] Task running for minecraft:overworld. Processed: 4855 chunks (30.10%), ETA: 0:13:44, Rate: 13.7 cps, Current: -35, 9
[26Jul2026 01:02:55.638] [Server thread/INFO] [net.minecraft.server.MinecraftServer/]: [Chunky] Task running for minecraft:overworld. Processed: 4863 chunks (30.15%), ETA: 0:13:32, Rate: 13.9 cps, Current: -36, 9
[26Jul2026 01:02:56.641] [Server thread/INFO] [net.minecraft.server.MinecraftServer/]: [Chunky] Task running for minecraft:overworld. Processed: 4882 chunks (30.27%), ETA: 0:13:24, Rate: 14.0 cps, Current: -39, 10
[26Jul2026 01:02:57.649] [Server thread/INFO] [net.minecraft.server.MinecraftServer/]: [Chunky] Task running for minecraft:overworld. Processed: 4895 chunks (30.35%), ETA: 0:13:14, Rate: 14.1 cps, Current: -35, 8
[26Jul2026 01:02:58.733] [Server thread/INFO] [net.minecraft.server.MinecraftServer/]: [Chunky] Task running for minecraft:overworld. Processed: 4917 chunks (30.49%), ETA: 0:12:49, Rate: 14.6 cps, Current: -48, 12
[26Jul2026 01:02:59.761] [Server thread/INFO] [net.minecraft.server.MinecraftServer/]: [Chunky] Task running for minecraft:overworld. Processed: 4948 chunks (30.68%), ETA: 0:12:20, Rate: 15.1 cps, Current: -41, 9
[26Jul2026 01:03:00.935] [Server thread/INFO] [net.minecraft.server.MinecraftServer/]: [Chunky] Task running for minecraft:overworld. Processed: 4957 chunks (30.73%), ETA: 0:12:14, Rate: 15.2 cps, Current: -43, 8
[26Jul2026 01:03:01.959] [Server thread/INFO] [net.minecraft.server.MinecraftServer/]: [Chunky] Task running for minecraft:overworld. Processed: 4979 chunks (30.87%), ETA: 0:13:08, Rate: 14.1 cps, Current: -44, 5
[26Jul2026 01:03:03.098] [Server thread/INFO] [net.minecraft.server.MinecraftServer/]: [Chunky] Task running for minecraft:overworld. Processed: 4992 chunks (30.95%), ETA: 0:13:02, Rate: 14.2 cps, Current: -47, 2
[26Jul2026 01:03:04.292] [Server thread/INFO] [net.minecraft.server.MinecraftServer/]: [Chunky] Task running for minecraft:overworld. Processed: 5007 chunks (31.04%), ETA: 0:12:49, Rate: 14.4 cps, Current: -44, 3
[26Jul2026 01:03:05.354] [Server thread/INFO] [net.minecraft.server.MinecraftServer/]: [Chunky] Task running for minecraft:overworld. Processed: 5017 chunks (31.11%), ETA: 0:12:31, Rate: 14.8 cps, Current: -41, 3
[26Jul2026 01:03:06.358] [Server thread/INFO] [net.minecraft.server.MinecraftServer/]: [Chunky] Task running for minecraft:overworld. Processed: 5021 chunks (31.13%), ETA: 0:12:32, Rate: 14.8 cps, Current: -39, 2
[26Jul2026 01:03:07.459] [Server thread/INFO] [net.minecraft.server.MinecraftServer/]: [Chunky] Task running for minecraft:overworld. Processed: 5073 chunks (31.45%), ETA: 0:11:15, Rate: 16.4 cps, Current: -33, 2
[26Jul2026 01:03:09.146] [Server thread/INFO] [net.minecraft.server.MinecraftServer/]: [Chunky] Task running for minecraft:overworld. Processed: 5083 chunks (31.51%), ETA: 0:11:40, Rate: 15.8 cps, Current: -61, 31
[26Jul2026 01:03:15.887] [Server thread/INFO] [net.minecraft.server.MinecraftServer/]: [Chunky] Task running for minecraft:overworld. Processed: 5095 chunks (31.59%), ETA: 0:13:46, Rate: 13.3 cps, Current: -63, 32
[26Jul2026 01:03:16.943] [Server thread/INFO] [net.minecraft.server.MinecraftServer/]: [Chunky] Task running for minecraft:overworld. Processed: 5100 chunks (31.62%), ETA: 0:13:58, Rate: 13.2 cps, Current: -63, 34
[26Jul2026 01:03:18.504] [Server thread/INFO] [net.minecraft.server.MinecraftServer/]: [Chunky] Task running for minecraft:overworld. Processed: 5102 chunks (31.63%), ETA: 0:16:02, Rate: 11.5 cps, Current: -63, 36
[26Jul2026 01:03:20.025] [Server thread/INFO] [net.minecraft.server.MinecraftServer/]: [Chunky] Task running for minecraft:overworld. Processed: 5104 chunks (31.64%), ETA: 0:17:37, Rate: 10.4 cps, Current: -62, 35
[26Jul2026 01:03:21.056] [Server thread/INFO] [net.minecraft.server.MinecraftServer/]: [Chunky] Task running for minecraft:overworld. Processed: 5111 chunks (31.69%), ETA: 0:17:53, Rate: 10.3 cps, Current: -61, 34
[26Jul2026 01:03:22.150] [Server thread/INFO] [net.minecraft.server.MinecraftServer/]: [Chunky] Task running for minecraft:overworld. Processed: 5118 chunks (31.73%), ETA: 0:19:03, Rate: 9.6 cps, Current: -60, 38
[26Jul2026 01:03:23.246] [Server thread/INFO] [net.minecraft.server.MinecraftServer/]: [Chunky] Task running for minecraft:overworld. Processed: 5135 chunks (31.84%), ETA: 0:18:38, Rate: 9.8 cps, Current: -46, 31
[26Jul2026 01:03:24.556] [Server thread/INFO] [net.minecraft.server.MinecraftServer/]: [Chunky] Task running for minecraft:overworld. Processed: 5152 chunks (31.94%), ETA: 0:18:22, Rate: 10.0 cps, Current: -59, 35
[26Jul2026 01:03:25.628] [Server thread/INFO] [net.minecraft.server.MinecraftServer/]: [Chunky] Task running for minecraft:overworld. Processed: 5165 chunks (32.02%), ETA: 0:18:05, Rate: 10.1 cps, Current: -52, 32
[26Jul2026 01:03:26.679] [Server thread/INFO] [net.minecraft.server.MinecraftServer/]: [Chunky] Task running for minecraft:overworld. Processed: 5181 chunks (32.12%), ETA: 0:18:27, Rate: 9.9 cps, Current: -64, 37
[26Jul2026 01:03:27.694] [Server thread/INFO] [net.minecraft.server.MinecraftServer/]: [Chunky] Task running for minecraft:overworld. Processed: 5188 chunks (32.17%), ETA: 0:19:24, Rate: 9.4 cps, Current: -54, 34
[26Jul2026 01:03:29.491] [Server thread/INFO] [net.minecraft.server.MinecraftServer/]: [Chunky] Task running for minecraft:overworld. Processed: 5199 chunks (32.23%), ETA: 0:21:29, Rate: 8.5 cps, Current: -52, 36
[26Jul2026 01:03:30.644] [Server thread/INFO] [net.minecraft.server.MinecraftServer/]: [Chunky] Task running for minecraft:overworld. Processed: 5218 chunks (32.35%), ETA: 0:20:37, Rate: 8.8 cps, Current: -50, 36
[26Jul2026 01:03:34.096] [Server thread/INFO] [net.minecraft.server.MinecraftServer/]: [Chunky] Task running for minecraft:overworld. Processed: 5224 chunks (32.39%), ETA: 0:24:50, Rate: 7.3 cps, Current: -57, 38
[26Jul2026 01:03:35.397] [Server thread/INFO] [net.minecraft.server.MinecraftServer/]: [Chunky] Task running for minecraft:overworld. Processed: 5232 chunks (32.44%), ETA: 0:24:48, Rate: 7.3 cps, Current: -52, 39
[26Jul2026 01:03:36.846] [Server thread/INFO] [net.minecraft.server.MinecraftServer/]: [Chunky] Task running for minecraft:overworld. Processed: 5237 chunks (32.47%), ETA: 0:32:19, Rate: 5.6 cps, Current: -50, 39
[26Jul2026 01:03:38.502] [Server thread/INFO] [net.minecraft.server.MinecraftServer/]: [Chunky] Task running for minecraft:overworld. Processed: 5243 chunks (32.51%), ETA: 0:33:04, Rate: 5.5 cps, Current: -49, 41
[26Jul2026 01:03:39.859] [Server thread/INFO] [net.minecraft.server.MinecraftServer/]: [Chunky] Task running for minecraft:overworld. Processed: 5244 chunks (32.51%), ETA: 0:28:59, Rate: 6.3 cps, Current: -49, 42
[26Jul2026 01:03:41.202] [Server thread/INFO] [net.minecraft.server.MinecraftServer/]: [Chunky] Task running for minecraft:overworld. Processed: 5248 chunks (32.54%), ETA: 0:29:48, Rate: 6.1 cps, Current: -54, 41
[26Jul2026 01:03:42.511] [Server thread/INFO] [net.minecraft.server.MinecraftServer/]: [Chunky] Task running for minecraft:overworld. Processed: 5254 chunks (32.57%), ETA: 0:30:09, Rate: 6.0 cps, Current: -50, 42
[26Jul2026 01:03:44.045] [Server thread/INFO] [net.minecraft.server.MinecraftServer/]: [Chunky] Task running for minecraft:overworld. Processed: 5264 chunks (32.64%), ETA: 0:29:59, Rate: 6.0 cps, Current: -52, 44
[26Jul2026 01:03:45.358] [Server thread/INFO] [net.minecraft.server.MinecraftServer/]: [Chunky] Task running for minecraft:overworld. Processed: 5272 chunks (32.69%), ETA: 0:29:57, Rate: 6.0 cps, Current: -55, 39
[26Jul2026 01:03:46.483] [Server thread/INFO] [net.minecraft.server.MinecraftServer/]: [Chunky] Task running for minecraft:overworld. Processed: 5284 chunks (32.76%), ETA: 0:28:51, Rate: 6.3 cps, Current: -57, 39
[26Jul2026 01:03:47.726] [Server thread/INFO] [net.minecraft.server.MinecraftServer/]: [Chunky] Task running for minecraft:overworld. Processed: 5291 chunks (32.80%), ETA: 0:27:46, Rate: 6.5 cps, Current: -53, 45
[26Jul2026 01:03:48.806] [Server thread/INFO] [net.minecraft.server.MinecraftServer/]: [Chunky] Task running for minecraft:overworld. Processed: 5297 chunks (32.84%), ETA: 0:26:46, Rate: 6.7 cps, Current: -58, 45
[26Jul2026 01:03:50.043] [Server thread/INFO] [net.minecraft.server.MinecraftServer/]: [Chunky] Task running for minecraft:overworld. Processed: 5305 chunks (32.89%), ETA: 0:26:49, Rate: 6.7 cps, Current: -51, 46
[26Jul2026 01:03:51.537] [Server thread/INFO] [net.minecraft.server.MinecraftServer/]: [Chunky] Task running for minecraft:overworld. Processed: 5313 chunks (32.94%), ETA: 0:27:01, Rate: 6.7 cps, Current: -62, 39
[26Jul2026 01:03:52.508] [Worker-Main-1/WARN] [lithostitched/]: Non-existent template pool reference: minecraft:cook_additions_1_pool
[26Jul2026 01:03:52.508] [Worker-Main-1/WARN] [lithostitched/]: Non-existent template pool reference: minecraft:angler_additions_3_pool
[26Jul2026 01:03:52.508] [Worker-Main-1/WARN] [lithostitched/]: Non-existent template pool reference: minecraft:cook_additions_2_pool
[26Jul2026 01:03:52.508] [Worker-Main-1/WARN] [lithostitched/]: Non-existent template pool reference: minecraft:cook_additions_4_pool
[26Jul2026 01:03:52.508] [Worker-Main-1/WARN] [lithostitched/]: Non-existent template pool reference: minecraft:cook_end_1_pool
[26Jul2026 01:03:52.509] [Worker-Main-1/WARN] [lithostitched/]: Non-existent template pool reference: minecraft:cook_additions_3_pool
[26Jul2026 01:03:52.509] [Worker-Main-1/WARN] [lithostitched/]: Non-existent template pool reference: minecraft:cook_end_1_pool
[26Jul2026 01:03:52.509] [Worker-Main-1/WARN] [lithostitched/]: Non-existent template pool reference: minecraft:cook_end_1_pool
[26Jul2026 01:03:53.768] [Server thread/INFO] [net.minecraft.server.MinecraftServer/]: [Chunky] Task running for minecraft:overworld. Processed: 5325 chunks (33.02%), ETA: 0:30:13, Rate: 6.0 cps, Current: -59, 42
[26Jul2026 01:03:54.952] [Server thread/INFO] [net.minecraft.server.MinecraftServer/]: [Chunky] Task running for minecraft:overworld. Processed: 5332 chunks (33.06%), ETA: 0:31:24, Rate: 5.7 cps, Current: -61, 43
[26Jul2026 01:03:56.003] [Server thread/INFO] [net.minecraft.server.MinecraftServer/]: [Chunky] Task running for minecraft:overworld. Processed: 5337 chunks (33.09%), ETA: 0:33:35, Rate: 5.4 cps, Current: -59, 45
[26Jul2026 01:03:58.284] [Server thread/INFO] [net.minecraft.server.MinecraftServer/]: [Chunky] Task running for minecraft:overworld. Processed: 5341 chunks (33.11%), ETA: 0:36:12, Rate: 5.0 cps, Current: -61, 45
[26Jul2026 01:04:02.798] [Server thread/INFO] [net.minecraft.server.MinecraftServer/]: [Chunky] Task running for minecraft:overworld. Processed: 5346 chunks (33.15%), ETA: 0:41:56, Rate: 4.3 cps, Current: -62, 47
[26Jul2026 01:04:03.956] [Server thread/INFO] [net.minecraft.server.MinecraftServer/]: [Chunky] Task running for minecraft:overworld. Processed: 5355 chunks (33.20%), ETA: 0:40:37, Rate: 4.4 cps, Current: -60, 47
[26Jul2026 01:04:05.003] [Server thread/INFO] [net.minecraft.server.MinecraftServer/]: [kamushkarkir: Set own game mode to Survival Mode]
[26Jul2026 01:04:05.584] [Server thread/INFO] [net.minecraft.server.MinecraftServer/]: [Chunky] Task running for minecraft:overworld. Processed: 5366 chunks (33.27%), ETA: 0:39:39, Rate: 4.5 cps, Current: -60, 49
[26Jul2026 01:04:13.524] [Server thread/INFO] [net.minecraft.server.MinecraftServer/]: [Chunky] Task running for minecraft:overworld. Processed: 5368 chunks (33.28%), ETA: 0:50:21, Rate: 3.6 cps, Current: -59, 50
[26Jul2026 01:04:15.982] [Server thread/INFO] [net.minecraft.server.MinecraftServer/]: [Chunky] Task running for minecraft:overworld. Processed: 5375 chunks (33.33%), ETA: 0:57:28, Rate: 3.1 cps, Current: -58, 49
[26Jul2026 01:04:18.193] [Server thread/INFO] [net.minecraft.server.MinecraftServer/]: [Chunky] Task running for minecraft:overworld. Processed: 5376 chunks (33.33%), ETA: 1:05:49, Rate: 2.7 cps, Current: -58, 50
[26Jul2026 01:04:19.639] [Server thread/INFO] [net.minecraft.server.MinecraftServer/]: [Chunky] Task running for minecraft:overworld. Processed: 5377 chunks (33.34%), ETA: 1:12:39, Rate: 2.5 cps, Current: -59, 51
[26Jul2026 01:04:20.701] [Server thread/INFO] [net.minecraft.server.MinecraftServer/]: [Chunky] Task running for minecraft:overworld. Processed: 5379 chunks (33.35%), ETA: 1:17:59, Rate: 2.3 cps, Current: -59, 53
[26Jul2026 01:04:22.535] [Server thread/INFO] [net.minecraft.server.MinecraftServer/]: [Chunky] Task running for minecraft:overworld. Processed: 5383 chunks (33.37%), ETA: 1:27:19, Rate: 2.1 cps, Current: -58, 51
[26Jul2026 01:04:23.861] [Server thread/INFO] [net.minecraft.server.MinecraftServer/]: [Chunky] Task running for minecraft:overworld. Processed: 5388 chunks (33.41%), ETA: 1:30:47, Rate: 2.0 cps, Current: -58, 54
[26Jul2026 01:04:25.655] [Server thread/INFO] [net.minecraft.server.MinecraftServer/]: [Chunky] Task running for minecraft:overworld. Processed: 5400 chunks (33.48%), ETA: 1:22:50, Rate: 2.2 cps, Current: -64, 39
[26Jul2026 01:04:30.211] [Server thread/INFO] [net.minecraft.server.MinecraftServer/]: [Chunky] Task running for minecraft:overworld. Processed: 5402 chunks (33.49%), ETA: 1:25:58, Rate: 2.1 cps, Current: -63, 54
[26Jul2026 01:04:31.336] [Server thread/INFO] [net.minecraft.server.MinecraftServer/]: [Chunky] Task running for minecraft:overworld. Processed: 5407 chunks (33.52%), ETA: 1:22:15, Rate: 2.2 cps, Current: -62, 57
[26Jul2026 01:04:32.588] [Server thread/INFO] [net.minecraft.server.MinecraftServer/]: [Chunky] Task running for minecraft:overworld. Processed: 5411 chunks (33.55%), ETA: 1:20:37, Rate: 2.2 cps, Current: -49, 47
[26Jul2026 01:04:33.675] [Server thread/INFO] [net.minecraft.server.MinecraftServer/]: [Chunky] Task running for minecraft:overworld. Processed: 5426 chunks (33.64%), ETA: 1:13:37, Rate: 2.4 cps, Current: -64, 47
[26Jul2026 01:04:40.032] [Server thread/INFO] [net.minecraft.server.MinecraftServer/]: [Chunky] Task running for minecraft:overworld. Processed: 5433 chunks (33.68%), ETA: 1:11:36, Rate: 2.5 cps, Current: -61, 55
[26Jul2026 01:04:42.549] [Server thread/INFO] [net.minecraft.server.MinecraftServer/]: [Chunky] Task running for minecraft:overworld. Processed: 5443 chunks (33.75%), ETA: 1:08:01, Rate: 2.6 cps, Current: -62, 61
[26Jul2026 01:04:43.581] [Server thread/INFO] [net.minecraft.server.MinecraftServer/]: [Chunky] Task running for minecraft:overworld. Processed: 5449 chunks (33.78%), ETA: 1:05:30, Rate: 2.7 cps, Current: -59, 61
[26Jul2026 01:04:44.234] [Worker-Main-1/WARN] [lithostitched/]: Non-existent template pool reference: minecraft:lumberjack_additions_3_pool
[26Jul2026 01:04:44.234] [Worker-Main-1/WARN] [lithostitched/]: Non-existent template pool reference: minecraft:lumberjack_additions_3_pool
[26Jul2026 01:04:44.234] [Worker-Main-1/WARN] [lithostitched/]: Non-existent template pool reference: minecraft:lumberjack_additions_3_pool
[26Jul2026 01:04:44.235] [Worker-Main-1/WARN] [lithostitched/]: Non-existent template pool reference: minecraft:lumberjack_end_1_pool
[26Jul2026 01:04:44.235] [Worker-Main-1/WARN] [lithostitched/]: Non-existent template pool reference: minecraft:lumberjack_end_1_pool
[26Jul2026 01:04:44.235] [Worker-Main-1/WARN] [lithostitched/]: Non-existent template pool reference: minecraft:lumberjack_end_1_pool
[26Jul2026 01:04:44.598] [Server thread/INFO] [net.minecraft.server.MinecraftServer/]: [Chunky] Task running for minecraft:overworld. Processed: 5460 chunks (33.85%), ETA: 0:59:10, Rate: 3.0 cps, Current: -63, 61
[26Jul2026 01:04:46.525] [Server thread/INFO] [net.minecraft.server.MinecraftServer/]: [Chunky] Task running for minecraft:overworld. Processed: 5463 chunks (33.87%), ETA: 0:57:13, Rate: 3.1 cps, Current: -57, 52
[26Jul2026 01:04:49.058] [Server thread/INFO] [net.minecraft.server.MinecraftServer/]: [Chunky] Task running for minecraft:overworld. Processed: 5467 chunks (33.90%), ETA: 0:57:26, Rate: 3.1 cps, Current: -58, 56
[26Jul2026 01:04:49.114] [Worker-Main-2/WARN] [lithostitched/]: Non-existent template pool reference: minecraft:house_basement_pool
[26Jul2026 01:04:49.114] [Worker-Main-2/WARN] [lithostitched/]: Non-existent template pool reference: minecraft:monster_hunter_additions_3_pool
[26Jul2026 01:04:49.114] [Worker-Main-2/WARN] [lithostitched/]: Non-existent template pool reference: minecraft:monster_hunter_additions_3_pool
[26Jul2026 01:04:50.141] [Server thread/INFO] [net.minecraft.server.MinecraftServer/]: [Chunky] Task running for minecraft:overworld. Processed: 5471 chunks (33.92%), ETA: 0:56:13, Rate: 3.2 cps, Current: -55, 56
[26Jul2026 01:04:51.255] [Server thread/INFO] [net.minecraft.server.MinecraftServer/]: [Chunky] Task running for minecraft:overworld. Processed: 5474 chunks (33.94%), ETA: 0:55:26, Rate: 3.2 cps, Current: -56, 57
[26Jul2026 01:04:52.281] [Server thread/INFO] [net.minecraft.server.MinecraftServer/]: [Chunky] Task running for minecraft:overworld. Processed: 5482 chunks (33.99%), ETA: 0:52:46, Rate: 3.4 cps, Current: -57, 59
[26Jul2026 01:04:53.727] [Server thread/INFO] [net.minecraft.server.MinecraftServer/]: [Chunky] Task running for minecraft:overworld. Processed: 5489 chunks (34.03%), ETA: 0:51:55, Rate: 3.4 cps, Current: -56, 60
[26Jul2026 01:04:54.865] [Server thread/INFO] [net.minecraft.server.MinecraftServer/]: [Chunky] Task running for minecraft:overworld. Processed: 5499 chunks (34.09%), ETA: 0:51:45, Rate: 3.4 cps, Current: -53, 60
[26Jul2026 01:04:57.233] [Server thread/INFO] [net.minecraft.server.MinecraftServer/]: [Chunky] Task running for minecraft:overworld. Processed: 5504 chunks (34.12%), ETA: 0:46:27, Rate: 3.8 cps, Current: -51, 61
[26Jul2026 01:04:58.237] [Server thread/INFO] [net.minecraft.server.MinecraftServer/]: [Chunky] Task running for minecraft:overworld. Processed: 5508 chunks (34.15%), ETA: 0:46:21, Rate: 3.8 cps, Current: -50, 60
[26Jul2026 01:04:59.445] [Server thread/INFO] [net.minecraft.server.MinecraftServer/]: [Chunky] Task running for minecraft:overworld. Processed: 5512 chunks (34.17%), ETA: 0:46:36, Rate: 3.8 cps, Current: -52, 58
[26Jul2026 01:05:00.577] [Server thread/INFO] [net.minecraft.server.MinecraftServer/]: [Chunky] Task running for minecraft:overworld. Processed: 5514 chunks (34.19%), ETA: 0:47:54, Rate: 3.7 cps, Current: -49, 60
[26Jul2026 01:05:01.635] [Server thread/INFO] [net.minecraft.server.MinecraftServer/]: [Chunky] Task running for minecraft:overworld. Processed: 5525 chunks (34.26%), ETA: 0:44:38, Rate: 4.0 cps, Current: -51, 57
[26Jul2026 01:05:02.701] [Server thread/INFO] [net.minecraft.server.MinecraftServer/]: [Chunky] Task running for minecraft:overworld. Processed: 5530 chunks (34.29%), ETA: 0:48:49, Rate: 3.6 cps, Current: -56, 62
[26Jul2026 01:05:03.847] [Server thread/INFO] [net.minecraft.server.MinecraftServer/]: [Chunky] Task running for minecraft:overworld. Processed: 5534 chunks (34.31%), ETA: 0:41:13, Rate: 4.3 cps, Current: -51, 54
[26Jul2026 01:05:04.851] [Server thread/INFO] [net.minecraft.server.MinecraftServer/]: [Chunky] Task running for minecraft:overworld. Processed: 5569 chunks (34.53%), ETA: 0:31:53, Rate: 5.5 cps, Current: -55, 50
[26Jul2026 01:05:06.440] [Server thread/INFO] [net.minecraft.server.MinecraftServer/]: [Chunky] Task running for minecraft:overworld. Processed: 5598 chunks (34.71%), ETA: 0:27:55, Rate: 6.3 cps, Current: -49, 50
[26Jul2026 01:05:07.493] [Server thread/INFO] [net.minecraft.server.MinecraftServer/]: [Chunky] Task running for minecraft:overworld. Processed: 5605 chunks (34.75%), ETA: 0:27:50, Rate: 6.3 cps, Current: -46, 50
[26Jul2026 01:05:08.693] [Server thread/INFO] [net.minecraft.server.MinecraftServer/]: [Chunky] Task running for minecraft:overworld. Processed: 5613 chunks (34.80%), ETA: 0:27:45, Rate: 6.3 cps, Current: -46, 49
[26Jul2026 01:05:09.782] [Server thread/INFO] [net.minecraft.server.MinecraftServer/]: [Chunky] Task running for minecraft:overworld. Processed: 5619 chunks (34.84%), ETA: 0:27:52, Rate: 6.3 cps, Current: -44, 50
[26Jul2026 01:05:10.810] [Server thread/INFO] [net.minecraft.server.MinecraftServer/]: [Chunky] Task running for minecraft:overworld. Processed: 5627 chunks (34.89%), ETA: 0:26:44, Rate: 6.5 cps, Current: -43, 52
[26Jul2026 01:05:11.854] [Server thread/INFO] [net.minecraft.server.MinecraftServer/]: [Chunky] Task running for minecraft:overworld. Processed: 5649 chunks (35.02%), ETA: 0:24:43, Rate: 7.1 cps, Current: -47, 54
[26Jul2026 01:05:12.910] [Server thread/INFO] [net.minecraft.server.MinecraftServer/]: [Chunky] Task running for minecraft:overworld. Processed: 5658 chunks (35.08%), ETA: 0:24:22, Rate: 7.2 cps, Current: -64, 59
[26Jul2026 01:05:13.941] [Server thread/INFO] [net.minecraft.server.MinecraftServer/]: [Chunky] Task running for minecraft:overworld. Processed: 5669 chunks (35.15%), ETA: 0:24:21, Rate: 7.2 cps, Current: -46, 57
[26Jul2026 01:05:14.942] [Server thread/INFO] [net.minecraft.server.MinecraftServer/]: [Chunky] Task running for minecraft:overworld. Processed: 5682 chunks (35.23%), ETA: 0:22:29, Rate: 7.7 cps, Current: -46, 60
[26Jul2026 01:05:16.158] [Server thread/INFO] [net.minecraft.server.MinecraftServer/]: [Chunky] Task running for minecraft:overworld. Processed: 5691 chunks (35.28%), ETA: 0:22:30, Rate: 7.7 cps, Current: -42, 48
[26Jul2026 01:05:17.510] [Server thread/INFO] [net.minecraft.server.MinecraftServer/]: [Chunky] Task running for minecraft:overworld. Processed: 5714 chunks (35.43%), ETA: 0:19:54, Rate: 8.7 cps, Current: -42, 55
[26Jul2026 01:05:19.056] [Server thread/INFO] [net.minecraft.server.MinecraftServer/]: [Chunky] Task running for minecraft:overworld. Processed: 5722 chunks (35.48%), ETA: 0:20:19, Rate: 8.5 cps, Current: -41, 57
[26Jul2026 01:05:20.154] [Server thread/INFO] [net.minecraft.server.MinecraftServer/]: [Chunky] Task running for minecraft:overworld. Processed: 5734 chunks (35.55%), ETA: 0:19:10, Rate: 9.0 cps, Current: -41, 60
[26Jul2026 01:05:21.232] [Server thread/INFO] [net.minecraft.server.MinecraftServer/]: [Chunky] Task running for minecraft:overworld. Processed: 5740 chunks (35.59%), ETA: 0:19:26, Rate: 8.9 cps, Current: -39, 59
[26Jul2026 01:05:22.512] [Server thread/INFO] [net.minecraft.server.MinecraftServer/]: [Chunky] Task running for minecraft:overworld. Processed: 5746 chunks (35.63%), ETA: 0:19:18, Rate: 9.0 cps, Current: -41, 48
[26Jul2026 01:05:24.282] [Server thread/INFO] [net.minecraft.server.MinecraftServer/]: [Chunky] Task running for minecraft:overworld. Processed: 5766 chunks (35.75%), ETA: 0:18:57, Rate: 9.1 cps, Current: -41, 50
[26Jul2026 01:05:25.455] [Server thread/INFO] [net.minecraft.server.MinecraftServer/]: [Chunky] Task running for minecraft:overworld. Processed: 5789 chunks (35.89%), ETA: 0:17:00, Rate: 10.1 cps, Current: -39, 56
[26Jul2026 01:05:26.997] [Server thread/INFO] [net.minecraft.server.MinecraftServer/]: [Chunky] Task running for minecraft:overworld. Processed: 5817 chunks (36.07%), ETA: 0:16:17, Rate: 10.5 cps, Current: -40, 52
[26Jul2026 01:05:28.009] [Server thread/INFO] [net.minecraft.server.MinecraftServer/]: [Chunky] Task running for minecraft:overworld. Processed: 5837 chunks (36.19%), ETA: 0:15:28, Rate: 11.1 cps, Current: -35, 50
[26Jul2026 01:05:29.102] [Server thread/INFO] [net.minecraft.server.MinecraftServer/]: [Chunky] Task running for minecraft:overworld. Processed: 5868 chunks (36.38%), ETA: 0:14:12, Rate: 12.0 cps, Current: -34, 46
[26Jul2026 01:05:30.130] [Server thread/INFO] [net.minecraft.server.MinecraftServer/]: [Chunky] Task running for minecraft:overworld. Processed: 5879 chunks (36.45%), ETA: 0:13:47, Rate: 12.4 cps, Current: -35, 41
[26Jul2026 01:05:30.743] [Server thread/INFO] [AllTheLeaks/]: Listing events...
[26Jul2026 01:05:30.743] [Server thread/INFO] [AllTheLeaks/]: Server Player Logout: 1
[26Jul2026 01:05:30.743] [Server thread/INFO] [AllTheLeaks/]: Listing memory leaks so far...
[26Jul2026 01:05:30.743] [Server thread/INFO] [AllTheLeaks/]: B: 873MB / C: 2690MB / Diff: +1817MB
[26Jul2026 01:05:30.743] [Server thread/INFO] [AllTheLeaks/]: Memory Leaks detected: (/atl force_refresh to update)
[26Jul2026 01:05:30.743] [Server thread/INFO] [AllTheLeaks/]: | ChunkAccess:
[26Jul2026 01:05:30.743] [Server thread/INFO] [AllTheLeaks/]: |- LevelChunk (minecraft): 3349
[26Jul2026 01:05:30.743] [Server thread/INFO] [AllTheLeaks/]: | Player:
[26Jul2026 01:05:30.743] [Server thread/INFO] [AllTheLeaks/]: |- ServerPlayer (minecraft): 1
[26Jul2026 01:05:31.192] [Server thread/INFO] [net.minecraft.server.MinecraftServer/]: [Chunky] Task running for minecraft:overworld. Processed: 5882 chunks (36.47%), ETA: 0:14:06, Rate: 12.1 cps, Current: -37, 42
[26Jul2026 01:05:32.289] [Server thread/INFO] [net.minecraft.server.MinecraftServer/]: [Chunky] Task running for minecraft:overworld. Processed: 5903 chunks (36.60%), ETA: 0:13:29, Rate: 12.6 cps, Current: -39, 41
[26Jul2026 01:05:33.354] [Server thread/INFO] [net.minecraft.server.MinecraftServer/]: [Chunky] Task running for minecraft:overworld. Processed: 5914 chunks (36.67%), ETA: 0:13:11, Rate: 12.9 cps, Current: -40, 45
[26Jul2026 01:05:34.360] [Server thread/INFO] [net.minecraft.server.MinecraftServer/]: [Chunky] Task running for minecraft:overworld. Processed: 5939 chunks (36.82%), ETA: 0:13:30, Rate: 12.6 cps, Current: -47, 45
[26Jul2026 01:05:35.382] [Server thread/INFO] [net.minecraft.server.MinecraftServer/]: [Chunky] Task running for minecraft:overworld. Processed: 5952 chunks (36.90%), ETA: 0:13:49, Rate: 12.3 cps, Current: -40, 44
[26Jul2026 01:05:36.447] [Server thread/INFO] [net.minecraft.server.MinecraftServer/]: [Chunky] Task running for minecraft:overworld. Processed: 5979 chunks (37.07%), ETA: 0:13:03, Rate: 13.0 cps, Current: -41, 41
[26Jul2026 01:05:37.537] [Server thread/INFO] [net.minecraft.server.MinecraftServer/]: [Chunky] Task running for minecraft:overworld. Processed: 5993 chunks (37.16%), ETA: 0:12:47, Rate: 13.2 cps, Current: -48, 39
[26Jul2026 01:05:38.597] [Server thread/INFO] [net.minecraft.server.MinecraftServer/]: [Chunky] Task running for minecraft:overworld. Processed: 6038 chunks (37.44%), ETA: 0:11:48, Rate: 14.2 cps, Current: -43, 35
[26Jul2026 01:05:39.636] [Server thread/INFO] [net.minecraft.server.MinecraftServer/]: [Chunky] Task running for minecraft:overworld. Processed: 6070 chunks (37.63%), ETA: 0:11:04, Rate: 15.1 cps, Current: -40, 36
[26Jul2026 01:05:40.681] [Server thread/INFO] [net.minecraft.server.MinecraftServer/]: [Chunky] Task running for minecraft:overworld. Processed: 6128 chunks (37.99%), ETA: 0:09:55, Rate: 16.8 cps, Current: -49, 63
[26Jul2026 01:05:47.378] [Worker-Main-3/WARN] [net.minecraft.world.level.levelgen.structure.pools.JigsawPlacement/]: Empty or non-existent pool: graveyard:large_walled_graveyard/small_crypt_pool
[26Jul2026 01:05:49.148] [Server thread/INFO] [net.minecraft.server.MinecraftServer/]: [Chunky] Task running for minecraft:overworld. Processed: 6145 chunks (38.10%), ETA: 0:11:42, Rate: 14.2 cps, Current: -62, 64
[26Jul2026 01:05:51.354] [Server thread/INFO] [net.minecraft.server.MinecraftServer/]: [Chunky] Task running for minecraft:overworld. Processed: 6158 chunks (38.18%), ETA: 0:11:36, Rate: 14.3 cps, Current: -62, 67
[26Jul2026 01:05:52.412] [Server thread/INFO] [net.minecraft.server.MinecraftServer/]: [Chunky] Task running for minecraft:overworld. Processed: 6167 chunks (38.24%), ETA: 0:11:45, Rate: 14.1 cps, Current: -59, 68
[26Jul2026 01:05:53.427] [Server thread/INFO] [net.minecraft.server.MinecraftServer/]: [Chunky] Task running for minecraft:overworld. Processed: 6170 chunks (38.25%), ETA: 0:11:56, Rate: 13.9 cps, Current: -58, 65
[26Jul2026 01:05:54.453] [Server thread/INFO] [net.minecraft.server.MinecraftServer/]: [Chunky] Task running for minecraft:overworld. Processed: 6177 chunks (38.30%), ETA: 0:12:21, Rate: 13.4 cps, Current: -56, 65
[26Jul2026 01:05:57.889] [Server thread/INFO] [net.minecraft.server.MinecraftServer/]: [Chunky] Task running for minecraft:overworld. Processed: 6180 chunks (38.32%), ETA: 0:14:24, Rate: 11.5 cps, Current: -55, 65
[26Jul2026 01:05:58.901] [Server thread/INFO] [net.minecraft.server.MinecraftServer/]: [Chunky] Task running for minecraft:overworld. Processed: 6185 chunks (38.35%), ETA: 0:15:31, Rate: 10.7 cps, Current: -61, 70
[26Jul2026 01:06:00.193] [Server thread/INFO] [net.minecraft.server.MinecraftServer/]: [Chunky] Task running for minecraft:overworld. Processed: 6198 chunks (38.43%), ETA: 0:15:08, Rate: 10.9 cps, Current: -57, 66
[26Jul2026 01:06:01.256] [Server thread/INFO] [net.minecraft.server.MinecraftServer/]: [Chunky] Task running for minecraft:overworld. Processed: 6209 chunks (38.50%), ETA: 0:15:36, Rate: 10.6 cps, Current: -53, 66
[26Jul2026 01:06:02.360] [Server thread/INFO] [net.minecraft.server.MinecraftServer/]: [Chunky] Task running for minecraft:overworld. Processed: 6212 chunks (38.51%), ETA: 0:16:02, Rate: 10.3 cps, Current: -57, 67
[26Jul2026 01:06:03.557] [Server thread/INFO] [net.minecraft.server.MinecraftServer/]: [Chunky] Task running for minecraft:overworld. Processed: 6229 chunks (38.62%), ETA: 0:16:33, Rate: 10.0 cps, Current: -56, 69
[26Jul2026 01:06:04.797] [Server thread/INFO] [net.minecraft.server.MinecraftServer/]: [Chunky] Task running for minecraft:overworld. Processed: 6233 chunks (38.64%), ETA: 0:17:12, Rate: 9.6 cps, Current: -52, 69
[26Jul2026 01:06:06.562] [Server thread/INFO] [net.minecraft.server.MinecraftServer/]: [Chunky] Task running for minecraft:overworld. Processed: 6234 chunks (38.65%), ETA: 0:19:46, Rate: 8.3 cps, Current: -57, 70
[26Jul2026 01:06:08.345] [Server thread/INFO] [net.minecraft.server.MinecraftServer/]: [Chunky] Task running for minecraft:overworld. Processed: 6236 chunks (38.66%), ETA: 0:24:38, Rate: 6.7 cps, Current: -56, 70
[26Jul2026 01:06:09.955] [Server thread/INFO] [net.minecraft.server.MinecraftServer/]: [Chunky] Task running for minecraft:overworld. Processed: 6237 chunks (38.67%), ETA: 0:43:52, Rate: 3.8 cps, Current: -55, 70
[26Jul2026 01:06:11.232] [Server thread/INFO] [net.minecraft.server.MinecraftServer/]: [Chunky] Task running for minecraft:overworld. Processed: 6240 chunks (38.69%), ETA: 0:37:54, Rate: 4.3 cps, Current: -50, 67
[26Jul2026 01:06:12.390] [Server thread/INFO] [net.minecraft.server.MinecraftServer/]: [Chunky] Task running for minecraft:overworld. Processed: 6248 chunks (38.74%), ETA: 0:36:48, Rate: 4.5 cps, Current: -52, 70
[26Jul2026 01:06:13.938] [Server thread/INFO] [net.minecraft.server.MinecraftServer/]: [Chunky] Task running for minecraft:overworld. Processed: 6256 chunks (38.79%), ETA: 0:36:25, Rate: 4.5 cps, Current: -55, 72
[26Jul2026 01:06:15.652] [Server thread/INFO] [net.minecraft.server.MinecraftServer/]: [Chunky] Task running for minecraft:overworld. Processed: 6263 chunks (38.83%), ETA: 0:36:37, Rate: 4.5 cps, Current: -55, 73
[26Jul2026 01:06:18.056] [Server thread/INFO] [net.minecraft.server.MinecraftServer/]: [Chunky] Task running for minecraft:overworld. Processed: 6266 chunks (38.85%), ETA: 0:38:57, Rate: 4.2 cps, Current: -51, 74
[26Jul2026 01:06:19.077] [Server thread/INFO] [net.minecraft.server.MinecraftServer/]: [Chunky] Task running for minecraft:overworld. Processed: 6267 chunks (38.86%), ETA: 0:39:59, Rate: 4.1 cps, Current: -55, 74
[26Jul2026 01:06:19.982] [Worker-Main-2/WARN] [lithostitched/]: Non-existent template pool reference: minecraft:house_basement_pool
[26Jul2026 01:06:19.982] [Worker-Main-2/WARN] [lithostitched/]: Non-existent template pool reference: minecraft:monster_hunter_additions_3_pool
[26Jul2026 01:06:19.982] [Worker-Main-2/WARN] [lithostitched/]: Non-existent template pool reference: minecraft:monster_hunter_additions_3_pool
[26Jul2026 01:06:19.982] [Worker-Main-2/WARN] [lithostitched/]: Non-existent template pool reference: minecraft:monster_hunter_end_1_pool
[26Jul2026 01:06:20.242] [Server thread/INFO] [net.minecraft.server.MinecraftServer/]: [Chunky] Task running for minecraft:overworld. Processed: 6274 chunks (38.90%), ETA: 0:40:33, Rate: 4.1 cps, Current: -50, 75
[26Jul2026 01:06:21.243] [Server thread/INFO] [net.minecraft.server.MinecraftServer/]: [Chunky] Task running for minecraft:overworld. Processed: 6283 chunks (38.95%), ETA: 0:38:55, Rate: 4.2 cps, Current: -51, 78
[26Jul2026 01:06:22.290] [Server thread/INFO] [net.minecraft.server.MinecraftServer/]: [Chunky] Task running for minecraft:overworld. Processed: 6295 chunks (39.03%), ETA: 0:37:57, Rate: 4.3 cps, Current: -49, 64
[26Jul2026 01:06:23.431] [Server thread/INFO] [net.minecraft.server.MinecraftServer/]: [Chunky] Task running for minecraft:overworld. Processed: 6298 chunks (39.05%), ETA: 0:38:55, Rate: 4.2 cps, Current: -56, 71
[26Jul2026 01:06:24.487] [Server thread/INFO] [net.minecraft.server.MinecraftServer/]: [Chunky] Task running for minecraft:overworld. Processed: 6306 chunks (39.10%), ETA: 0:34:17, Rate: 4.8 cps, Current: -57, 71
[26Jul2026 01:06:25.954] [Server thread/INFO] [net.minecraft.server.MinecraftServer/]: [Chunky] Task running for minecraft:overworld. Processed: 6322 chunks (39.20%), ETA: 0:32:04, Rate: 5.1 cps, Current: -57, 78
[26Jul2026 01:06:26.983] [Server thread/INFO] [net.minecraft.server.MinecraftServer/]: [Chunky] Task running for minecraft:overworld. Processed: 6326 chunks (39.22%), ETA: 0:32:20, Rate: 5.1 cps, Current: -60, 71
[26Jul2026 01:06:28.450] [Server thread/INFO] [net.minecraft.server.MinecraftServer/]: [Chunky] Task running for minecraft:overworld. Processed: 6335 chunks (39.28%), ETA: 0:31:56, Rate: 5.1 cps, Current: -61, 72
[26Jul2026 01:06:30.178] [Server thread/INFO] [net.minecraft.server.MinecraftServer/]: [Chunky] Task running for minecraft:overworld. Processed: 6342 chunks (39.32%), ETA: 0:33:43, Rate: 4.8 cps, Current: -63, 71
[26Jul2026 01:06:31.083] [Worker-Main-1/WARN] [com.finndog.mvs.MVSCommon/]: Moog's Voyager Structures: Empty or nonexistent pool: mvs:mine_with_campsite/side_pool which is being called from mvs:other_decoration/mine_with_campsite
[26Jul2026 01:06:31.202] [Server thread/INFO] [net.minecraft.server.MinecraftServer/]: [Chunky] Task running for minecraft:overworld. Processed: 6354 chunks (39.39%), ETA: 0:33:24, Rate: 4.9 cps, Current: -61, 76
[26Jul2026 01:06:36.347] [Server thread/INFO] [net.minecraft.server.MinecraftServer/]: [Chunky] Task running for minecraft:overworld. Processed: 6363 chunks (39.45%), ETA: 0:37:17, Rate: 4.4 cps, Current: -63, 77
[26Jul2026 01:06:37.441] [Server thread/INFO] [net.minecraft.server.MinecraftServer/]: [Chunky] Task running for minecraft:overworld. Processed: 6369 chunks (39.49%), ETA: 0:35:19, Rate: 4.6 cps, Current: -63, 82
[26Jul2026 01:06:38.693] [Server thread/INFO] [net.minecraft.server.MinecraftServer/]: [Chunky] Task running for minecraft:overworld. Processed: 6379 chunks (39.55%), ETA: 0:32:39, Rate: 5.0 cps, Current: -49, 69
[26Jul2026 01:06:42.850] [Server thread/INFO] [net.minecraft.server.MinecraftServer/]: [Chunky] Task running for minecraft:overworld. Processed: 6386 chunks (39.59%), ETA: 0:35:50, Rate: 4.5 cps, Current: -58, 79
[26Jul2026 01:06:44.335] [Server thread/INFO] [net.minecraft.server.MinecraftServer/]: [Chunky] Task running for minecraft:overworld. Processed: 6388 chunks (39.61%), ETA: 0:36:57, Rate: 4.4 cps, Current: -61, 82
[26Jul2026 01:06:45.979] [Server thread/INFO] [net.minecraft.server.MinecraftServer/]: [Chunky] Task running for minecraft:overworld. Processed: 6392 chunks (39.63%), ETA: 0:35:40, Rate: 4.5 cps, Current: -58, 82
[26Jul2026 01:06:48.455] [Server thread/INFO] [net.minecraft.server.MinecraftServer/]: [Chunky] Task running for minecraft:overworld. Processed: 6394 chunks (39.64%), ETA: 0:37:14, Rate: 4.4 cps, Current: -59, 84
[26Jul2026 01:06:49.979] [Server thread/INFO] [net.minecraft.server.MinecraftServer/]: [Chunky] Task running for minecraft:overworld. Processed: 6396 chunks (39.66%), ETA: 0:39:13, Rate: 4.1 cps, Current: -58, 84
[26Jul2026 01:06:52.925] [Server thread/INFO] [net.minecraft.server.MinecraftServer/]: [Chunky] Task running for minecraft:overworld. Processed: 6398 chunks (39.67%), ETA: 0:47:21, Rate: 3.4 cps, Current: -49, 70
[26Jul2026 01:06:54.134] [Server thread/INFO] [net.minecraft.server.MinecraftServer/]: [Chunky] Task running for minecraft:overworld. Processed: 6400 chunks (39.68%), ETA: 0:50:36, Rate: 3.2 cps, Current: -59, 85
[26Jul2026 01:06:55.282] [Server thread/INFO] [net.minecraft.server.MinecraftServer/]: [Chunky] Task running for minecraft:overworld. Processed: 6408 chunks (39.73%), ETA: 0:54:36, Rate: 3.0 cps, Current: -49, 72
[26Jul2026 01:06:55.982] [Worker-Main-2/WARN] [com.finndog.mvs.MVSCommon/]: Moog's Voyager Structures: Empty or nonexistent pool: mvs:farm/side_pool which is being called from mvs:other_decoration/wooden_wheat_farm
[26Jul2026 01:06:56.824] [Server thread/INFO] [net.minecraft.server.MinecraftServer/]: [Chunky] Task running for minecraft:overworld. Processed: 6416 chunks (39.78%), ETA: 0:53:05, Rate: 3.0 cps, Current: -62, 85
[26Jul2026 01:06:57.859] [Server thread/INFO] [net.minecraft.server.MinecraftServer/]: [Chunky] Task running for minecraft:overworld. Processed: 6421 chunks (39.81%), ETA: 0:54:41, Rate: 3.0 cps, Current: -49, 76
[26Jul2026 01:06:59.144] [Server thread/INFO] [net.minecraft.server.MinecraftServer/]: [Chunky] Task running for minecraft:overworld. Processed: 6422 chunks (39.82%), ETA: 0:57:51, Rate: 2.8 cps, Current: -63, 85
[26Jul2026 01:07:03.955] [Worker-Main-1/WARN] [lithostitched/]: Non-existent template pool reference: minecraft:lumberjack_additions_3_pool
[26Jul2026 01:07:03.955] [Worker-Main-1/WARN] [lithostitched/]: Non-existent template pool reference: minecraft:lumberjack_additions_3_pool
[26Jul2026 01:07:03.955] [Worker-Main-1/WARN] [lithostitched/]: Non-existent template pool reference: minecraft:lumberjack_additions_3_pool
[26Jul2026 01:07:03.955] [Worker-Main-1/WARN] [lithostitched/]: Non-existent template pool reference: minecraft:lumberjack_end_1_pool
[26Jul2026 01:07:03.955] [Worker-Main-1/WARN] [lithostitched/]: Non-existent template pool reference: minecraft:lumberjack_end_1_pool
[26Jul2026 01:07:05.439] [Server thread/INFO] [net.minecraft.server.MinecraftServer/]: [Chunky] Task running for minecraft:overworld. Processed: 6425 chunks (39.84%), ETA: 1:14:41, Rate: 2.2 cps, Current: -63, 87
[26Jul2026 01:07:06.897] [Server thread/INFO] [net.minecraft.server.MinecraftServer/]: [Chunky] Task running for minecraft:overworld. Processed: 6428 chunks (39.85%), ETA: 1:19:22, Rate: 2.0 cps, Current: -62, 88
[26Jul2026 01:07:08.838] [Server thread/INFO] [net.minecraft.server.MinecraftServer/]: [Chunky] Task running for minecraft:overworld. Processed: 6429 chunks (39.86%), ETA: 1:35:28, Rate: 1.7 cps, Current: -62, 89
[26Jul2026 01:07:09.894] [Server thread/INFO] [net.minecraft.server.MinecraftServer/]: [Chunky] Task running for minecraft:overworld. Processed: 6434 chunks (39.89%), ETA: 1:29:10, Rate: 1.8 cps, Current: -55, 79
[26Jul2026 01:07:13.230] [Server thread/INFO] [net.minecraft.server.MinecraftServer/]: [Chunky] Task running for minecraft:overworld. Processed: 6438 chunks (39.92%), ETA: 1:31:30, Rate: 1.8 cps, Current: -63, 90
[26Jul2026 01:07:14.709] [Server thread/INFO] [net.minecraft.server.MinecraftServer/]: [Chunky] Task running for minecraft:overworld. Processed: 6439 chunks (39.92%), ETA: 1:36:39, Rate: 1.7 cps, Current: -52, 79
[26Jul2026 01:07:15.726] [Server thread/INFO] [net.minecraft.server.MinecraftServer/]: [Chunky] Task running for minecraft:overworld. Processed: 6449 chunks (39.98%), ETA: 1:22:44, Rate: 1.9 cps, Current: -64, 77
[26Jul2026 01:07:16.985] [Server thread/INFO] [net.minecraft.server.MinecraftServer/]: [Chunky] Task running for minecraft:overworld. Processed: 6457 chunks (40.03%), ETA: 1:11:51, Rate: 2.2 cps, Current: -62, 92
[26Jul2026 01:07:18.174] [Server thread/INFO] [net.minecraft.server.MinecraftServer/]: [Chunky] Task running for minecraft:overworld. Processed: 6467 chunks (40.10%), ETA: 1:04:40, Rate: 2.5 cps, Current: -60, 87
[26Jul2026 01:07:19.192] [Server thread/INFO] [net.minecraft.server.MinecraftServer/]: [Chunky] Task running for minecraft:overworld. Processed: 6481 chunks (40.18%), ETA: 0:54:37, Rate: 2.9 cps, Current: -61, 94
[26Jul2026 01:07:20.326] [Server thread/INFO] [net.minecraft.server.MinecraftServer/]: [Chunky] Task running for minecraft:overworld. Processed: 6488 chunks (40.23%), ETA: 0:48:23, Rate: 3.3 cps, Current: -57, 80
[26Jul2026 01:07:21.544] [Server thread/INFO] [net.minecraft.server.MinecraftServer/]: [Chunky] Task running for minecraft:overworld. Processed: 6492 chunks (40.25%), ETA: 0:48:23, Rate: 3.3 cps, Current: -57, 84
[26Jul2026 01:07:23.653] [Server thread/INFO] [net.minecraft.server.MinecraftServer/]: [Chunky] Task running for minecraft:overworld. Processed: 6498 chunks (40.29%), ETA: 0:47:51, Rate: 3.4 cps, Current: -57, 89
[26Jul2026 01:07:24.656] [Server thread/INFO] [net.minecraft.server.MinecraftServer/]: [Chunky] Task running for minecraft:overworld. Processed: 6505 chunks (40.33%), ETA: 0:48:04, Rate: 3.3 cps, Current: -58, 92
[26Jul2026 01:07:27.647] [Server thread/INFO] [net.minecraft.server.MinecraftServer/]: [Chunky] Task running for minecraft:overworld. Processed: 6508 chunks (40.35%), ETA: 0:54:16, Rate: 3.0 cps, Current: -56, 90
[26Jul2026 01:07:28.756] [Server thread/INFO] [net.minecraft.server.MinecraftServer/]: [Chunky] Task running for minecraft:overworld. Processed: 6511 chunks (40.37%), ETA: 0:52:44, Rate: 3.0 cps, Current: -56, 92
[26Jul2026 01:07:29.779] [Server thread/INFO] [net.minecraft.server.MinecraftServer/]: [Chunky] Task running for minecraft:overworld. Processed: 6518 chunks (40.41%), ETA: 0:41:28, Rate: 3.9 cps, Current: -55, 93
[26Jul2026 01:07:30.885] [Server thread/INFO] [net.minecraft.server.MinecraftServer/]: [Chunky] Task running for minecraft:overworld. Processed: 6523 chunks (40.44%), ETA: 0:41:09, Rate: 3.9 cps, Current: -54, 93
[26Jul2026 01:07:32.974] [Server thread/INFO] [net.minecraft.server.MinecraftServer/]: [Chunky] Task running for minecraft:overworld. Processed: 6525 chunks (40.46%), ETA: 0:43:38, Rate: 3.7 cps, Current: -53, 88
[26Jul2026 01:07:35.052] [Server thread/INFO] [net.minecraft.server.MinecraftServer/]: [Chunky] Task running for minecraft:overworld. Processed: 6532 chunks (40.50%), ETA: 0:43:51, Rate: 3.6 cps, Current: -51, 91
[26Jul2026 01:07:37.160] [Server thread/INFO] [net.minecraft.server.MinecraftServer/]: [Chunky] Task running for minecraft:overworld. Processed: 6547 chunks (40.59%), ETA: 0:38:00, Rate: 4.2 cps, Current: -52, 88
[26Jul2026 01:07:37.799] [Worker-Main-1/WARN] [com.finndog.mvs.MVSCommon/]: Moog's Voyager Structures: Empty or nonexistent pool: mvs:farm/side_pool which is being called from mvs:other_decoration/wheat_grain_bin
[26Jul2026 01:07:38.207] [Server thread/INFO] [net.minecraft.server.MinecraftServer/]: [Chunky] Task running for minecraft:overworld. Processed: 6551 chunks (40.62%), ETA: 0:38:07, Rate: 4.2 cps, Current: -50, 90
[26Jul2026 01:07:39.328] [Server thread/INFO] [net.minecraft.server.MinecraftServer/]: [Chunky] Task running for minecraft:overworld. Processed: 6562 chunks (40.68%), ETA: 0:36:22, Rate: 4.4 cps, Current: -52, 87
[26Jul2026 01:07:40.547] [Server thread/INFO] [net.minecraft.server.MinecraftServer/]: [Chunky] Task running for minecraft:overworld. Processed: 6612 chunks (40.99%), ETA: 0:24:45, Rate: 6.4 cps, Current: -64, 81
[26Jul2026 01:07:42.744] [Server thread/INFO] [net.minecraft.server.MinecraftServer/]: [Chunky] Task running for minecraft:overworld. Processed: 6620 chunks (41.04%), ETA: 0:25:33, Rate: 6.2 cps, Current: -64, 89
[26Jul2026 01:07:44.632] [Server thread/INFO] [net.minecraft.server.MinecraftServer/]: [Chunky] Task running for minecraft:overworld. Processed: 6624 chunks (41.07%), ETA: 0:25:29, Rate: 6.2 cps, Current: -64, 93
[26Jul2026 01:07:47.423] [Server thread/INFO] [net.minecraft.server.MinecraftServer/]: [Chunky] Task running for minecraft:overworld. Processed: 6628 chunks (41.09%), ETA: 0:28:35, Rate: 5.5 cps, Current: -48, 80
[26Jul2026 01:07:49.789] [Server thread/INFO] [net.minecraft.server.MinecraftServer/]: [Chunky] Task running for minecraft:overworld. Processed: 6629 chunks (41.10%), ETA: 0:32:51, Rate: 4.8 cps, Current: -48, 81
[26Jul2026 01:07:51.542] [Server thread/INFO] [net.minecraft.server.MinecraftServer/]: [Chunky] Task running for minecraft:overworld. Processed: 6632 chunks (41.12%), ETA: 0:33:40, Rate: 4.7 cps, Current: -46, 80
[26Jul2026 01:07:52.480] [Worker-Main-1/WARN] [com.finndog.mvs.MVSCommon/]: Moog's Voyager Structures: Empty or nonexistent pool: mvs:farm/side_pool which is being called from mvs:other_decoration/wooden_wheat_farm
[26Jul2026 01:07:53.079] [Server thread/INFO] [net.minecraft.server.MinecraftServer/]: [Chunky] Task running for minecraft:overworld. Processed: 6640 chunks (41.17%), ETA: 0:32:32, Rate: 4.9 cps, Current: -43, 80
[26Jul2026 01:07:54.292] [Server thread/INFO] [net.minecraft.server.MinecraftServer/]: [Chunky] Task running for minecraft:overworld. Processed: 6646 chunks (41.21%), ETA: 0:32:59, Rate: 4.8 cps, Current: -42, 80
[26Jul2026 01:07:55.895] [Server thread/INFO] [net.minecraft.server.MinecraftServer/]: [Chunky] Task running for minecraft:overworld. Processed: 6657 chunks (41.27%), ETA: 0:29:43, Rate: 5.3 cps, Current: -43, 84
[26Jul2026 01:07:58.533] [Server thread/INFO] [net.minecraft.server.MinecraftServer/]: [Chunky] Task running for minecraft:overworld. Processed: 6660 chunks (41.29%), ETA: 0:31:19, Rate: 5.0 cps, Current: -49, 85
[26Jul2026 01:07:59.553] [Server thread/INFO] [net.minecraft.server.MinecraftServer/]: [Chunky] Task running for minecraft:overworld. Processed: 6672 chunks (41.37%), ETA: 0:30:16, Rate: 5.2 cps, Current: -42, 83
[26Jul2026 01:08:00.784] [Server thread/INFO] [net.minecraft.server.MinecraftServer/]: [Chunky] Task running for minecraft:overworld. Processed: 6682 chunks (41.43%), ETA: 0:29:25, Rate: 5.4 cps, Current: -48, 87
[26Jul2026 01:08:02.163] [Server thread/INFO] [net.minecraft.server.MinecraftServer/]: [Chunky] Task running for minecraft:overworld. Processed: 6695 chunks (41.51%), ETA: 0:26:50, Rate: 5.9 cps, Current: -48, 90
[26Jul2026 01:08:03.300] [Server thread/INFO] [net.minecraft.server.MinecraftServer/]: [Chunky] Task running for minecraft:overworld. Processed: 6706 chunks (41.58%), ETA: 0:25:21, Rate: 6.2 cps, Current: -47, 93
[26Jul2026 01:08:04.330] [Server thread/INFO] [net.minecraft.server.MinecraftServer/]: [Chunky] Task running for minecraft:overworld. Processed: 6708 chunks (41.59%), ETA: 0:25:58, Rate: 6.0 cps, Current: -49, 94
[26Jul2026 01:08:05.222] [Worker-Main-2/WARN] [com.finndog.mvs.MVSCommon/]: Moog's Voyager Structures: Empty or nonexistent pool: mvs:farm/side_pool which is being called from mvs:other_decoration/wheat_grain_bin
[26Jul2026 01:08:06.334] [Server thread/INFO] [net.minecraft.server.MinecraftServer/]: [Chunky] Task running for minecraft:overworld. Processed: 6720 chunks (41.66%), ETA: 0:26:17, Rate: 6.0 cps, Current: -45, 93
[26Jul2026 01:08:07.336] [Server thread/INFO] [net.minecraft.server.MinecraftServer/]: [Chunky] Task running for minecraft:overworld. Processed: 6727 chunks (41.71%), ETA: 0:25:47, Rate: 6.1 cps, Current: -43, 91
[26Jul2026 01:08:08.478] [Server thread/INFO] [net.minecraft.server.MinecraftServer/]: [Chunky] Task running for minecraft:overworld. Processed: 6742 chunks (41.80%), ETA: 0:25:11, Rate: 6.2 cps, Current: -42, 91
[26Jul2026 01:08:13.931] [Worker-Main-2/WARN] [lithostitched/]: Non-existent template pool reference: minecraft:miner_main_room_pool
[26Jul2026 01:08:13.931] [Worker-Main-2/WARN] [lithostitched/]: Non-existent template pool reference: minecraft:miner_additions_3_pool
[26Jul2026 01:08:13.931] [Worker-Main-2/WARN] [lithostitched/]: Non-existent template pool reference: minecraft:miner_additions_2_pool
[26Jul2026 01:08:13.931] [Worker-Main-2/WARN] [lithostitched/]: Non-existent template pool reference: minecraft:miner_additions_1_pool
[26Jul2026 01:08:14.388] [Server thread/INFO] [net.minecraft.server.MinecraftServer/]: [Chunky] Task running for minecraft:overworld. Processed: 6746 chunks (41.83%), ETA: 0:37:49, Rate: 4.1 cps, Current: -41, 89
[26Jul2026 01:08:15.733] [Server thread/INFO] [net.minecraft.server.MinecraftServer/]: [Chunky] Task running for minecraft:overworld. Processed: 6748 chunks (41.84%), ETA: 0:36:34, Rate: 4.3 cps, Current: -40, 89
[26Jul2026 01:08:17.279] [Server thread/INFO] [net.minecraft.server.MinecraftServer/]: [Chunky] Task running for minecraft:overworld. Processed: 6753 chunks (41.87%), ETA: 0:37:01, Rate: 4.2 cps, Current: -39, 90
[26Jul2026 01:08:18.297] [Server thread/INFO] [net.minecraft.server.MinecraftServer/]: [Chunky] Task running for minecraft:overworld. Processed: 6757 chunks (41.89%), ETA: 0:34:31, Rate: 4.5 cps, Current: -64, 95
[26Jul2026 01:08:19.308] [Server thread/INFO] [net.minecraft.server.MinecraftServer/]: [Chunky] Task running for minecraft:overworld. Processed: 6767 chunks (41.96%), ETA: 0:33:08, Rate: 4.7 cps, Current: -39, 91
[26Jul2026 01:08:21.874] [Server thread/INFO] [net.minecraft.server.MinecraftServer/]: [Chunky] Task running for minecraft:overworld. Processed: 6776 chunks (42.01%), ETA: 0:32:45, Rate: 4.8 cps, Current: -38, 93
[26Jul2026 01:08:22.995] [Server thread/INFO] [net.minecraft.server.MinecraftServer/]: [Chunky] Task running for minecraft:overworld. Processed: 6779 chunks (42.03%), ETA: 0:33:17, Rate: 4.7 cps, Current: -36, 93
[26Jul2026 01:08:25.079] [Server thread/INFO] [net.minecraft.server.MinecraftServer/]: [Chunky] Task running for minecraft:overworld. Processed: 6784 chunks (42.06%), ETA: 0:35:30, Rate: 4.4 cps, Current: -35, 93
[26Jul2026 01:08:26.509] [Server thread/INFO] [net.minecraft.server.MinecraftServer/]: [Chunky] Task running for minecraft:overworld. Processed: 6786 chunks (42.07%), ETA: 0:34:18, Rate: 4.5 cps, Current: -37, 92
[26Jul2026 01:08:27.593] [Server thread/INFO] [net.minecraft.server.MinecraftServer/]: [Chunky] Task running for minecraft:overworld. Processed: 6792 chunks (42.11%), ETA: 0:34:00, Rate: 4.6 cps, Current: -37, 91
[26Jul2026 01:08:27.737] [Worker-Main-1/WARN] [lithostitched/]: Non-existent template pool reference: minecraft:cook_additions_1_pool
[26Jul2026 01:08:27.737] [Worker-Main-1/WARN] [lithostitched/]: Non-existent template pool reference: minecraft:cook_additions_2_pool
[26Jul2026 01:08:27.737] [Worker-Main-1/WARN] [lithostitched/]: Non-existent template pool reference: minecraft:angler_additions_3_pool
[26Jul2026 01:08:27.737] [Worker-Main-1/WARN] [lithostitched/]: Non-existent template pool reference: minecraft:cook_additions_4_pool
[26Jul2026 01:08:27.737] [Worker-Main-1/WARN] [lithostitched/]: Non-existent template pool reference: minecraft:cook_end_1_pool
[26Jul2026 01:08:27.737] [Worker-Main-1/WARN] [lithostitched/]: Non-existent template pool reference: minecraft:cook_additions_3_pool
[26Jul2026 01:08:27.737] [Worker-Main-1/WARN] [lithostitched/]: Non-existent template pool reference: minecraft:cook_end_1_pool
[26Jul2026 01:08:28.979] [Server thread/INFO] [net.minecraft.server.MinecraftServer/]: [Chunky] Task running for minecraft:overworld. Processed: 6801 chunks (42.17%), ETA: 0:35:11, Rate: 4.4 cps, Current: -35, 90
[26Jul2026 01:08:30.044] [Server thread/INFO] [net.minecraft.server.MinecraftServer/]: [Chunky] Task running for minecraft:overworld. Processed: 6808 chunks (42.21%), ETA: 0:35:47, Rate: 4.3 cps, Current: -34, 89
[26Jul2026 01:08:31.444] [Server thread/INFO] [net.minecraft.server.MinecraftServer/]: [Chunky] Task running for minecraft:overworld. Processed: 6819 chunks (42.28%), ETA: 0:36:20, Rate: 4.3 cps, Current: -35, 88
[26Jul2026 01:08:32.624] [Server thread/INFO] [net.minecraft.server.MinecraftServer/]: [Chunky] Task running for minecraft:overworld. Processed: 6836 chunks (42.38%), ETA: 0:34:40, Rate: 4.5 cps, Current: -40, 85
[26Jul2026 01:08:33.723] [Server thread/INFO] [net.minecraft.server.MinecraftServer/]: [Chunky] Task running for minecraft:overworld. Processed: 6850 chunks (42.47%), ETA: 0:31:47, Rate: 4.9 cps, Current: -34, 86
[26Jul2026 01:08:34.750] [Server thread/INFO] [net.minecraft.server.MinecraftServer/]: [Chunky] Task running for minecraft:overworld. Processed: 6861 chunks (42.54%), ETA: 0:30:54, Rate: 5.0 cps, Current: -39, 81
[26Jul2026 01:08:35.834] [Server thread/INFO] [net.minecraft.server.MinecraftServer/]: [Chunky] Task running for minecraft:overworld. Processed: 6871 chunks (42.60%), ETA: 0:29:56, Rate: 5.2 cps, Current: -34, 84
[26Jul2026 01:08:37.282] [Server thread/INFO] [net.minecraft.server.MinecraftServer/]: [Chunky] Task running for minecraft:overworld. Processed: 6877 chunks (42.64%), ETA: 0:30:34, Rate: 5.0 cps, Current: -34, 79
[26Jul2026 01:08:38.537] [Server thread/INFO] [net.minecraft.server.MinecraftServer/]: [Chunky] Task running for minecraft:overworld. Processed: 6887 chunks (42.70%), ETA: 0:26:11, Rate: 5.9 cps, Current: -34, 78
[26Jul2026 01:08:39.641] [Server thread/INFO] [net.minecraft.server.MinecraftServer/]: [Chunky] Task running for minecraft:overworld. Processed: 6891 chunks (42.72%), ETA: 0:26:37, Rate: 5.8 cps, Current: -34, 75
[26Jul2026 01:08:40.735] [Server thread/INFO] [net.minecraft.server.MinecraftServer/]: [Chunky] Task running for minecraft:overworld. Processed: 6899 chunks (42.77%), ETA: 0:26:19, Rate: 5.8 cps, Current: -45, 95
[26Jul2026 01:08:41.944] [Server thread/INFO] [net.minecraft.server.MinecraftServer/]: [Chunky] Task running for minecraft:overworld. Processed: 6906 chunks (42.82%), ETA: 0:26:18, Rate: 5.8 cps, Current: -36, 73
[26Jul2026 01:08:43.043] [Server thread/INFO] [net.minecraft.server.MinecraftServer/]: [Chunky] Task running for minecraft:overworld. Processed: 6913 chunks (42.86%), ETA: 0:26:11, Rate: 5.9 cps, Current: -38, 75
[26Jul2026 01:08:44.129] [Server thread/INFO] [net.minecraft.server.MinecraftServer/]: [Chunky] Task running for minecraft:overworld. Processed: 6931 chunks (42.97%), ETA: 0:24:30, Rate: 6.3 cps, Current: -44, 95
[26Jul2026 01:08:45.154] [Server thread/INFO] [net.minecraft.server.MinecraftServer/]: [Chunky] Task running for minecraft:overworld. Processed: 6946 chunks (43.07%), ETA: 0:22:37, Rate: 6.8 cps, Current: -40, 76
[26Jul2026 01:08:46.200] [Server thread/INFO] [net.minecraft.server.MinecraftServer/]: [Chunky] Task running for minecraft:overworld. Processed: 6969 chunks (43.21%), ETA: 0:20:20, Rate: 7.5 cps, Current: -48, 76
[26Jul2026 01:08:47.223] [Server thread/INFO] [net.minecraft.server.MinecraftServer/]: [Chunky] Task running for minecraft:overworld. Processed: 6994 chunks (43.36%), ETA: 0:18:50, Rate: 8.1 cps, Current: -48, 73
[26Jul2026 01:08:48.284] [Server thread/INFO] [net.minecraft.server.MinecraftServer/]: [Chunky] Task running for minecraft:overworld. Processed: 7002 chunks (43.41%), ETA: 0:18:32, Rate: 8.2 cps, Current: -41, 72
[26Jul2026 01:08:49.287] [Server thread/INFO] [net.minecraft.server.MinecraftServer/]: [Chunky] Task running for minecraft:overworld. Processed: 7009 chunks (43.46%), ETA: 0:18:45, Rate: 8.1 cps, Current: -44, 72
[26Jul2026 01:08:50.290] [Server thread/INFO] [net.minecraft.server.MinecraftServer/]: [Chunky] Task running for minecraft:overworld. Processed: 7031 chunks (43.59%), ETA: 0:16:49, Rate: 9.0 cps, Current: -45, 69
[26Jul2026 01:08:51.297] [Server thread/INFO] [net.minecraft.server.MinecraftServer/]: [Chunky] Task running for minecraft:overworld. Processed: 7066 chunks (43.81%), ETA: 0:15:16, Rate: 9.9 cps, Current: -42, 64
[26Jul2026 01:08:52.353] [Server thread/INFO] [net.minecraft.server.MinecraftServer/]: [Chunky] Task running for minecraft:overworld. Processed: 7089 chunks (43.95%), ETA: 0:14:13, Rate: 10.6 cps, Current: -39, 66
[26Jul2026 01:08:53.840] [Server thread/INFO] [net.minecraft.server.MinecraftServer/]: [Chunky] Task running for minecraft:overworld. Processed: 7111 chunks (44.09%), ETA: 0:13:10, Rate: 11.4 cps, Current: -36, 69
[26Jul2026 01:08:56.101] [Server thread/INFO] [net.minecraft.server.MinecraftServer/]: [Chunky] Task running for minecraft:overworld. Processed: 7137 chunks (44.25%), ETA: 0:12:35, Rate: 11.9 cps, Current: -33, 64
[26Jul2026 01:08:57.284] [Server thread/INFO] [net.minecraft.server.MinecraftServer/]: [Chunky] Task running for minecraft:overworld. Processed: 7145 chunks (44.30%), ETA: 0:12:33, Rate: 11.9 cps, Current: -30, 64
[26Jul2026 01:08:58.306] [Server thread/INFO] [net.minecraft.server.MinecraftServer/]: [Chunky] Task running for minecraft:overworld. Processed: 7153 chunks (44.35%), ETA: 0:12:25, Rate: 12.0 cps, Current: -31, 66
[26Jul2026 01:08:59.658] [Server thread/INFO] [net.minecraft.server.MinecraftServer/]: [Chunky] Task running for minecraft:overworld. Processed: 7158 chunks (44.38%), ETA: 0:12:36, Rate: 11.9 cps, Current: -30, 67
[26Jul2026 01:09:00.708] [Server thread/INFO] [net.minecraft.server.MinecraftServer/]: [Chunky] Task running for minecraft:overworld. Processed: 7162 chunks (44.40%), ETA: 0:12:42, Rate: 11.8 cps, Current: -29, 64
[26Jul2026 01:09:01.876] [Server thread/INFO] [net.minecraft.server.MinecraftServer/]: [Chunky] Task running for minecraft:overworld. Processed: 7169 chunks (44.45%), ETA: 0:13:04, Rate: 11.4 cps, Current: -32, 70
[26Jul2026 01:09:03.490] [Server thread/INFO] [net.minecraft.server.MinecraftServer/]: [Chunky] Task running for minecraft:overworld. Processed: 7175 chunks (44.49%), ETA: 0:13:37, Rate: 11.0 cps, Current: -27, 66
[26Jul2026 01:09:04.536] [Server thread/INFO] [net.minecraft.server.MinecraftServer/]: [Chunky] Task running for minecraft:overworld. Processed: 7183 chunks (44.53%), ETA: 0:13:44, Rate: 10.8 cps, Current: -29, 70
[26Jul2026 01:09:05.586] [Server thread/INFO] [net.minecraft.server.MinecraftServer/]: [Chunky] Task running for minecraft:overworld. Processed: 7193 chunks (44.60%), ETA: 0:13:43, Rate: 10.9 cps, Current: -25, 64
[26Jul2026 01:09:07.127] [Server thread/INFO] [net.minecraft.server.MinecraftServer/]: [Chunky] Task running for minecraft:overworld. Processed: 7201 chunks (44.65%), ETA: 0:13:39, Rate: 10.9 cps, Current: -23, 66
[26Jul2026 01:09:08.304] [Server thread/INFO] [net.minecraft.server.MinecraftServer/]: [Chunky] Task running for minecraft:overworld. Processed: 7205 chunks (44.67%), ETA: 0:13:52, Rate: 10.7 cps, Current: -21, 64
[26Jul2026 01:09:09.445] [Server thread/INFO] [net.minecraft.server.MinecraftServer/]: [Chunky] Task running for minecraft:overworld. Processed: 7212 chunks (44.71%), ETA: 0:13:45, Rate: 10.8 cps, Current: -33, 92
[26Jul2026 01:09:10.628] [Server thread/INFO] [net.minecraft.server.MinecraftServer/]: [Chunky] Task running for minecraft:overworld. Processed: 7221 chunks (44.77%), ETA: 0:13:44, Rate: 10.8 cps, Current: -33, 83
[26Jul2026 01:09:11.638] [Server thread/INFO] [net.minecraft.server.MinecraftServer/]: [Chunky] Task running for minecraft:overworld. Processed: 7235 chunks (44.86%), ETA: 0:13:20, Rate: 11.1 cps, Current: -31, 71
[26Jul2026 01:09:12.961] [Server thread/INFO] [net.minecraft.server.MinecraftServer/]: [Chunky] Task running for minecraft:overworld. Processed: 7238 chunks (44.88%), ETA: 0:13:35, Rate: 10.9 cps, Current: -20, 65
[26Jul2026 01:09:14.376] [Server thread/INFO] [net.minecraft.server.MinecraftServer/]: [Chunky] Task running for minecraft:overworld. Processed: 7255 chunks (44.98%), ETA: 0:13:56, Rate: 10.6 cps, Current: -25, 69
[26Jul2026 01:09:15.634] [Server thread/INFO] [net.minecraft.server.MinecraftServer/]: [Chunky] Task running for minecraft:overworld. Processed: 7264 chunks (45.04%), ETA: 0:14:41, Rate: 10.1 cps, Current: -28, 71
[26Jul2026 01:09:51.910] [Server thread/INFO] [net.minecraft.server.MinecraftServer/]: [Chunky] Task running for minecraft:overworld. Processed: 7279 chunks (45.13%), ETA: 0:07:43, Rate: 19.1 cps, Current: -20, 70
[26Jul2026 01:09:52.961] [Server thread/INFO] [net.minecraft.server.MinecraftServer/]: [Chunky] Task running for minecraft:overworld. Processed: 7282 chunks (45.15%), ETA: 0:24:12, Rate: 6.1 cps, Current: -22, 72
[26Jul2026 01:09:54.036] [Server thread/INFO] [net.minecraft.server.MinecraftServer/]: [Chunky] Task running for minecraft:overworld. Processed: 7286 chunks (45.17%), ETA: 0:29:19, Rate: 5.0 cps, Current: -24, 73
[26Jul2026 01:09:55.161] [Server thread/INFO] [net.minecraft.server.MinecraftServer/]: [Chunky] Task running for minecraft:overworld. Processed: 7290 chunks (45.20%), ETA: 0:32:20, Rate: 4.6 cps, Current: -19, 70
[26Jul2026 01:09:56.558] [Server thread/INFO] [net.minecraft.server.MinecraftServer/]: [Chunky] Task running for minecraft:overworld. Processed: 7297 chunks (45.24%), ETA: 0:31:25, Rate: 4.7 cps, Current: -20, 75
[26Jul2026 01:09:57.791] [Server thread/INFO] [net.minecraft.server.MinecraftServer/]: [Chunky] Task running for minecraft:overworld. Processed: 7298 chunks (45.25%), ETA: 0:37:40, Rate: 3.9 cps, Current: -24, 75
[26Jul2026 01:09:58.835] [Server thread/INFO] [net.minecraft.server.MinecraftServer/]: [Chunky] Task running for minecraft:overworld. Processed: 7310 chunks (45.32%), ETA: 0:29:20, Rate: 5.0 cps, Current: -19, 76
[26Jul2026 01:10:00.361] [Server thread/INFO] [net.minecraft.server.MinecraftServer/]: [Chunky] Task running for minecraft:overworld. Processed: 7316 chunks (45.36%), ETA: 0:30:28, Rate: 4.8 cps, Current: -20, 77
[26Jul2026 01:10:01.806] [Server thread/INFO] [net.minecraft.server.MinecraftServer/]: [Chunky] Task running for minecraft:overworld. Processed: 7323 chunks (45.40%), ETA: 0:30:25, Rate: 4.8 cps, Current: -18, 70
[26Jul2026 01:10:03.054] [Server thread/INFO] [net.minecraft.server.MinecraftServer/]: [Chunky] Task running for minecraft:overworld. Processed: 7339 chunks (45.50%), ETA: 0:25:42, Rate: 5.7 cps, Current: -26, 72
[26Jul2026 01:10:04.078] [Server thread/INFO] [net.minecraft.server.MinecraftServer/]: [Chunky] Task running for minecraft:overworld. Processed: 7367 chunks (45.68%), ETA: 0:19:31, Rate: 7.5 cps, Current: -22, 78
[26Jul2026 01:10:05.096] [Server thread/INFO] [net.minecraft.server.MinecraftServer/]: [Chunky] Task running for minecraft:overworld. Processed: 7394 chunks (45.84%), ETA: 0:16:18, Rate: 8.9 cps, Current: -17, 64
[26Jul2026 01:10:06.162] [Server thread/INFO] [net.minecraft.server.MinecraftServer/]: [Chunky] Task running for minecraft:overworld. Processed: 7401 chunks (45.89%), ETA: 0:16:37, Rate: 8.8 cps, Current: -32, 81
[26Jul2026 01:10:07.382] [Server thread/INFO] [net.minecraft.server.MinecraftServer/]: [Chunky] Task running for minecraft:overworld. Processed: 7403 chunks (45.90%), ETA: 0:17:44, Rate: 8.2 cps, Current: -31, 81
[26Jul2026 01:10:08.649] [Server thread/INFO] [net.minecraft.server.MinecraftServer/]: [Chunky] Task running for minecraft:overworld. Processed: 7414 chunks (45.97%), ETA: 0:17:38, Rate: 8.2 cps, Current: -28, 81
[26Jul2026 01:10:09.853] [Server thread/INFO] [net.minecraft.server.MinecraftServer/]: [Chunky] Task running for minecraft:overworld. Processed: 7424 chunks (46.03%), ETA: 0:17:36, Rate: 8.2 cps, Current: -32, 83
[26Jul2026 01:10:11.927] [Server thread/INFO] [net.minecraft.server.MinecraftServer/]: [Chunky] Task running for minecraft:overworld. Processed: 7442 chunks (46.14%), ETA: 0:17:28, Rate: 8.3 cps, Current: -17, 71
[26Jul2026 01:10:13.232] [Server thread/INFO] [net.minecraft.server.MinecraftServer/]: [Chunky] Task running for minecraft:overworld. Processed: 7454 chunks (46.21%), ETA: 0:17:20, Rate: 8.3 cps, Current: -31, 87
[26Jul2026 01:10:15.098] [Server thread/INFO] [net.minecraft.server.MinecraftServer/]: [Chunky] Task running for minecraft:overworld. Processed: 7462 chunks (46.26%), ETA: 0:18:01, Rate: 8.0 cps, Current: -27, 86
[26Jul2026 01:10:16.230] [Server thread/INFO] [net.minecraft.server.MinecraftServer/]: [Chunky] Task running for minecraft:overworld. Processed: 7467 chunks (46.30%), ETA: 0:18:23, Rate: 7.9 cps, Current: -30, 89
[26Jul2026 01:10:18.426] [Server thread/INFO] [net.minecraft.server.MinecraftServer/]: [Chunky] Task running for minecraft:overworld. Processed: 7476 chunks (46.35%), ETA: 0:19:07, Rate: 7.5 cps, Current: -31, 93
[26Jul2026 01:10:19.554] [Server thread/INFO] [net.minecraft.server.MinecraftServer/]: [Chunky] Task running for minecraft:overworld. Processed: 7486 chunks (46.41%), ETA: 0:18:57, Rate: 7.6 cps, Current: -29, 92
[26Jul2026 01:10:20.672] [Server thread/INFO] [net.minecraft.server.MinecraftServer/]: [Chunky] Task running for minecraft:overworld. Processed: 7491 chunks (46.44%), ETA: 0:19:15, Rate: 7.5 cps, Current: -27, 92
[26Jul2026 01:10:21.977] [Server thread/INFO] [net.minecraft.server.MinecraftServer/]: [Chunky] Task running for minecraft:overworld. Processed: 7510 chunks (46.56%), ETA: 0:18:12, Rate: 7.9 cps, Current: -26, 91
[26Jul2026 01:10:23.730] [Server thread/INFO] [net.minecraft.server.MinecraftServer/]: [Chunky] Task running for minecraft:overworld. Processed: 7521 chunks (46.63%), ETA: 0:18:05, Rate: 7.9 cps, Current: -25, 86
[26Jul2026 01:10:25.710] [Server thread/INFO] [net.minecraft.server.MinecraftServer/]: [Chunky] Task running for minecraft:overworld. Processed: 7526 chunks (46.66%), ETA: 0:18:10, Rate: 7.9 cps, Current: -25, 89
[26Jul2026 01:10:26.851] [Server thread/INFO] [net.minecraft.server.MinecraftServer/]: [Chunky] Task running for minecraft:overworld. Processed: 7533 chunks (46.70%), ETA: 0:17:38, Rate: 8.1 cps, Current: -25, 92
[26Jul2026 01:10:28.345] [Server thread/INFO] [net.minecraft.server.MinecraftServer/]: [Chunky] Task running for minecraft:overworld. Processed: 7543 chunks (46.77%), ETA: 0:18:02, Rate: 7.9 cps, Current: -25, 94
[26Jul2026 01:10:29.502] [Server thread/INFO] [net.minecraft.server.MinecraftServer/]: [Chunky] Task running for minecraft:overworld. Processed: 7550 chunks (46.81%), ETA: 0:17:43, Rate: 8.1 cps, Current: -21, 79
[26Jul2026 01:10:30.675] [Server thread/INFO] [net.minecraft.server.MinecraftServer/]: [Chunky] Task running for minecraft:overworld. Processed: 7551 chunks (46.82%), ETA: 0:18:01, Rate: 7.9 cps, Current: -21, 88
[26Jul2026 01:10:31.692] [Server thread/INFO] [net.minecraft.server.MinecraftServer/]: [Chunky] Task running for minecraft:overworld. Processed: 7561 chunks (46.88%), ETA: 0:17:51, Rate: 8.0 cps, Current: -20, 91
[26Jul2026 01:10:32.782] [Server thread/INFO] [net.minecraft.server.MinecraftServer/]: [Chunky] Task running for minecraft:overworld. Processed: 7570 chunks (46.93%), ETA: 0:18:16, Rate: 7.8 cps, Current: -20, 88
[26Jul2026 01:10:34.558] [Server thread/INFO] [net.minecraft.server.MinecraftServer/]: [Chunky] Task running for minecraft:overworld. Processed: 7578 chunks (46.98%), ETA: 0:22:41, Rate: 6.3 cps, Current: -19, 85
[26Jul2026 01:10:35.639] [Server thread/INFO] [net.minecraft.server.MinecraftServer/]: [Chunky] Task running for minecraft:overworld. Processed: 7586 chunks (47.03%), ETA: 0:22:33, Rate: 6.3 cps, Current: -18, 85
[26Jul2026 01:10:36.684] [Server thread/INFO] [net.minecraft.server.MinecraftServer/]: [Chunky] Task running for minecraft:overworld. Processed: 7632 chunks (47.32%), ETA: 0:18:02, Rate: 7.8 cps, Current: -18, 91
[26Jul2026 01:10:37.765] [Server thread/INFO] [net.minecraft.server.MinecraftServer/]: [Chunky] Task running for minecraft:overworld. Processed: 7644 chunks (47.39%), ETA: 0:17:49, Rate: 7.9 cps, Current: -32, 95
[26Jul2026 01:10:38.832] [Server thread/INFO] [net.minecraft.server.MinecraftServer/]: [Chunky] Task running for minecraft:overworld. Processed: 7656 chunks (47.47%), ETA: 0:17:33, Rate: 8.0 cps, Current: -20, 95
[26Jul2026 01:10:39.426] [Server thread/WARN] [net.minecraft.server.MinecraftServer/]: Can't keep up! Is the server overloaded? Running 3064ms or 61 ticks behind
[26Jul2026 01:10:39.836] [Server thread/INFO] [net.minecraft.server.MinecraftServer/]: [Chunky] Task running for minecraft:overworld. Processed: 7664 chunks (47.52%), ETA: 0:17:33, Rate: 8.0 cps, Current: -18, 82
[26Jul2026 01:10:41.167] [Server thread/INFO] [net.minecraft.server.MinecraftServer/]: [Chunky] Task running for minecraft:overworld. Processed: 7677 chunks (47.60%), ETA: 0:17:27, Rate: 8.1 cps, Current: -16, 80
[26Jul2026 01:10:42.361] [Server thread/INFO] [net.minecraft.server.MinecraftServer/]: [Chunky] Task running for minecraft:overworld. Processed: 7678 chunks (47.60%), ETA: 0:18:14, Rate: 7.7 cps, Current: -15, 80
[26Jul2026 01:10:44.279] [Server thread/INFO] [net.minecraft.server.MinecraftServer/]: [Chunky] Task running for minecraft:overworld. Processed: 7682 chunks (47.63%), ETA: 0:18:35, Rate: 7.6 cps, Current: -13, 80
[26Jul2026 01:10:45.362] [Server thread/INFO] [net.minecraft.server.MinecraftServer/]: [Chunky] Task running for minecraft:overworld. Processed: 7688 chunks (47.67%), ETA: 0:18:27, Rate: 7.6 cps, Current: -12, 81
[26Jul2026 01:10:46.384] [Server thread/INFO] [net.minecraft.server.MinecraftServer/]: [Chunky] Task running for minecraft:overworld. Processed: 7690 chunks (47.68%), ETA: 0:18:17, Rate: 7.7 cps, Current: -13, 82
[26Jul2026 01:10:49.397] [Server thread/INFO] [net.minecraft.server.MinecraftServer/]: [Chunky] Task running for minecraft:overworld. Processed: 7702 chunks (47.75%), ETA: 0:19:18, Rate: 7.3 cps, Current: -16, 85
[26Jul2026 01:10:50.495] [Server thread/INFO] [net.minecraft.server.MinecraftServer/]: [Chunky] Task running for minecraft:overworld. Processed: 7711 chunks (47.81%), ETA: 0:18:55, Rate: 7.4 cps, Current: -16, 88
[26Jul2026 01:10:51.553] [Server thread/INFO] [net.minecraft.server.MinecraftServer/]: [Chunky] Task running for minecraft:overworld. Processed: 7716 chunks (47.84%), ETA: 0:20:02, Rate: 7.0 cps, Current: -15, 86
[26Jul2026 01:10:52.579] [Worker-Main-3/WARN] [lithostitched/]: Non-existent template pool reference: minecraft:monster_hunter_additions_3_pool
[26Jul2026 01:10:52.579] [Worker-Main-3/WARN] [lithostitched/]: Non-existent template pool reference: minecraft:monster_hunter_additions_3_pool
[26Jul2026 01:10:52.662] [Server thread/INFO] [net.minecraft.server.MinecraftServer/]: [Chunky] Task running for minecraft:overworld. Processed: 7721 chunks (47.87%), ETA: 0:20:10, Rate: 6.9 cps, Current: -17, 92
[26Jul2026 01:10:53.949] [Server thread/INFO] [net.minecraft.server.MinecraftServer/]: [Chunky] Task running for minecraft:overworld. Processed: 7728 chunks (47.91%), ETA: 0:19:28, Rate: 7.2 cps, Current: -15, 91
[26Jul2026 01:10:56.855] [Server thread/INFO] [net.minecraft.server.MinecraftServer/]: [Chunky] Task running for minecraft:overworld. Processed: 7731 chunks (47.93%), ETA: 0:21:06, Rate: 6.6 cps, Current: -14, 86
[26Jul2026 01:10:58.007] [Server thread/INFO] [net.minecraft.server.MinecraftServer/]: [Chunky] Task running for minecraft:overworld. Processed: 7742 chunks (48.00%), ETA: 0:20:43, Rate: 6.7 cps, Current: -13, 86
[26Jul2026 01:10:59.905] [Server thread/INFO] [net.minecraft.server.MinecraftServer/]: [Chunky] Task running for minecraft:overworld. Processed: 7746 chunks (48.03%), ETA: 0:20:50, Rate: 6.7 cps, Current: -13, 87
[26Jul2026 01:11:01.493] [Server thread/INFO] [net.minecraft.server.MinecraftServer/]: [Chunky] Task running for minecraft:overworld. Processed: 7764 chunks (48.14%), ETA: 0:20:21, Rate: 6.8 cps, Current: -11, 91
[26Jul2026 01:11:07.579] [Server thread/INFO] [net.minecraft.server.MinecraftServer/]: [Chunky] Task running for minecraft:overworld. Processed: 7770 chunks (48.17%), ETA: 0:32:42, Rate: 4.3 cps, Current: -10, 87
[26Jul2026 01:11:10.349] [Server thread/INFO] [net.minecraft.server.MinecraftServer/]: [Chunky] Task running for minecraft:overworld. Processed: 7771 chunks (48.18%), ETA: 0:42:47, Rate: 3.3 cps, Current: -10, 88
[26Jul2026 01:11:12.561] [Server thread/INFO] [net.minecraft.server.MinecraftServer/]: [Chunky] Task running for minecraft:overworld. Processed: 7772 chunks (48.19%), ETA: 0:43:17, Rate: 3.2 cps, Current: -10, 89
[26Jul2026 01:11:13.895] [Server thread/INFO] [net.minecraft.server.MinecraftServer/]: [Chunky] Task running for minecraft:overworld. Processed: 7773 chunks (48.19%), ETA: 0:44:49, Rate: 3.1 cps, Current: -17, 94
[26Jul2026 01:11:15.532] [Server thread/INFO] [net.minecraft.server.MinecraftServer/]: [Chunky] Task running for minecraft:overworld. Processed: 7780 chunks (48.24%), ETA: 0:44:34, Rate: 3.1 cps, Current: -10, 90
[26Jul2026 01:11:16.643] [Server thread/INFO] [net.minecraft.server.MinecraftServer/]: [Chunky] Task running for minecraft:overworld. Processed: 7785 chunks (48.27%), ETA: 0:45:06, Rate: 3.1 cps, Current: -9, 91
[26Jul2026 01:11:20.440] [Server thread/INFO] [net.minecraft.server.MinecraftServer/]: [Chunky] Task running for minecraft:overworld. Processed: 7798 chunks (48.35%), ETA: 0:47:14, Rate: 2.9 cps, Current: -7, 92
[26Jul2026 01:11:25.360] [Server thread/INFO] [net.minecraft.server.MinecraftServer/]: [Chunky] Task running for minecraft:overworld. Processed: 7800 chunks (48.36%), ETA: 0:56:31, Rate: 2.5 cps, Current: -6, 93
[26Jul2026 01:11:26.729] [Server thread/INFO] [net.minecraft.server.MinecraftServer/]: [Chunky] Task running for minecraft:overworld. Processed: 7810 chunks (48.42%), ETA: 0:51:46, Rate: 2.7 cps, Current: -4, 93
[26Jul2026 01:11:29.193] [Server thread/INFO] [net.minecraft.server.MinecraftServer/]: [Chunky] Task running for minecraft:overworld. Processed: 7812 chunks (48.43%), ETA: 1:00:35, Rate: 2.3 cps, Current: -5, 92
[26Jul2026 01:11:30.301] [Server thread/INFO] [net.minecraft.server.MinecraftServer/]: [Chunky] Task running for minecraft:overworld. Processed: 7819 chunks (48.48%), ETA: 1:11:14, Rate: 1.9 cps, Current: -5, 90
[26Jul2026 01:11:32.340] [Server thread/INFO] [net.minecraft.server.MinecraftServer/]: [Chunky] Task running for minecraft:overworld. Processed: 7826 chunks (48.52%), ETA: 1:00:06, Rate: 2.3 cps, Current: -3, 90
[26Jul2026 01:11:34.793] [Server thread/INFO] [net.minecraft.server.MinecraftServer/]: [Chunky] Task running for minecraft:overworld. Processed: 7835 chunks (48.58%), ETA: 0:56:59, Rate: 2.4 cps, Current: -3, 88
[26Jul2026 01:11:35.807] [Server thread/INFO] [net.minecraft.server.MinecraftServer/]: [Chunky] Task running for minecraft:overworld. Processed: 7855 chunks (48.70%), ETA: 0:45:15, Rate: 3.0 cps, Current: -2, 87
[26Jul2026 01:11:36.808] [Server thread/INFO] [net.minecraft.server.MinecraftServer/]: [Chunky] Task running for minecraft:overworld. Processed: 7868 chunks (48.78%), ETA: 0:40:38, Rate: 3.4 cps, Current: -9, 83
[26Jul2026 01:11:37.831] [Server thread/INFO] [net.minecraft.server.MinecraftServer/]: [Chunky] Task running for minecraft:overworld. Processed: 7882 chunks (48.87%), ETA: 0:33:43, Rate: 4.1 cps, Current: -4, 84
[26Jul2026 01:11:39.134] [Server thread/INFO] [net.minecraft.server.MinecraftServer/]: [Chunky] Task running for minecraft:overworld. Processed: 7894 chunks (48.94%), ETA: 0:31:51, Rate: 4.3 cps, Current: -2, 84
[26Jul2026 01:11:40.246] [Server thread/INFO] [net.minecraft.server.MinecraftServer/]: [Chunky] Task running for minecraft:overworld. Processed: 7901 chunks (48.99%), ETA: 0:31:17, Rate: 4.4 cps, Current: -3, 79
[26Jul2026 01:11:41.296] [Server thread/INFO] [net.minecraft.server.MinecraftServer/]: [Chunky] Task running for minecraft:overworld. Processed: 7910 chunks (49.04%), ETA: 0:28:19, Rate: 4.8 cps, Current: -2, 78
[26Jul2026 01:11:42.410] [Server thread/INFO] [net.minecraft.server.MinecraftServer/]: [Chunky] Task running for minecraft:overworld. Processed: 7917 chunks (49.09%), ETA: 0:27:58, Rate: 4.9 cps, Current: -2, 76
[26Jul2026 01:11:43.749] [Server thread/INFO] [net.minecraft.server.MinecraftServer/]: [Chunky] Task running for minecraft:overworld. Processed: 7926 chunks (49.14%), ETA: 0:26:30, Rate: 5.2 cps, Current: -3, 73
[26Jul2026 01:11:45.245] [Server thread/INFO] [net.minecraft.server.MinecraftServer/]: [Chunky] Task running for minecraft:overworld. Processed: 7934 chunks (49.19%), ETA: 0:26:10, Rate: 5.2 cps, Current: -6, 73
[26Jul2026 01:11:46.251] [Server thread/INFO] [net.minecraft.server.MinecraftServer/]: [Chunky] Task running for minecraft:overworld. Processed: 7956 chunks (49.33%), ETA: 0:23:26, Rate: 5.8 cps, Current: -4, 72
[26Jul2026 01:11:47.255] [Server thread/INFO] [net.minecraft.server.MinecraftServer/]: [Chunky] Task running for minecraft:overworld. Processed: 7972 chunks (49.43%), ETA: 0:20:49, Rate: 6.5 cps, Current: -8, 74
[26Jul2026 01:11:48.261] [Server thread/INFO] [net.minecraft.server.MinecraftServer/]: [Chunky] Task running for minecraft:overworld. Processed: 8000 chunks (49.60%), ETA: 0:18:34, Rate: 7.3 cps, Current: -16, 75
[26Jul2026 01:11:49.286] [Server thread/INFO] [net.minecraft.server.MinecraftServer/]: [Chunky] Task running for minecraft:overworld. Processed: 8024 chunks (49.75%), ETA: 0:17:09, Rate: 7.9 cps, Current: -12, 73
[26Jul2026 01:11:50.346] [Server thread/INFO] [net.minecraft.server.MinecraftServer/]: [Chunky] Task running for minecraft:overworld. Processed: 8027 chunks (49.77%), ETA: 0:17:33, Rate: 7.7 cps, Current: -9, 72
[26Jul2026 01:11:50.424] [Server thread/INFO] [net.minecraft.server.network.ServerGamePacketListenerImpl/]: kamushkarkir lost connection: Disconnected
[26Jul2026 01:11:50.424] [Server thread/INFO] [net.minecraft.server.MinecraftServer/]: kamushkarkir left the game
[26Jul2026 01:11:50.425] [Server thread/INFO] [voicechat/]: [voicechat] Disconnecting client kamushkarkir
[26Jul2026 01:11:51.351] [Server thread/INFO] [net.minecraft.server.MinecraftServer/]: [Chunky] Task running for minecraft:overworld. Processed: 8050 chunks (49.91%), ETA: 0:13:56, Rate: 9.7 cps, Current: -12, 69
[26Jul2026 01:11:52.358] [Server thread/INFO] [net.minecraft.server.MinecraftServer/]: [Chunky] Task running for minecraft:overworld. Processed: 8095 chunks (50.19%), ETA: 0:12:12, Rate: 11.0 cps, Current: -9, 65
[26Jul2026 01:11:53.399] [Server thread/INFO] [net.minecraft.server.MinecraftServer/]: [Chunky] Task running for minecraft:overworld. Processed: 8127 chunks (50.39%), ETA: 0:11:24, Rate: 11.7 cps, Current: -5, 70
[26Jul2026 01:11:54.411] [Server thread/INFO] [net.minecraft.server.MinecraftServer/]: [Chunky] Task running for minecraft:overworld. Processed: 8151 chunks (50.54%), ETA: 0:10:58, Rate: 12.1 cps, Current: -2, 71
[26Jul2026 01:11:55.526] [Server thread/INFO] [net.minecraft.server.MinecraftServer/]: [Chunky] Task running for minecraft:overworld. Processed: 8161 chunks (50.60%), ETA: 0:10:51, Rate: 12.2 cps, Current: -1, 64
[26Jul2026 01:11:56.597] [Server thread/INFO] [net.minecraft.server.MinecraftServer/]: [Chunky] Task running for minecraft:overworld. Processed: 8173 chunks (50.67%), ETA: 0:10:52, Rate: 12.2 cps, Current: 0, 67
[26Jul2026 01:11:57.730] [Server thread/INFO] [net.minecraft.server.MinecraftServer/]: [Chunky] Task running for minecraft:overworld. Processed: 8188 chunks (50.77%), ETA: 0:10:01, Rate: 13.2 cps, Current: 3, 64
[26Jul2026 01:11:58.982] [Server thread/INFO] [net.minecraft.server.MinecraftServer/]: [Chunky] Task running for minecraft:overworld. Processed: 8193 chunks (50.80%), ETA: 0:10:18, Rate: 12.8 cps, Current: 3, 69
[26Jul2026 01:12:00.623] [Server thread/INFO] [net.minecraft.server.MinecraftServer/]: [Chunky] Task running for minecraft:overworld. Processed: 8208 chunks (50.89%), ETA: 0:09:44, Rate: 13.5 cps, Current: 4, 70
[26Jul2026 01:12:01.839] [Server thread/INFO] [net.minecraft.server.MinecraftServer/]: [Chunky] Task running for minecraft:overworld. Processed: 8220 chunks (50.96%), ETA: 0:09:50, Rate: 13.4 cps, Current: 7, 66
[26Jul2026 01:12:03.399] [Server thread/INFO] [net.minecraft.server.MinecraftServer/]: [Chunky] Task running for minecraft:overworld. Processed: 8231 chunks (51.03%), ETA: 0:09:29, Rate: 13.9 cps, Current: 13, 64
[26Jul2026 01:12:04.481] [Server thread/INFO] [net.minecraft.server.MinecraftServer/]: [Chunky] Task running for minecraft:overworld. Processed: 8242 chunks (51.10%), ETA: 0:09:33, Rate: 13.7 cps, Current: -1, 86
[26Jul2026 01:12:05.485] [Server thread/INFO] [net.minecraft.server.MinecraftServer/]: [Chunky] Task running for minecraft:overworld. Processed: 8248 chunks (51.14%), ETA: 0:09:53, Rate: 13.3 cps, Current: -1, 80
[26Jul2026 01:12:06.649] [Server thread/INFO] [net.minecraft.server.MinecraftServer/]: [Chunky] Task running for minecraft:overworld. Processed: 8262 chunks (51.22%), ETA: 0:09:54, Rate: 13.2 cps, Current: 13, 65
[26Jul2026 01:12:07.844] [Server thread/INFO] [net.minecraft.server.MinecraftServer/]: [Chunky] Task running for minecraft:overworld. Processed: 8281 chunks (51.34%), ETA: 0:09:40, Rate: 13.5 cps, Current: 10, 69
[26Jul2026 01:12:08.947] [Server thread/INFO] [net.minecraft.server.MinecraftServer/]: [Chunky] Task running for minecraft:overworld. Processed: 8285 chunks (51.37%), ETA: 0:09:56, Rate: 13.1 cps, Current: 1, 71
[26Jul2026 01:12:10.209] [Server thread/INFO] [net.minecraft.server.MinecraftServer/]: [Chunky] Task running for minecraft:overworld. Processed: 8294 chunks (51.42%), ETA: 0:09:55, Rate: 13.1 cps, Current: 12, 69
[26Jul2026 01:12:12.280] [Server thread/INFO] [net.minecraft.server.MinecraftServer/]: [Chunky] Task running for minecraft:overworld. Processed: 8296 chunks (51.44%), ETA: 0:10:15, Rate: 12.7 cps, Current: 8, 72
[26Jul2026 01:12:13.460] [Server thread/INFO] [net.minecraft.server.MinecraftServer/]: [Chunky] Task running for minecraft:overworld. Processed: 8301 chunks (51.47%), ETA: 0:10:18, Rate: 12.7 cps, Current: 9, 71
[26Jul2026 01:12:14.784] [Server thread/INFO] [net.minecraft.server.MinecraftServer/]: [Chunky] Task running for minecraft:overworld. Processed: 8309 chunks (51.52%), ETA: 0:10:14, Rate: 12.7 cps, Current: 9, 73
[26Jul2026 01:12:16.074] [Server thread/INFO] [net.minecraft.server.MinecraftServer/]: [Chunky] Task running for minecraft:overworld. Processed: 8318 chunks (51.57%), ETA: 0:10:41, Rate: 12.2 cps, Current: 8, 74
[26Jul2026 01:12:17.759] [Server thread/INFO] [net.minecraft.server.MinecraftServer/]: [Chunky] Task running for minecraft:overworld. Processed: 8319 chunks (51.58%), ETA: 0:11:59, Rate: 10.8 cps, Current: 13, 70
[26Jul2026 01:12:18.952] [Server thread/INFO] [net.minecraft.server.MinecraftServer/]: [Chunky] Task running for minecraft:overworld. Processed: 8321 chunks (51.59%), ETA: 0:12:55, Rate: 10.1 cps, Current: 12, 75
[26Jul2026 01:12:20.379] [Server thread/INFO] [net.minecraft.server.MinecraftServer/]: [Chunky] Task running for minecraft:overworld. Processed: 8324 chunks (51.61%), ETA: 0:13:43, Rate: 9.5 cps, Current: 13, 72
[26Jul2026 01:12:22.830] [Server thread/INFO] [net.minecraft.server.MinecraftServer/]: [Chunky] Task running for minecraft:overworld. Processed: 8330 chunks (51.65%), ETA: 0:18:45, Rate: 6.9 cps, Current: 13, 74
[26Jul2026 01:12:23.989] [Server thread/INFO] [net.minecraft.server.MinecraftServer/]: [Chunky] Task running for minecraft:overworld. Processed: 8336 chunks (51.68%), ETA: 0:20:39, Rate: 6.3 cps, Current: 8, 77
[26Jul2026 01:12:25.438] [Server thread/INFO] [net.minecraft.server.MinecraftServer/]: [Chunky] Task running for minecraft:overworld. Processed: 8341 chunks (51.71%), ETA: 0:21:27, Rate: 6.1 cps, Current: 13, 77
[26Jul2026 01:12:26.454] [Server thread/INFO] [net.minecraft.server.MinecraftServer/]: [Chunky] Task running for minecraft:overworld. Processed: 8352 chunks (51.78%), ETA: 0:21:29, Rate: 6.0 cps, Current: 5, 77
[26Jul2026 01:12:27.646] [Server thread/INFO] [net.minecraft.server.MinecraftServer/]: [Chunky] Task running for minecraft:overworld. Processed: 8371 chunks (51.90%), ETA: 0:21:01, Rate: 6.2 cps, Current: 14, 76
[26Jul2026 01:12:28.800] [Server thread/INFO] [net.minecraft.server.MinecraftServer/]: [Chunky] Task running for minecraft:overworld. Processed: 8412 chunks (52.15%), ETA: 0:17:25, Rate: 7.4 cps, Current: 9, 78
[26Jul2026 01:12:30.254] [Server thread/INFO] [net.minecraft.server.MinecraftServer/]: [Chunky] Task running for minecraft:overworld. Processed: 8419 chunks (52.20%), ETA: 0:17:57, Rate: 7.2 cps, Current: 0, 80
[26Jul2026 01:12:31.403] [Server thread/INFO] [net.minecraft.server.MinecraftServer/]: [Chunky] Task running for minecraft:overworld. Processed: 8429 chunks (52.26%), ETA: 0:18:04, Rate: 7.1 cps, Current: 5, 79
[26Jul2026 01:12:32.754] [Server thread/INFO] [net.minecraft.server.MinecraftServer/]: [Chunky] Task running for minecraft:overworld. Processed: 8439 chunks (52.32%), ETA: 0:18:00, Rate: 7.1 cps, Current: 1, 82
[26Jul2026 01:12:33.989] [Server thread/INFO] [net.minecraft.server.MinecraftServer/]: [Chunky] Task running for minecraft:overworld. Processed: 8445 chunks (52.36%), ETA: 0:18:31, Rate: 6.9 cps, Current: 6, 79
[26Jul2026 01:12:35.024] [Server thread/INFO] [net.minecraft.server.MinecraftServer/]: [Chunky] Task running for minecraft:overworld. Processed: 8461 chunks (52.46%), ETA: 0:17:38, Rate: 7.2 cps, Current: 15, 66
[26Jul2026 01:12:36.135] [Server thread/INFO] [net.minecraft.server.MinecraftServer/]: [Chunky] Task running for minecraft:overworld. Processed: 8467 chunks (52.50%), ETA: 0:18:16, Rate: 7.0 cps, Current: 5, 85
[26Jul2026 01:12:37.144] [Server thread/INFO] [net.minecraft.server.MinecraftServer/]: [Chunky] Task running for minecraft:overworld. Processed: 8470 chunks (52.51%), ETA: 0:19:41, Rate: 6.5 cps, Current: 6, 84
[26Jul2026 01:12:39.007] [Server thread/INFO] [net.minecraft.server.MinecraftServer/]: [Chunky] Task running for minecraft:overworld. Processed: 8473 chunks (52.53%), ETA: 0:20:24, Rate: 6.3 cps, Current: 2, 86
[26Jul2026 01:12:40.116] [Server thread/INFO] [net.minecraft.server.MinecraftServer/]: [Chunky] Task running for minecraft:overworld. Processed: 8482 chunks (52.59%), ETA: 0:20:10, Rate: 6.3 cps, Current: 2, 87
[26Jul2026 01:12:41.174] [Server thread/INFO] [net.minecraft.server.MinecraftServer/]: [Chunky] Task running for minecraft:overworld. Processed: 8485 chunks (52.61%), ETA: 0:19:22, Rate: 6.6 cps, Current: 2, 88
[26Jul2026 01:12:42.252] [Server thread/INFO] [net.minecraft.server.MinecraftServer/]: [Chunky] Task running for minecraft:overworld. Processed: 8489 chunks (52.63%), ETA: 0:19:40, Rate: 6.5 cps, Current: 0, 90
[26Jul2026 01:12:43.351] [Server thread/INFO] [net.minecraft.server.MinecraftServer/]: [Chunky] Task running for minecraft:overworld. Processed: 8494 chunks (52.66%), ETA: 0:19:36, Rate: 6.5 cps, Current: 15, 70
[26Jul2026 01:12:44.841] [Server thread/INFO] [net.minecraft.server.MinecraftServer/]: [Chunky] Task running for minecraft:overworld. Processed: 8499 chunks (52.69%), ETA: 0:20:06, Rate: 6.3 cps, Current: 15, 72
[26Jul2026 01:12:45.923] [Server thread/INFO] [net.minecraft.server.MinecraftServer/]: [Chunky] Task running for minecraft:overworld. Processed: 8504 chunks (52.72%), ETA: 0:20:17, Rate: 6.3 cps, Current: 2, 92
[26Jul2026 01:12:47.365] [Server thread/INFO] [net.minecraft.server.MinecraftServer/]: [Chunky] Task running for minecraft:overworld. Processed: 8508 chunks (52.75%), ETA: 0:19:47, Rate: 6.4 cps, Current: 3, 88
[26Jul2026 01:12:48.793] [Server thread/INFO] [net.minecraft.server.MinecraftServer/]: [Chunky] Task running for minecraft:overworld. Processed: 8514 chunks (52.79%), ETA: 0:19:31, Rate: 6.5 cps, Current: 4, 87
[26Jul2026 01:12:50.001] [Server thread/INFO] [net.minecraft.server.MinecraftServer/]: [Chunky] Task running for minecraft:overworld. Processed: 8518 chunks (52.81%), ETA: 0:19:16, Rate: 6.6 cps, Current: 4, 90
[26Jul2026 01:12:51.027] [Server thread/INFO] [net.minecraft.server.MinecraftServer/]: [Chunky] Task running for minecraft:overworld. Processed: 8521 chunks (52.83%), ETA: 0:18:37, Rate: 6.8 cps, Current: 5, 91
[26Jul2026 01:12:52.091] [Server thread/INFO] [net.minecraft.server.MinecraftServer/]: [Chunky] Task running for minecraft:overworld. Processed: 8531 chunks (52.89%), ETA: 0:18:20, Rate: 6.9 cps, Current: 4, 94
[26Jul2026 01:12:53.092] [Server thread/INFO] [net.minecraft.server.MinecraftServer/]: [Chunky] Task running for minecraft:overworld. Processed: 8538 chunks (52.94%), ETA: 0:18:08, Rate: 7.0 cps, Current: 6, 93
[26Jul2026 01:12:54.437] [Server thread/INFO] [net.minecraft.server.MinecraftServer/]: [Chunky] Task running for minecraft:overworld. Processed: 8542 chunks (52.96%), ETA: 0:18:09, Rate: 7.0 cps, Current: 15, 76
[26Jul2026 01:12:55.928] [Server thread/INFO] [net.minecraft.server.MinecraftServer/]: [Chunky] Task running for minecraft:overworld. Processed: 8547 chunks (52.99%), ETA: 0:19:00, Rate: 6.7 cps, Current: 7, 81
[26Jul2026 01:12:57.235] [Server thread/INFO] [net.minecraft.server.MinecraftServer/]: [Chunky] Task running for minecraft:overworld. Processed: 8552 chunks (53.02%), ETA: 0:20:31, Rate: 6.2 cps, Current: 7, 86
[26Jul2026 01:12:58.428] [Server thread/INFO] [net.minecraft.server.MinecraftServer/]: [Chunky] Task running for minecraft:overworld. Processed: 8558 chunks (53.06%), ETA: 0:25:25, Rate: 5.0 cps, Current: 7, 90
[26Jul2026 01:12:58.924] [Worker-Main-3/WARN] [lithostitched/]: Non-existent template pool reference: minecraft:angler_additions_3_pool
[26Jul2026 01:13:01.222] [Server thread/INFO] [net.minecraft.server.MinecraftServer/]: [Chunky] Task running for minecraft:overworld. Processed: 8566 chunks (53.11%), ETA: 0:27:14, Rate: 4.6 cps, Current: 9, 89
[26Jul2026 01:13:02.294] [Server thread/INFO] [net.minecraft.server.MinecraftServer/]: [Chunky] Task running for minecraft:overworld. Processed: 8572 chunks (53.15%), ETA: 0:27:45, Rate: 4.5 cps, Current: 10, 79
[26Jul2026 01:13:03.437] [Server thread/INFO] [net.minecraft.server.MinecraftServer/]: [Chunky] Task running for minecraft:overworld. Processed: 8578 chunks (53.18%), ETA: 0:27:39, Rate: 4.6 cps, Current: 11, 92
[26Jul2026 01:13:04.532] [Server thread/INFO] [net.minecraft.server.MinecraftServer/]: [Chunky] Task running for minecraft:overworld. Processed: 8584 chunks (53.22%), ETA: 0:29:55, Rate: 4.2 cps, Current: 12, 92
[26Jul2026 01:13:05.551] [Server thread/INFO] [net.minecraft.server.MinecraftServer/]: [Chunky] Task running for minecraft:overworld. Processed: 8592 chunks (53.27%), ETA: 0:29:19, Rate: 4.3 cps, Current: 12, 89
[26Jul2026 01:13:06.780] [Server thread/INFO] [net.minecraft.server.MinecraftServer/]: [Chunky] Task running for minecraft:overworld. Processed: 8596 chunks (53.30%), ETA: 0:29:17, Rate: 4.3 cps, Current: 13, 88
[26Jul2026 01:13:08.288] [Server thread/INFO] [net.minecraft.server.MinecraftServer/]: [Chunky] Task running for minecraft:overworld. Processed: 8600 chunks (53.32%), ETA: 0:28:42, Rate: 4.4 cps, Current: 13, 85
[26Jul2026 01:13:09.357] [Server thread/INFO] [net.minecraft.server.MinecraftServer/]: [Chunky] Task running for minecraft:overworld. Processed: 8614 chunks (53.41%), ETA: 0:27:32, Rate: 4.5 cps, Current: 10, 87
[26Jul2026 01:13:10.397] [Server thread/INFO] [net.minecraft.server.MinecraftServer/]: [Chunky] Task running for minecraft:overworld. Processed: 8621 chunks (53.45%), ETA: 0:26:41, Rate: 4.7 cps, Current: 10, 86
[26Jul2026 01:13:11.448] [Server thread/INFO] [net.minecraft.server.MinecraftServer/]: [Chunky] Task running for minecraft:overworld. Processed: 8664 chunks (53.72%), ETA: 0:20:38, Rate: 6.0 cps, Current: 14, 81
[26Jul2026 01:13:13.600] [Server thread/INFO] [net.minecraft.server.MinecraftServer/]: [Chunky] Task running for minecraft:overworld. Processed: 8676 chunks (53.79%), ETA: 0:20:04, Rate: 6.2 cps, Current: 16, 80
[26Jul2026 01:13:16.606] [Server thread/INFO] [net.minecraft.server.MinecraftServer/]: [Chunky] Task running for minecraft:overworld. Processed: 8677 chunks (53.80%), ETA: 0:21:21, Rate: 5.8 cps, Current: 16, 81
[26Jul2026 01:13:18.344] [Server thread/INFO] [net.minecraft.server.MinecraftServer/]: [Chunky] Task running for minecraft:overworld. Processed: 8680 chunks (53.82%), ETA: 0:21:58, Rate: 5.7 cps, Current: 18, 80
[26Jul2026 01:13:19.547] [Server thread/INFO] [net.minecraft.server.MinecraftServer/]: [Chunky] Task running for minecraft:overworld. Processed: 8689 chunks (53.87%), ETA: 0:21:18, Rate: 5.8 cps, Current: 19, 81
[26Jul2026 01:13:20.656] [Server thread/INFO] [net.minecraft.server.MinecraftServer/]: [Chunky] Task running for minecraft:overworld. Processed: 8694 chunks (53.90%), ETA: 0:21:06, Rate: 5.9 cps, Current: 22, 80
[26Jul2026 01:13:23.737] [Server thread/INFO] [net.minecraft.server.MinecraftServer/]: [Chunky] Task running for minecraft:overworld. Processed: 8698 chunks (53.93%), ETA: 0:23:06, Rate: 5.4 cps, Current: 15, 83
[26Jul2026 01:13:24.889] [Server thread/INFO] [net.minecraft.server.MinecraftServer/]: [Chunky] Task running for minecraft:overworld. Processed: 8709 chunks (54.00%), ETA: 0:21:58, Rate: 5.6 cps, Current: 19, 84
[26Jul2026 01:13:28.551] [Server thread/INFO] [net.minecraft.server.MinecraftServer/]: [Chunky] Task running for minecraft:overworld. Processed: 8729 chunks (54.12%), ETA: 0:20:33, Rate: 6.0 cps, Current: 21, 86
[26Jul2026 01:13:29.510] [Server thread/INFO] [net.minecraft.server.players.PlayerList/]: kamushkarkir[/100.112.77.102:56569] logged in with entity id 9367 at (-258.248397911164, 69.0, 589.4423807121767)
[26Jul2026 01:13:29.581] [Server thread/INFO] [net.minecraft.server.MinecraftServer/]: kamushkarkir joined the game
[26Jul2026 01:13:29.804] [Server thread/INFO] [voicechat/]: [voicechat] Received secret request of kamushkarkir (20)
[26Jul2026 01:13:29.805] [Server thread/INFO] [voicechat/]: [voicechat] Sent secret to kamushkarkir
[26Jul2026 01:13:30.249] [Server thread/INFO] [net.minecraft.server.MinecraftServer/]: [Chunky] Task running for minecraft:overworld. Processed: 8731 chunks (54.13%), ETA: 0:21:33, Rate: 5.7 cps, Current: 16, 87
[26Jul2026 01:13:30.267] [Server thread/INFO] [org.betterx.worlds.together.util.Logger/]: [bclib] Received Hello from Client. (server=20.0.11, client=20.0.11)
[26Jul2026 01:13:30.271] [Server thread/INFO] [org.betterx.worlds.together.util.Logger/]: [bclib] Sending Hello to Client. (server=20.0.11)
[26Jul2026 01:13:30.271] [Server thread/INFO] [org.betterx.worlds.together.util.Logger/]: [bclib] 	- Listing Mod bclib v20.0.11 (size: 2.1 MiB, download=true)
[26Jul2026 01:13:30.271] [Server thread/INFO] [org.betterx.worlds.together.util.Logger/]: [bclib] 	- Offering Config bclib.CONFIG_bclib.generator
[26Jul2026 01:13:30.272] [Server thread/INFO] [org.betterx.worlds.together.util.Logger/]: [bclib] 	- Offering Config bclib.CONFIG_bclib.main
[26Jul2026 01:13:30.272] [Server thread/INFO] [org.betterx.worlds.together.util.Logger/]: [bclib] 	- Offering Config bclib.CONFIG_bclib.biomes
[26Jul2026 01:13:30.272] [Server thread/INFO] [org.betterx.worlds.together.util.Logger/]: [bclib] 	- Offering Folder /workspaces/aa.12312301-2/servidor_minecraft/bclib-sync (allowDelete=true)
[26Jul2026 01:13:30.759] [VoiceChatPacketProcessingThread/INFO] [voicechat/]: [voicechat] Successfully authenticated player 4061c684-bf7c-3757-9a94-fd50d1219759
[26Jul2026 01:13:31.282] [Server thread/INFO] [net.minecraft.server.MinecraftServer/]: [Chunky] Task running for minecraft:overworld. Processed: 8734 chunks (54.15%), ETA: 0:21:55, Rate: 5.6 cps, Current: 15, 88
[26Jul2026 01:13:31.911] [VoiceChatPacketProcessingThread/INFO] [voicechat/]: [voicechat] Successfully validated connection of player 4061c684-bf7c-3757-9a94-fd50d1219759
[26Jul2026 01:13:31.911] [VoiceChatPacketProcessingThread/INFO] [voicechat/]: [voicechat] Player kamushkarkir (4061c684-bf7c-3757-9a94-fd50d1219759) successfully connected to voice chat
[26Jul2026 01:13:32.357] [Server thread/INFO] [net.minecraft.server.MinecraftServer/]: [Chunky] Task running for minecraft:overworld. Processed: 8742 chunks (54.20%), ETA: 0:21:34, Rate: 5.7 cps, Current: 22, 86
[26Jul2026 01:13:33.582] [Server thread/INFO] [net.minecraft.server.MinecraftServer/]: [Chunky] Task running for minecraft:overworld. Processed: 8746 chunks (54.23%), ETA: 0:21:55, Rate: 5.6 cps, Current: 15, 92
[26Jul2026 01:13:35.538] [Server thread/INFO] [net.minecraft.server.MinecraftServer/]: [Chunky] Task running for minecraft:overworld. Processed: 8757 chunks (54.29%), ETA: 0:22:11, Rate: 5.5 cps, Current: 17, 92
[26Jul2026 01:13:36.930] [Server thread/INFO] [net.minecraft.server.MinecraftServer/]: [kamushkarkir: Set own game mode to Creative Mode]
[26Jul2026 01:13:37.034] [Server thread/INFO] [net.minecraft.server.MinecraftServer/]: [Chunky] Task running for minecraft:overworld. Processed: 8769 chunks (54.37%), ETA: 0:20:44, Rate: 5.9 cps, Current: 20, 93
[26Jul2026 01:13:42.503] [Server thread/INFO] [net.minecraft.server.MinecraftServer/]: [Chunky] Task running for minecraft:overworld. Processed: 8772 chunks (54.39%), ETA: 0:36:32, Rate: 3.4 cps, Current: 21, 91
[26Jul2026 01:13:50.640] [Server thread/INFO] [net.minecraft.server.MinecraftServer/]: [Chunky] Task running for minecraft:overworld. Processed: 8793 chunks (54.52%), ETA: 0:36:39, Rate: 3.3 cps, Current: 22, 91
[26Jul2026 01:13:52.097] [Server thread/INFO] [net.minecraft.server.MinecraftServer/]: [Chunky] Task running for minecraft:overworld. Processed: 8797 chunks (54.54%), ETA: 0:34:39, Rate: 3.5 cps, Current: 23, 89
[26Jul2026 01:13:53.647] [Server thread/INFO] [net.minecraft.server.MinecraftServer/]: [Chunky] Task running for minecraft:overworld. Processed: 8800 chunks (54.56%), ETA: 0:35:28, Rate: 3.4 cps, Current: 26, 89
[26Jul2026 01:13:54.804] [Server thread/INFO] [net.minecraft.server.MinecraftServer/]: [Chunky] Task running for minecraft:overworld. Processed: 8812 chunks (54.63%), ETA: 0:35:04, Rate: 3.5 cps, Current: 5, 95
[26Jul2026 01:13:56.531] [Server thread/INFO] [net.minecraft.server.MinecraftServer/]: [Chunky] Task running for minecraft:overworld. Processed: 8824 chunks (54.71%), ETA: 0:35:29, Rate: 3.4 cps, Current: 8, 95
[26Jul2026 01:13:57.652] [Server thread/INFO] [net.minecraft.server.MinecraftServer/]: [Chunky] Task running for minecraft:overworld. Processed: 8826 chunks (54.72%), ETA: 0:36:08, Rate: 3.4 cps, Current: 26, 93
[26Jul2026 01:14:00.959] [Server thread/INFO] [net.minecraft.server.MinecraftServer/]: [Chunky] Task running for minecraft:overworld. Processed: 8827 chunks (54.73%), ETA: 0:38:25, Rate: 3.2 cps, Current: 27, 93
[26Jul2026 01:14:02.828] [Server thread/INFO] [net.minecraft.server.MinecraftServer/]: [Chunky] Task running for minecraft:overworld. Processed: 8830 chunks (54.75%), ETA: 0:41:51, Rate: 2.9 cps, Current: 27, 94
[26Jul2026 01:14:03.849] [Server thread/INFO] [net.minecraft.server.MinecraftServer/]: [Chunky] Task running for minecraft:overworld. Processed: 8832 chunks (54.76%), ETA: 0:45:18, Rate: 2.7 cps, Current: 29, 94
[26Jul2026 01:14:05.358] [Server thread/INFO] [net.minecraft.server.MinecraftServer/]: [Chunky] Task running for minecraft:overworld. Processed: 8840 chunks (54.81%), ETA: 0:43:07, Rate: 2.8 cps, Current: 27, 91
[26Jul2026 01:14:07.812] [Server thread/INFO] [net.minecraft.server.MinecraftServer/]: [Chunky] Task running for minecraft:overworld. Processed: 8850 chunks (54.87%), ETA: 0:38:51, Rate: 3.1 cps, Current: 29, 90
[26Jul2026 01:14:08.909] [Server thread/INFO] [net.minecraft.server.MinecraftServer/]: [Chunky] Task running for minecraft:overworld. Processed: 8859 chunks (54.93%), ETA: 0:36:21, Rate: 3.3 cps, Current: 24, 88
[26Jul2026 01:14:10.183] [Server thread/INFO] [net.minecraft.server.MinecraftServer/]: [Chunky] Task running for minecraft:overworld. Processed: 8868 chunks (54.98%), ETA: 0:34:32, Rate: 3.5 cps, Current: 29, 87
[26Jul2026 01:14:11.206] [Server thread/INFO] [net.minecraft.server.MinecraftServer/]: [Chunky] Task running for minecraft:overworld. Processed: 8884 chunks (55.08%), ETA: 0:30:40, Rate: 3.9 cps, Current: 24, 85
[26Jul2026 01:14:12.354] [Server thread/INFO] [net.minecraft.server.MinecraftServer/]: [Chunky] Task running for minecraft:overworld. Processed: 8896 chunks (55.16%), ETA: 0:28:47, Rate: 4.2 cps, Current: 24, 83
[26Jul2026 01:14:13.411] [Server thread/INFO] [net.minecraft.server.MinecraftServer/]: [Chunky] Task running for minecraft:overworld. Processed: 8908 chunks (55.23%), ETA: 0:23:37, Rate: 5.1 cps, Current: 28, 84
[26Jul2026 01:14:14.532] [Server thread/INFO] [net.minecraft.server.MinecraftServer/]: [Chunky] Task running for minecraft:overworld. Processed: 8919 chunks (55.30%), ETA: 0:22:36, Rate: 5.3 cps, Current: 30, 84
[26Jul2026 01:14:15.642] [Server thread/INFO] [net.minecraft.server.MinecraftServer/]: [Chunky] Task running for minecraft:overworld. Processed: 8925 chunks (55.34%), ETA: 0:22:34, Rate: 5.3 cps, Current: 30, 80
[26Jul2026 01:14:17.339] [Server thread/INFO] [net.minecraft.server.MinecraftServer/]: [Chunky] Task running for minecraft:overworld. Processed: 8936 chunks (55.40%), ETA: 0:22:13, Rate: 5.4 cps, Current: 30, 78
[26Jul2026 01:14:18.643] [Server thread/INFO] [net.minecraft.server.MinecraftServer/]: [Chunky] Task running for minecraft:overworld. Processed: 8941 chunks (55.43%), ETA: 0:22:30, Rate: 5.3 cps, Current: 29, 76
[26Jul2026 01:14:19.707] [Server thread/INFO] [net.minecraft.server.MinecraftServer/]: [Chunky] Task running for minecraft:overworld. Processed: 8952 chunks (55.50%), ETA: 0:21:43, Rate: 5.5 cps, Current: 28, 75
[26Jul2026 01:14:20.980] [Server thread/INFO] [net.minecraft.server.MinecraftServer/]: [Chunky] Task running for minecraft:overworld. Processed: 8959 chunks (55.55%), ETA: 0:21:10, Rate: 5.6 cps, Current: 27, 74
[26Jul2026 01:14:22.090] [Server thread/INFO] [net.minecraft.server.MinecraftServer/]: [Chunky] Task running for minecraft:overworld. Processed: 8964 chunks (55.58%), ETA: 0:21:19, Rate: 5.6 cps, Current: 26, 76
[26Jul2026 01:14:23.256] [Server thread/INFO] [net.minecraft.server.MinecraftServer/]: [Chunky] Task running for minecraft:overworld. Processed: 8986 chunks (55.71%), ETA: 0:18:51, Rate: 6.3 cps, Current: 24, 77
[26Jul2026 01:14:24.460] [Server thread/INFO] [net.minecraft.server.MinecraftServer/]: [Chunky] Task running for minecraft:overworld. Processed: 9009 chunks (55.86%), ETA: 0:17:46, Rate: 6.7 cps, Current: 20, 77
[26Jul2026 01:14:25.534] [Server thread/INFO] [net.minecraft.server.MinecraftServer/]: [Chunky] Task running for minecraft:overworld. Processed: 9029 chunks (55.98%), ETA: 0:16:39, Rate: 7.1 cps, Current: 24, 95
[26Jul2026 01:14:26.544] [Server thread/INFO] [net.minecraft.server.MinecraftServer/]: [Chunky] Task running for minecraft:overworld. Processed: 9051 chunks (56.12%), ETA: 0:15:04, Rate: 7.8 cps, Current: 22, 73
[26Jul2026 01:14:27.554] [Server thread/INFO] [net.minecraft.server.MinecraftServer/]: [Chunky] Task running for minecraft:overworld. Processed: 9054 chunks (56.13%), ETA: 0:15:23, Rate: 7.7 cps, Current: 21, 72
[26Jul2026 01:14:28.580] [Server thread/INFO] [net.minecraft.server.MinecraftServer/]: [Chunky] Task running for minecraft:overworld. Processed: 9073 chunks (56.25%), ETA: 0:13:09, Rate: 8.9 cps, Current: 20, 70
[26Jul2026 01:14:29.583] [Server thread/INFO] [net.minecraft.server.MinecraftServer/]: [Chunky] Task running for minecraft:overworld. Processed: 9119 chunks (56.54%), ETA: 0:11:24, Rate: 10.2 cps, Current: 23, 64
[26Jul2026 01:14:30.614] [Server thread/INFO] [net.minecraft.server.MinecraftServer/]: [Chunky] Task running for minecraft:overworld. Processed: 9145 chunks (56.70%), ETA: 0:10:49, Rate: 10.8 cps, Current: 26, 66
[26Jul2026 01:14:31.734] [Server thread/INFO] [net.minecraft.server.MinecraftServer/]: [Chunky] Task running for minecraft:overworld. Processed: 9159 chunks (56.79%), ETA: 0:10:10, Rate: 11.4 cps, Current: 27, 68
[26Jul2026 01:14:33.450] [Server thread/INFO] [net.minecraft.server.MinecraftServer/]: [Chunky] Task running for minecraft:overworld. Processed: 9185 chunks (56.95%), ETA: 0:09:40, Rate: 12.0 cps, Current: 31, 64
[26Jul2026 01:14:34.726] [Server thread/INFO] [net.minecraft.server.MinecraftServer/]: [Chunky] Task running for minecraft:overworld. Processed: 9196 chunks (57.02%), ETA: 0:09:30, Rate: 12.2 cps, Current: 31, 81
[26Jul2026 01:14:35.847] [Server thread/INFO] [net.minecraft.server.MinecraftServer/]: [Chunky] Task running for minecraft:overworld. Processed: 9206 chunks (57.08%), ETA: 0:09:03, Rate: 12.7 cps, Current: 31, 85
[26Jul2026 01:14:37.079] [Server thread/INFO] [net.minecraft.server.MinecraftServer/]: [Chunky] Task running for minecraft:overworld. Processed: 9211 chunks (57.11%), ETA: 0:09:19, Rate: 12.4 cps, Current: 31, 90
[26Jul2026 01:14:38.496] [Server thread/INFO] [net.minecraft.server.MinecraftServer/]: [Chunky] Task running for minecraft:overworld. Processed: 9216 chunks (57.14%), ETA: 0:09:31, Rate: 12.1 cps, Current: 32, 65
[26Jul2026 01:14:39.739] [Server thread/INFO] [net.minecraft.server.MinecraftServer/]: [Chunky] Task running for minecraft:overworld. Processed: 9228 chunks (57.21%), ETA: 0:09:25, Rate: 12.2 cps, Current: 32, 77
[26Jul2026 01:14:40.839] [Server thread/INFO] [net.minecraft.server.MinecraftServer/]: [Chunky] Task running for minecraft:overworld. Processed: 9240 chunks (57.29%), ETA: 0:09:31, Rate: 12.0 cps, Current: 32, 89
[26Jul2026 01:14:42.684] [Server thread/INFO] [net.minecraft.server.MinecraftServer/]: [Chunky] Task running for minecraft:overworld. Processed: 9247 chunks (57.33%), ETA: 0:09:52, Rate: 11.6 cps, Current: 33, 65
[26Jul2026 01:14:44.055] [Server thread/INFO] [net.minecraft.server.MinecraftServer/]: [Chunky] Task running for minecraft:overworld. Processed: 9258 chunks (57.40%), ETA: 0:09:56, Rate: 11.5 cps, Current: 33, 76
[26Jul2026 01:14:45.178] [Server thread/INFO] [net.minecraft.server.MinecraftServer/]: [Chunky] Task running for minecraft:overworld. Processed: 9268 chunks (57.46%), ETA: 0:09:49, Rate: 11.6 cps, Current: 33, 86
[26Jul2026 01:14:51.652] [Server thread/INFO] [net.minecraft.server.MinecraftServer/]: [Chunky] Task running for minecraft:overworld. Processed: 9274 chunks (57.50%), ETA: 0:10:51, Rate: 10.5 cps, Current: 33, 92
[26Jul2026 01:14:52.747] [Server thread/INFO] [net.minecraft.server.MinecraftServer/]: [Chunky] Task running for minecraft:overworld. Processed: 9278 chunks (57.52%), ETA: 0:11:29, Rate: 9.9 cps, Current: 34, 66
[26Jul2026 01:14:53.850] [Server thread/INFO] [net.minecraft.server.MinecraftServer/]: [Chunky] Task running for minecraft:overworld. Processed: 9290 chunks (57.60%), ETA: 0:11:52, Rate: 9.6 cps, Current: 32, 64
[26Jul2026 01:14:54.879] [Server thread/INFO] [net.minecraft.server.MinecraftServer/]: [Chunky] Task running for minecraft:overworld. Processed: 9303 chunks (57.68%), ETA: 0:12:08, Rate: 9.4 cps, Current: 34, 89
[26Jul2026 01:14:57.495] [Server thread/INFO] [net.minecraft.server.MinecraftServer/]: [Chunky] Task running for minecraft:overworld. Processed: 9312 chunks (57.73%), ETA: 0:13:08, Rate: 8.7 cps, Current: 35, 65
[26Jul2026 01:14:58.755] [Server thread/INFO] [net.minecraft.server.MinecraftServer/]: [Chunky] Task running for minecraft:overworld. Processed: 9318 chunks (57.77%), ETA: 0:16:33, Rate: 6.9 cps, Current: 35, 71
[26Jul2026 01:14:59.844] [Server thread/INFO] [net.minecraft.server.MinecraftServer/]: [Chunky] Task running for minecraft:overworld. Processed: 9324 chunks (57.81%), ETA: 0:18:25, Rate: 6.2 cps, Current: 35, 77
[26Jul2026 01:15:00.961] [Server thread/INFO] [net.minecraft.server.MinecraftServer/]: [Chunky] Task running for minecraft:overworld. Processed: 9330 chunks (57.85%), ETA: 0:19:15, Rate: 5.9 cps, Current: 35, 83
[26Jul2026 01:15:02.707] [Server thread/INFO] [net.minecraft.server.MinecraftServer/]: [Chunky] Task running for minecraft:overworld. Processed: 9341 chunks (57.91%), ETA: 0:21:04, Rate: 5.4 cps, Current: 35, 94
[26Jul2026 01:15:03.851] [Server thread/INFO] [net.minecraft.server.MinecraftServer/]: [Chunky] Task running for minecraft:overworld. Processed: 9342 chunks (57.92%), ETA: 0:22:24, Rate: 5.0 cps, Current: 36, 65
[26Jul2026 01:15:04.859] [Server thread/INFO] [net.minecraft.server.MinecraftServer/]: [Chunky] Task running for minecraft:overworld. Processed: 9352 chunks (57.98%), ETA: 0:22:17, Rate: 5.1 cps, Current: 36, 75
[26Jul2026 01:15:06.585] [Server thread/INFO] [net.minecraft.server.MinecraftServer/]: [Chunky] Task running for minecraft:overworld. Processed: 9355 chunks (58.00%), ETA: 0:22:58, Rate: 4.9 cps, Current: 36, 78
[26Jul2026 01:15:08.017] [Server thread/INFO] [net.minecraft.server.MinecraftServer/]: [Chunky] Task running for minecraft:overworld. Processed: 9363 chunks (58.05%), ETA: 0:22:29, Rate: 5.0 cps, Current: 36, 84
[26Jul2026 01:15:09.080] [Server thread/INFO] [net.minecraft.server.MinecraftServer/]: [Chunky] Task running for minecraft:overworld. Processed: 9372 chunks (58.11%), ETA: 0:22:47, Rate: 4.9 cps, Current: 36, 93
[26Jul2026 01:15:11.495] [Server thread/INFO] [net.minecraft.server.MinecraftServer/]: [Chunky] Task running for minecraft:overworld. Processed: 9375 chunks (58.13%), ETA: 0:25:08, Rate: 4.5 cps, Current: 37, 65
[26Jul2026 01:15:12.536] [Server thread/INFO] [net.minecraft.server.MinecraftServer/]: [Chunky] Task running for minecraft:overworld. Processed: 9387 chunks (58.20%), ETA: 0:23:47, Rate: 4.7 cps, Current: 37, 77
[26Jul2026 01:15:13.793] [Server thread/INFO] [net.minecraft.server.MinecraftServer/]: [Chunky] Task running for minecraft:overworld. Processed: 9394 chunks (58.24%), ETA: 0:24:21, Rate: 4.6 cps, Current: 37, 84
[26Jul2026 01:15:15.198] [Server thread/INFO] [net.minecraft.server.MinecraftServer/]: [Chunky] Task running for minecraft:overworld. Processed: 9400 chunks (58.28%), ETA: 0:20:47, Rate: 5.4 cps, Current: 37, 90
[26Jul2026 01:15:17.906] [Server thread/INFO] [net.minecraft.server.MinecraftServer/]: [Chunky] Task running for minecraft:overworld. Processed: 9405 chunks (58.31%), ETA: 0:22:17, Rate: 5.0 cps, Current: 38, 65
[26Jul2026 01:15:19.043] [Server thread/INFO] [net.minecraft.server.MinecraftServer/]: [Chunky] Task running for minecraft:overworld. Processed: 9417 chunks (58.39%), ETA: 0:21:16, Rate: 5.3 cps, Current: 38, 77
[26Jul2026 01:15:20.192] [Server thread/INFO] [net.minecraft.server.MinecraftServer/]: [Chunky] Task running for minecraft:overworld. Processed: 9423 chunks (58.42%), ETA: 0:21:15, Rate: 5.3 cps, Current: 36, 64
[26Jul2026 01:15:21.488] [Server thread/INFO] [net.minecraft.server.MinecraftServer/]: [Chunky] Task running for minecraft:overworld. Processed: 9425 chunks (58.44%), ETA: 0:21:55, Rate: 5.1 cps, Current: 38, 82
[26Jul2026 01:15:22.937] [Server thread/INFO] [net.minecraft.server.MinecraftServer/]: [Chunky] Task running for minecraft:overworld. Processed: 9437 chunks (58.51%), ETA: 0:21:55, Rate: 5.1 cps, Current: 38, 93
[26Jul2026 01:15:25.750] [Server thread/INFO] [net.minecraft.server.MinecraftServer/]: [Chunky] Task running for minecraft:overworld. Processed: 9439 chunks (58.52%), ETA: 0:24:36, Rate: 4.5 cps, Current: 39, 65
[26Jul2026 01:15:26.793] [Server thread/INFO] [net.minecraft.server.MinecraftServer/]: [Chunky] Task running for minecraft:overworld. Processed: 9444 chunks (58.55%), ETA: 0:24:32, Rate: 4.5 cps, Current: 39, 70
[26Jul2026 01:15:28.477] [Server thread/INFO] [net.minecraft.server.MinecraftServer/]: [Chunky] Task running for minecraft:overworld. Processed: 9453 chunks (58.61%), ETA: 0:24:19, Rate: 4.6 cps, Current: 39, 79
[26Jul2026 01:15:29.831] [Server thread/INFO] [net.minecraft.server.MinecraftServer/]: [Chunky] Task running for minecraft:overworld. Processed: 9462 chunks (58.66%), ETA: 0:23:58, Rate: 4.6 cps, Current: 39, 88
[26Jul2026 01:15:31.759] [Server thread/INFO] [net.minecraft.server.MinecraftServer/]: [Chunky] Task running for minecraft:overworld. Processed: 9468 chunks (58.70%), ETA: 0:25:11, Rate: 4.4 cps, Current: 39, 94
[26Jul2026 01:15:32.895] [Server thread/INFO] [net.minecraft.server.MinecraftServer/]: [Chunky] Task running for minecraft:overworld. Processed: 9470 chunks (58.71%), ETA: 0:24:59, Rate: 4.4 cps, Current: 40, 66
[26Jul2026 01:15:33.922] [Server thread/INFO] [AllTheLeaks/]: Listing events...
[26Jul2026 01:15:33.922] [Server thread/INFO] [AllTheLeaks/]: Server Player Logout: 2
[26Jul2026 01:15:33.922] [Server thread/INFO] [AllTheLeaks/]: Listing memory leaks so far...
[26Jul2026 01:15:33.922] [Server thread/INFO] [AllTheLeaks/]: B: 873MB / C: 2241MB / Diff: +1368MB
[26Jul2026 01:15:33.922] [Server thread/INFO] [AllTheLeaks/]: Memory Leaks detected: (/atl force_refresh to update)
[26Jul2026 01:15:33.922] [Server thread/INFO] [AllTheLeaks/]: | ChunkAccess:
[26Jul2026 01:15:33.922] [Server thread/INFO] [AllTheLeaks/]: |- LevelChunk (minecraft): 6792
[26Jul2026 01:15:33.922] [Server thread/INFO] [AllTheLeaks/]: | Player:
[26Jul2026 01:15:33.922] [Server thread/INFO] [AllTheLeaks/]: |- ServerPlayer (minecraft): 2
[26Jul2026 01:15:34.527] [Server thread/INFO] [net.minecraft.server.MinecraftServer/]: [Chunky] Task running for minecraft:overworld. Processed: 9479 chunks (58.77%), ETA: 0:25:41, Rate: 4.3 cps, Current: 40, 75
[26Jul2026 01:15:35.536] [Server thread/INFO] [net.minecraft.server.MinecraftServer/]: [Chunky] Task running for minecraft:overworld. Processed: 9487 chunks (58.82%), ETA: 0:24:05, Rate: 4.6 cps, Current: 40, 83
[26Jul2026 01:15:36.829] [Server thread/INFO] [net.minecraft.server.MinecraftServer/]: [Chunky] Task running for minecraft:overworld. Processed: 9498 chunks (58.89%), ETA: 0:23:24, Rate: 4.7 cps, Current: 40, 89
[26Jul2026 01:15:38.909] [Server thread/INFO] [net.minecraft.server.MinecraftServer/]: [Chunky] Task running for minecraft:overworld. Processed: 9504 chunks (58.92%), ETA: 0:24:45, Rate: 4.5 cps, Current: 41, 65
[26Jul2026 01:15:39.953] [Server thread/INFO] [net.minecraft.server.MinecraftServer/]: [Chunky] Task running for minecraft:overworld. Processed: 9515 chunks (58.99%), ETA: 0:22:14, Rate: 5.0 cps, Current: 41, 76
[26Jul2026 01:15:41.002] [Server thread/INFO] [net.minecraft.server.MinecraftServer/]: [Chunky] Task running for minecraft:overworld. Processed: 9523 chunks (59.04%), ETA: 0:21:48, Rate: 5.0 cps, Current: 41, 84
[26Jul2026 01:15:43.531] [Server thread/INFO] [net.minecraft.server.MinecraftServer/]: [Chunky] Task running for minecraft:overworld. Processed: 9528 chunks (59.07%), ETA: 0:24:14, Rate: 4.5 cps, Current: 41, 89
[26Jul2026 01:15:44.806] [Server thread/INFO] [net.minecraft.server.MinecraftServer/]: [Chunky] Task running for minecraft:overworld. Processed: 9535 chunks (59.12%), ETA: 0:23:55, Rate: 4.6 cps, Current: 42, 66
[26Jul2026 01:15:45.842] [Server thread/INFO] [net.minecraft.server.MinecraftServer/]: [Chunky] Task running for minecraft:overworld. Processed: 9549 chunks (59.20%), ETA: 0:21:07, Rate: 5.2 cps, Current: 42, 80
[26Jul2026 01:15:47.034] [Server thread/INFO] [net.minecraft.server.MinecraftServer/]: [Chunky] Task running for minecraft:overworld. Processed: 9554 chunks (59.23%), ETA: 0:21:16, Rate: 5.1 cps, Current: 42, 85
[26Jul2026 01:15:48.081] [Server thread/INFO] [net.minecraft.server.MinecraftServer/]: [Chunky] Task running for minecraft:overworld. Processed: 9563 chunks (59.29%), ETA: 0:21:37, Rate: 5.1 cps, Current: 41, 95
[26Jul2026 01:15:49.546] [Server thread/INFO] [net.minecraft.server.MinecraftServer/]: [Chunky] Task running for minecraft:overworld. Processed: 9568 chunks (59.32%), ETA: 0:21:59, Rate: 5.0 cps, Current: 43, 65
[26Jul2026 01:15:50.647] [Server thread/INFO] [net.minecraft.server.MinecraftServer/]: [Chunky] Task running for minecraft:overworld. Processed: 9579 chunks (59.39%), ETA: 0:20:32, Rate: 5.3 cps, Current: 43, 76
[26Jul2026 01:15:52.393] [Server thread/INFO] [net.minecraft.server.MinecraftServer/]: [Chunky] Task running for minecraft:overworld. Processed: 9589 chunks (59.45%), ETA: 0:20:59, Rate: 5.2 cps, Current: 43, 86
[26Jul2026 01:15:53.511] [Server thread/INFO] [net.minecraft.server.MinecraftServer/]: [Chunky] Task running for minecraft:overworld. Processed: 9595 chunks (59.49%), ETA: 0:19:15, Rate: 5.7 cps, Current: 43, 92
[26Jul2026 01:15:54.599] [Server thread/INFO] [net.minecraft.server.MinecraftServer/]: [Chunky] Task running for minecraft:overworld. Processed: 9599 chunks (59.51%), ETA: 0:19:30, Rate: 5.6 cps, Current: 44, 66
[26Jul2026 01:15:55.841] [Server thread/INFO] [net.minecraft.server.MinecraftServer/]: [Chunky] Task running for minecraft:overworld. Processed: 9610 chunks (59.58%), ETA: 0:18:53, Rate: 5.7 cps, Current: 44, 77
[26Jul2026 01:15:57.040] [Server thread/INFO] [net.minecraft.server.MinecraftServer/]: [Chunky] Task running for minecraft:overworld. Processed: 9618 chunks (59.63%), ETA: 0:18:40, Rate: 5.8 cps, Current: 44, 85
[26Jul2026 01:16:00.190] [Server thread/INFO] [net.minecraft.server.MinecraftServer/]: [Chunky] Task running for minecraft:overworld. Processed: 9631 chunks (59.71%), ETA: 0:18:46, Rate: 5.8 cps, Current: 45, 65
[26Jul2026 01:16:01.432] [Server thread/INFO] [net.minecraft.server.MinecraftServer/]: [Chunky] Task running for minecraft:overworld. Processed: 9637 chunks (59.75%), ETA: 0:18:53, Rate: 5.7 cps, Current: 45, 71
[26Jul2026 01:16:02.434] [Server thread/INFO] [net.minecraft.server.MinecraftServer/]: [Chunky] Task running for minecraft:overworld. Processed: 9646 chunks (59.81%), ETA: 0:18:01, Rate: 6.0 cps, Current: 45, 80
[26Jul2026 01:16:03.450] [Server thread/INFO] [net.minecraft.server.MinecraftServer/]: [Chunky] Task running for minecraft:overworld. Processed: 9650 chunks (59.83%), ETA: 0:18:09, Rate: 5.9 cps, Current: 45, 84
[26Jul2026 01:16:04.248] [Worker-Main-1/WARN] [lithostitched/]: Non-existent template pool reference: minecraft:cook_additions_4_pool
[26Jul2026 01:16:04.249] [Worker-Main-1/WARN] [lithostitched/]: Non-existent template pool reference: minecraft:cook_additions_3_pool
[26Jul2026 01:16:04.249] [Worker-Main-1/WARN] [lithostitched/]: Non-existent template pool reference: minecraft:cook_additions_1_pool
[26Jul2026 01:16:04.249] [Worker-Main-1/WARN] [lithostitched/]: Non-existent template pool reference: minecraft:cook_additions_2_pool
[26Jul2026 01:16:04.250] [Worker-Main-1/WARN] [lithostitched/]: Non-existent template pool reference: minecraft:angler_additions_3_pool
[26Jul2026 01:16:04.250] [Worker-Main-1/WARN] [lithostitched/]: Non-existent template pool reference: minecraft:angler_additions_3_pool
[26Jul2026 01:16:04.250] [Worker-Main-1/WARN] [lithostitched/]: Non-existent template pool reference: minecraft:cook_end_1_pool
[26Jul2026 01:16:04.250] [Worker-Main-1/WARN] [lithostitched/]: Non-existent template pool reference: minecraft:cook_end_1_pool
[26Jul2026 01:16:04.693] [Server thread/INFO] [net.minecraft.server.MinecraftServer/]: [Chunky] Task running for minecraft:overworld. Processed: 9656 chunks (59.87%), ETA: 0:18:30, Rate: 5.8 cps, Current: 45, 90
[26Jul2026 01:16:05.845] [Server thread/INFO] [net.minecraft.server.MinecraftServer/]: [Chunky] Task running for minecraft:overworld. Processed: 9663 chunks (59.91%), ETA: 0:18:50, Rate: 5.7 cps, Current: 45, 95
[26Jul2026 01:16:06.871] [Server thread/INFO] [net.minecraft.server.MinecraftServer/]: [Chunky] Task running for minecraft:overworld. Processed: 9670 chunks (59.95%), ETA: 0:18:01, Rate: 6.0 cps, Current: 46, 69
[26Jul2026 01:16:08.578] [Server thread/INFO] [net.minecraft.server.MinecraftServer/]: [Chunky] Task running for minecraft:overworld. Processed: 9672 chunks (59.97%), ETA: 0:18:53, Rate: 5.7 cps, Current: 46, 71
[26Jul2026 01:16:10.054] [Server thread/INFO] [net.minecraft.server.MinecraftServer/]: [Chunky] Task running for minecraft:overworld. Processed: 9681 chunks (60.02%), ETA: 0:19:38, Rate: 5.5 cps, Current: 46, 80
[26Jul2026 01:16:11.493] [Server thread/INFO] [net.minecraft.server.MinecraftServer/]: [Chunky] Task running for minecraft:overworld. Processed: 9683 chunks (60.03%), ETA: 0:19:15, Rate: 5.6 cps, Current: 46, 82
[26Jul2026 01:16:12.533] [Server thread/INFO] [net.minecraft.server.MinecraftServer/]: [Chunky] Task running for minecraft:overworld. Processed: 9689 chunks (60.07%), ETA: 0:19:12, Rate: 5.6 cps, Current: 32, 35
[26Jul2026 01:16:13.903] [Server thread/INFO] [net.minecraft.server.MinecraftServer/]: [Chunky] Task running for minecraft:overworld. Processed: 9699 chunks (60.13%), ETA: 0:18:55, Rate: 5.7 cps, Current: 32, 44
[26Jul2026 01:16:14.941] [Server thread/INFO] [net.minecraft.server.MinecraftServer/]: [Chunky] Task running for minecraft:overworld. Processed: 9711 chunks (60.21%), ETA: 0:18:12, Rate: 5.9 cps, Current: 32, 53
[26Jul2026 01:16:16.224] [Server thread/INFO] [net.minecraft.server.MinecraftServer/]: [Chunky] Task running for minecraft:overworld. Processed: 9727 chunks (60.31%), ETA: 0:18:06, Rate: 5.9 cps, Current: 46, 94
[26Jul2026 01:16:17.806] [Server thread/INFO] [net.minecraft.server.MinecraftServer/]: [Chunky] Task running for minecraft:overworld. Processed: 9729 chunks (60.32%), ETA: 0:18:59, Rate: 5.6 cps, Current: 33, 33
[26Jul2026 01:16:19.010] [Server thread/INFO] [net.minecraft.server.MinecraftServer/]: [Chunky] Task running for minecraft:overworld. Processed: 9737 chunks (60.37%), ETA: 0:18:27, Rate: 5.8 cps, Current: 33, 40
[26Jul2026 01:16:20.295] [Server thread/INFO] [net.minecraft.server.MinecraftServer/]: [Chunky] Task running for minecraft:overworld. Processed: 9748 chunks (60.44%), ETA: 0:18:32, Rate: 5.7 cps, Current: 33, 50
[26Jul2026 01:16:21.507] [Server thread/INFO] [net.minecraft.server.MinecraftServer/]: [Chunky] Task running for minecraft:overworld. Processed: 9761 chunks (60.52%), ETA: 0:17:51, Rate: 5.9 cps, Current: 34, 33
[26Jul2026 01:16:22.580] [Server thread/INFO] [net.minecraft.server.MinecraftServer/]: [Chunky] Task running for minecraft:overworld. Processed: 9774 chunks (60.60%), ETA: 0:17:06, Rate: 6.2 cps, Current: 34, 45
[26Jul2026 01:16:24.680] [Server thread/INFO] [net.minecraft.server.MinecraftServer/]: [Chunky] Task running for minecraft:overworld. Processed: 9793 chunks (60.72%), ETA: 0:16:33, Rate: 6.4 cps, Current: 35, 33
[26Jul2026 01:16:25.788] [Server thread/INFO] [net.minecraft.server.MinecraftServer/]: [Chunky] Task running for minecraft:overworld. Processed: 9801 chunks (60.77%), ETA: 0:16:27, Rate: 6.4 cps, Current: 35, 41
[26Jul2026 01:16:26.801] [Server thread/INFO] [net.minecraft.server.MinecraftServer/]: [Chunky] Task running for minecraft:overworld. Processed: 9815 chunks (60.85%), ETA: 0:15:49, Rate: 6.7 cps, Current: 35, 55
[26Jul2026 01:16:27.830] [Server thread/INFO] [net.minecraft.server.MinecraftServer/]: [Chunky] Task running for minecraft:overworld. Processed: 9826 chunks (60.92%), ETA: 0:14:48, Rate: 7.1 cps, Current: 36, 34
[26Jul2026 01:16:28.890] [Server thread/INFO] [net.minecraft.server.MinecraftServer/]: [Chunky] Task running for minecraft:overworld. Processed: 9835 chunks (60.98%), ETA: 0:14:41, Rate: 7.1 cps, Current: 36, 43
[26Jul2026 01:16:30.449] [Server thread/INFO] [net.minecraft.server.MinecraftServer/]: [Chunky] Task running for minecraft:overworld. Processed: 9851 chunks (61.08%), ETA: 0:14:07, Rate: 7.4 cps, Current: 36, 57
[26Jul2026 01:16:33.190] [Server thread/INFO] [net.minecraft.server.MinecraftServer/]: [Chunky] Task running for minecraft:overworld. Processed: 9857 chunks (61.11%), ETA: 0:14:56, Rate: 7.0 cps, Current: 37, 33
[26Jul2026 01:16:34.284] [Server thread/INFO] [net.minecraft.server.MinecraftServer/]: [Chunky] Task running for minecraft:overworld. Processed: 9867 chunks (61.18%), ETA: 0:14:34, Rate: 7.2 cps, Current: 37, 43
[26Jul2026 01:16:38.987] [Server thread/INFO] [net.minecraft.server.MinecraftServer/]: [kamushkarkir: Set the world spawn point to -259, 69, 589 [0.0]]
[26Jul2026 01:16:40.731] [Server thread/INFO] [net.minecraft.server.MinecraftServer/]: [Chunky] Task running for minecraft:overworld. Processed: 9878 chunks (61.24%), ETA: 0:15:32, Rate: 6.7 cps, Current: 37, 54
[26Jul2026 01:16:42.049] [Server thread/INFO] [net.minecraft.server.MinecraftServer/]: [Chunky] Task running for minecraft:overworld. Processed: 9889 chunks (61.31%), ETA: 0:15:13, Rate: 6.8 cps, Current: 38, 33
[26Jul2026 01:16:43.196] [Server thread/INFO] [net.minecraft.server.MinecraftServer/]: [Chunky] Task running for minecraft:overworld. Processed: 9903 chunks (61.40%), ETA: 0:14:52, Rate: 7.0 cps, Current: 38, 46
[26Jul2026 01:16:45.005] [Server thread/INFO] [net.minecraft.server.MinecraftServer/]: [Chunky] Task running for minecraft:overworld. Processed: 9915 chunks (61.47%), ETA: 0:15:48, Rate: 6.6 cps, Current: 38, 56
[26Jul2026 01:16:47.149] [Server thread/INFO] [net.minecraft.server.MinecraftServer/]: [Chunky] Task running for minecraft:overworld. Processed: 9921 chunks (61.51%), ETA: 0:15:43, Rate: 6.6 cps, Current: 39, 33
[26Jul2026 01:16:48.254] [Server thread/INFO] [net.minecraft.server.MinecraftServer/]: [Chunky] Task running for minecraft:overworld. Processed: 9933 chunks (61.58%), ETA: 0:15:19, Rate: 6.7 cps, Current: 39, 45
[26Jul2026 01:16:49.553] [Server thread/INFO] [net.minecraft.server.MinecraftServer/]: [Chunky] Task running for minecraft:overworld. Processed: 9941 chunks (61.63%), ETA: 0:15:33, Rate: 6.6 cps, Current: 39, 53
[26Jul2026 01:16:50.928] [Server thread/INFO] [net.minecraft.server.MinecraftServer/]: [Chunky] Task running for minecraft:overworld. Processed: 9952 chunks (61.70%), ETA: 0:15:46, Rate: 6.5 cps, Current: 40, 33
[26Jul2026 01:16:52.094] [Server thread/INFO] [net.minecraft.server.MinecraftServer/]: [Chunky] Task running for minecraft:overworld. Processed: 9965 chunks (61.78%), ETA: 0:15:47, Rate: 6.5 cps, Current: 40, 46
[26Jul2026 01:16:53.895] [Server thread/INFO] [net.minecraft.server.MinecraftServer/]: [Chunky] Task running for minecraft:overworld. Processed: 9985 chunks (61.91%), ETA: 0:15:30, Rate: 6.6 cps, Current: 41, 33
[26Jul2026 01:16:55.190] [Server thread/INFO] [net.minecraft.server.MinecraftServer/]: [Chunky] Task running for minecraft:overworld. Processed: 9989 chunks (61.93%), ETA: 0:15:55, Rate: 6.4 cps, Current: 41, 37
[26Jul2026 01:16:56.211] [Server thread/INFO] [net.minecraft.server.MinecraftServer/]: [Chunky] Task running for minecraft:overworld. Processed: 10001 chunks (62.01%), ETA: 0:16:03, Rate: 6.4 cps, Current: 41, 49
[26Jul2026 01:16:57.247] [Server thread/INFO] [net.minecraft.server.MinecraftServer/]: [Chunky] Task running for minecraft:overworld. Processed: 10007 chunks (62.04%), ETA: 0:16:29, Rate: 6.2 cps, Current: 41, 55
[26Jul2026 01:16:58.083] [Server thread/WARN] [net.minecraft.server.network.ServerGamePacketListenerImpl/]: kamushkarkir moved too quickly! 10.648538549649345,0.017772009369707575,-0.29593574540103873
[26Jul2026 01:16:58.288] [Server thread/INFO] [net.minecraft.server.MinecraftServer/]: [Chunky] Task running for minecraft:overworld. Processed: 10018 chunks (62.11%), ETA: 0:16:16, Rate: 6.3 cps, Current: 42, 34
[26Jul2026 01:16:59.354] [Server thread/INFO] [net.minecraft.server.MinecraftServer/]: [Chunky] Task running for minecraft:overworld. Processed: 10033 chunks (62.20%), ETA: 0:16:02, Rate: 6.3 cps, Current: 42, 48
[26Jul2026 01:17:00.824] [Server thread/INFO] [net.minecraft.server.MinecraftServer/]: [Chunky] Task running for minecraft:overworld. Processed: 10044 chunks (62.27%), ETA: 0:14:54, Rate: 6.8 cps, Current: 42, 58
[26Jul2026 01:17:01.938] [Server thread/INFO] [net.minecraft.server.MinecraftServer/]: [Chunky] Task running for minecraft:overworld. Processed: 10049 chunks (62.30%), ETA: 0:15:05, Rate: 6.7 cps, Current: 43, 33
[26Jul2026 01:17:03.043] [Server thread/INFO] [net.minecraft.server.MinecraftServer/]: [Chunky] Task running for minecraft:overworld. Processed: 10060 chunks (62.37%), ETA: 0:14:48, Rate: 6.8 cps, Current: 43, 43
[26Jul2026 01:17:04.057] [Server thread/INFO] [net.minecraft.server.MinecraftServer/]: [Chunky] Task running for minecraft:overworld. Processed: 10080 chunks (62.50%), ETA: 0:14:01, Rate: 7.2 cps, Current: 43, 61
[26Jul2026 01:17:05.257] [Server thread/INFO] [net.minecraft.server.MinecraftServer/]: [Chunky] Task running for minecraft:overworld. Processed: 10087 chunks (62.54%), ETA: 0:11:45, Rate: 8.6 cps, Current: 44, 39
[26Jul2026 01:17:06.262] [Server thread/INFO] [net.minecraft.server.MinecraftServer/]: [Chunky] Task running for minecraft:overworld. Processed: 10099 chunks (62.61%), ETA: 0:11:33, Rate: 8.7 cps, Current: 44, 51
[26Jul2026 01:17:09.089] [Server thread/INFO] [net.minecraft.server.MinecraftServer/]: [Chunky] Task running for minecraft:overworld. Processed: 10113 chunks (62.70%), ETA: 0:12:02, Rate: 8.3 cps, Current: 45, 33
[26Jul2026 01:17:10.206] [Server thread/INFO] [net.minecraft.server.MinecraftServer/]: [Chunky] Task running for minecraft:overworld. Processed: 10123 chunks (62.76%), ETA: 0:11:59, Rate: 8.3 cps, Current: 45, 42
[26Jul2026 01:17:11.406] [Server thread/INFO] [net.minecraft.server.MinecraftServer/]: [Chunky] Task running for minecraft:overworld. Processed: 10132 chunks (62.82%), ETA: 0:12:01, Rate: 8.3 cps, Current: 45, 51
[26Jul2026 01:17:12.632] [Server thread/INFO] [net.minecraft.server.MinecraftServer/]: [Chunky] Task running for minecraft:overworld. Processed: 10139 chunks (62.86%), ETA: 0:12:23, Rate: 8.1 cps, Current: 45, 63
[26Jul2026 01:17:13.759] [Server thread/INFO] [net.minecraft.server.MinecraftServer/]: [Chunky] Task running for minecraft:overworld. Processed: 10150 chunks (62.93%), ETA: 0:12:08, Rate: 8.2 cps, Current: 46, 37
[26Jul2026 01:17:14.817] [Server thread/INFO] [net.minecraft.server.MinecraftServer/]: [Chunky] Task running for minecraft:overworld. Processed: 10153 chunks (62.95%), ETA: 0:12:25, Rate: 8.0 cps, Current: 46, 40
[26Jul2026 01:17:16.147] [Server thread/INFO] [net.minecraft.server.MinecraftServer/]: [Chunky] Task running for minecraft:overworld. Processed: 10163 chunks (63.01%), ETA: 0:11:51, Rate: 8.4 cps, Current: 46, 49
[26Jul2026 01:17:17.158] [Server thread/INFO] [net.minecraft.server.MinecraftServer/]: [Chunky] Task running for minecraft:overworld. Processed: 10168 chunks (63.04%), ETA: 0:12:10, Rate: 8.2 cps, Current: 46, 54
[26Jul2026 01:17:18.161] [Server thread/INFO] [net.minecraft.server.MinecraftServer/]: [Chunky] Task running for minecraft:overworld. Processed: 10181 chunks (63.12%), ETA: 0:11:54, Rate: 8.3 cps, Current: 46, 58
[26Jul2026 01:17:19.359] [Server thread/INFO] [net.minecraft.server.MinecraftServer/]: [Chunky] Task running for minecraft:overworld. Processed: 10185 chunks (63.15%), ETA: 0:12:03, Rate: 8.2 cps, Current: 32, 9
[26Jul2026 01:17:20.385] [Server thread/INFO] [net.minecraft.server.MinecraftServer/]: [Chunky] Task running for minecraft:overworld. Processed: 10196 chunks (63.22%), ETA: 0:11:53, Rate: 8.3 cps, Current: 32, 20
[26Jul2026 01:17:21.527] [Server thread/INFO] [net.minecraft.server.MinecraftServer/]: [Chunky] Task running for minecraft:overworld. Processed: 10208 chunks (63.29%), ETA: 0:11:54, Rate: 8.3 cps, Current: 32, 0
[26Jul2026 01:17:23.549] [Server thread/INFO] [net.minecraft.server.MinecraftServer/]: [Chunky] Task running for minecraft:overworld. Processed: 10209 chunks (63.30%), ETA: 0:13:00, Rate: 7.6 cps, Current: 33, 1
[26Jul2026 01:17:24.677] [Server thread/INFO] [net.minecraft.server.MinecraftServer/]: [Chunky] Task running for minecraft:overworld. Processed: 10216 chunks (63.34%), ETA: 0:12:44, Rate: 7.7 cps, Current: 33, 8
[26Jul2026 01:17:25.733] [Server thread/INFO] [net.minecraft.server.MinecraftServer/]: [Chunky] Task running for minecraft:overworld. Processed: 10230 chunks (63.43%), ETA: 0:12:37, Rate: 7.8 cps, Current: 33, 22
[26Jul2026 01:17:26.734] [Server thread/INFO] [net.minecraft.server.MinecraftServer/]: [Chunky] Task running for minecraft:overworld. Processed: 10242 chunks (63.50%), ETA: 0:12:15, Rate: 8.0 cps, Current: 34, 3
[26Jul2026 01:17:28.516] [Server thread/INFO] [net.minecraft.server.MinecraftServer/]: [Chunky] Task running for minecraft:overworld. Processed: 10252 chunks (63.56%), ETA: 0:12:59, Rate: 7.5 cps, Current: 34, 13
[26Jul2026 01:17:29.742] [Server thread/INFO] [net.minecraft.server.MinecraftServer/]: [Chunky] Task running for minecraft:overworld. Processed: 10272 chunks (63.69%), ETA: 0:12:19, Rate: 7.9 cps, Current: 34, 0
[26Jul2026 01:17:30.988] [Server thread/INFO] [net.minecraft.server.MinecraftServer/]: [Chunky] Task running for minecraft:overworld. Processed: 10273 chunks (63.69%), ETA: 0:12:36, Rate: 7.7 cps, Current: 35, 1
[26Jul2026 01:17:32.507] [Server thread/INFO] [net.minecraft.server.MinecraftServer/]: [Chunky] Task running for minecraft:overworld. Processed: 10278 chunks (63.72%), ETA: 0:13:07, Rate: 7.4 cps, Current: 35, 6
[26Jul2026 01:17:33.746] [Server thread/INFO] [net.minecraft.server.MinecraftServer/]: [Chunky] Task running for minecraft:overworld. Processed: 10294 chunks (63.82%), ETA: 0:13:25, Rate: 7.2 cps, Current: 35, 22
[26Jul2026 01:17:35.491] [Server thread/INFO] [net.minecraft.server.MinecraftServer/]: [Chunky] Task running for minecraft:overworld. Processed: 10305 chunks (63.89%), ETA: 0:13:42, Rate: 7.1 cps, Current: 36, 1
[26Jul2026 01:17:36.498] [Server thread/INFO] [net.minecraft.server.MinecraftServer/]: [Chunky] Task running for minecraft:overworld. Processed: 10322 chunks (64.00%), ETA: 0:12:37, Rate: 7.7 cps, Current: 36, 18
[26Jul2026 01:17:37.772] [Server thread/INFO] [net.minecraft.server.MinecraftServer/]: [Chunky] Task running for minecraft:overworld. Processed: 10324 chunks (64.01%), ETA: 0:13:05, Rate: 7.4 cps, Current: 36, 20
[26Jul2026 01:17:40.131] [Server thread/INFO] [net.minecraft.server.MinecraftServer/]: [Chunky] Task running for minecraft:overworld. Processed: 10337 chunks (64.09%), ETA: 0:13:26, Rate: 7.2 cps, Current: 37, 1
[26Jul2026 01:17:41.150] [Server thread/INFO] [net.minecraft.server.MinecraftServer/]: [Chunky] Task running for minecraft:overworld. Processed: 10340 chunks (64.11%), ETA: 0:13:43, Rate: 7.0 cps, Current: 37, 4
[26Jul2026 01:17:42.320] [Server thread/INFO] [net.minecraft.server.MinecraftServer/]: [Chunky] Task running for minecraft:overworld. Processed: 10357 chunks (64.21%), ETA: 0:13:02, Rate: 7.4 cps, Current: 37, 21
[26Jul2026 01:17:43.382] [Server thread/INFO] [net.minecraft.server.MinecraftServer/]: [Chunky] Task running for minecraft:overworld. Processed: 10368 chunks (64.28%), ETA: 0:12:59, Rate: 7.4 cps, Current: 37, 0
[26Jul2026 01:17:44.487] [Server thread/INFO] [net.minecraft.server.MinecraftServer/]: [Chunky] Task running for minecraft:overworld. Processed: 10371 chunks (64.30%), ETA: 0:13:00, Rate: 7.4 cps, Current: 38, 3
[26Jul2026 01:17:45.508] [Server thread/INFO] [net.minecraft.server.MinecraftServer/]: [Chunky] Task running for minecraft:overworld. Processed: 10383 chunks (64.37%), ETA: 0:12:43, Rate: 7.5 cps, Current: 38, 15
[26Jul2026 01:17:47.003] [Server thread/INFO] [net.minecraft.server.MinecraftServer/]: [Chunky] Task running for minecraft:overworld. Processed: 10398 chunks (64.47%), ETA: 0:12:20, Rate: 7.7 cps, Current: 38, 27
[26Jul2026 01:17:49.111] [Server thread/INFO] [net.minecraft.server.MinecraftServer/]: [Chunky] Task running for minecraft:overworld. Processed: 10401 chunks (64.49%), ETA: 0:13:05, Rate: 7.3 cps, Current: 39, 1
[26Jul2026 01:17:50.232] [Server thread/INFO] [net.minecraft.server.MinecraftServer/]: [Chunky] Task running for minecraft:overworld. Processed: 10409 chunks (64.54%), ETA: 0:13:17, Rate: 7.2 cps, Current: 39, 9
[26Jul2026 01:17:51.404] [Server thread/INFO] [net.minecraft.server.MinecraftServer/]: [Chunky] Task running for minecraft:overworld. Processed: 10420 chunks (64.60%), ETA: 0:13:20, Rate: 7.1 cps, Current: 39, 20
[26Jul2026 01:17:53.402] [Server thread/INFO] [net.minecraft.server.MinecraftServer/]: [Chunky] Task running for minecraft:overworld. Processed: 10429 chunks (64.66%), ETA: 0:12:49, Rate: 7.4 cps, Current: 39, 27
[26Jul2026 01:17:56.054] [Server thread/INFO] [net.minecraft.server.MinecraftServer/]: [Chunky] Task running for minecraft:overworld. Processed: 10432 chunks (64.68%), ETA: 0:14:34, Rate: 6.5 cps, Current: 40, 1
[26Jul2026 01:17:57.103] [Server thread/INFO] [net.minecraft.server.MinecraftServer/]: [Chunky] Task running for minecraft:overworld. Processed: 10442 chunks (64.74%), ETA: 0:14:11, Rate: 6.7 cps, Current: 40, 11
[26Jul2026 01:17:58.133] [Server thread/INFO] [net.minecraft.server.MinecraftServer/]: [Chunky] Task running for minecraft:overworld. Processed: 10452 chunks (64.80%), ETA: 0:13:56, Rate: 6.8 cps, Current: 40, 21
[26Jul2026 01:17:59.395] [Server thread/INFO] [net.minecraft.server.MinecraftServer/]: [Chunky] Task running for minecraft:overworld. Processed: 10465 chunks (64.88%), ETA: 0:14:25, Rate: 6.5 cps, Current: 41, 1
[26Jul2026 01:18:00.403] [Server thread/INFO] [net.minecraft.server.MinecraftServer/]: [Chunky] Task running for minecraft:overworld. Processed: 10473 chunks (64.93%), ETA: 0:13:47, Rate: 6.8 cps, Current: 41, 9
[26Jul2026 01:18:01.508] [Server thread/INFO] [net.minecraft.server.MinecraftServer/]: [Chunky] Task running for minecraft:overworld. Processed: 10482 chunks (64.99%), ETA: 0:13:18, Rate: 7.1 cps, Current: 41, 18
[26Jul2026 01:18:02.636] [Server thread/INFO] [net.minecraft.server.MinecraftServer/]: [Chunky] Task running for minecraft:overworld. Processed: 10496 chunks (65.08%), ETA: 0:13:21, Rate: 7.0 cps, Current: 42, 1
[26Jul2026 01:18:03.692] [Server thread/INFO] [net.minecraft.server.MinecraftServer/]: [Chunky] Task running for minecraft:overworld. Processed: 10508 chunks (65.15%), ETA: 0:13:02, Rate: 7.2 cps, Current: 42, 12
[26Jul2026 01:18:04.694] [Server thread/INFO] [net.minecraft.server.MinecraftServer/]: [Chunky] Task running for minecraft:overworld. Processed: 10523 chunks (65.24%), ETA: 0:12:27, Rate: 7.5 cps, Current: 42, 30
[26Jul2026 01:18:06.196] [Server thread/INFO] [net.minecraft.server.MinecraftServer/]: [Chunky] Task running for minecraft:overworld. Processed: 10529 chunks (65.28%), ETA: 0:13:19, Rate: 7.0 cps, Current: 43, 1
[26Jul2026 01:18:07.252] [Server thread/INFO] [net.minecraft.server.MinecraftServer/]: [Chunky] Task running for minecraft:overworld. Processed: 10540 chunks (65.35%), ETA: 0:12:39, Rate: 7.4 cps, Current: 43, 12
[26Jul2026 01:18:08.295] [Server thread/INFO] [net.minecraft.server.MinecraftServer/]: [Chunky] Task running for minecraft:overworld. Processed: 10545 chunks (65.38%), ETA: 0:12:32, Rate: 7.4 cps, Current: 43, 17
[26Jul2026 01:18:08.539] [Server thread/INFO] [net.minecraft.server.network.ServerGamePacketListenerImpl/]: kamushkarkir lost connection: Disconnected
[26Jul2026 01:18:08.539] [Server thread/INFO] [net.minecraft.server.MinecraftServer/]: kamushkarkir left the game
[26Jul2026 01:18:08.543] [Server thread/INFO] [voicechat/]: [voicechat] Disconnecting client kamushkarkir
[26Jul2026 01:18:09.908] [Server thread/INFO] [net.minecraft.server.MinecraftServer/]: [Chunky] Task running for minecraft:overworld. Processed: 10552 chunks (65.42%), ETA: 0:12:48, Rate: 7.3 cps, Current: 43, 24
[26Jul2026 01:18:11.644] [Server thread/INFO] [net.minecraft.server.MinecraftServer/]: [Chunky] Task running for minecraft:overworld. Processed: 10561 chunks (65.48%), ETA: 0:13:16, Rate: 7.0 cps, Current: 44, 1
[26Jul2026 01:18:12.932] [Server thread/INFO] [net.minecraft.server.MinecraftServer/]: [Chunky] Task running for minecraft:overworld. Processed: 10577 chunks (65.58%), ETA: 0:13:01, Rate: 7.1 cps, Current: 44, 17
[26Jul2026 01:18:14.759] [Server thread/INFO] [net.minecraft.server.MinecraftServer/]: [Chunky] Task running for minecraft:overworld. Processed: 10593 chunks (65.68%), ETA: 0:12:47, Rate: 7.2 cps, Current: 45, 1
[26Jul2026 01:18:15.879] [Server thread/INFO] [net.minecraft.server.MinecraftServer/]: [Chunky] Task running for minecraft:overworld. Processed: 10604 chunks (65.74%), ETA: 0:12:50, Rate: 7.2 cps, Current: 45, 12
[26Jul2026 01:18:17.405] [Server thread/INFO] [net.minecraft.server.MinecraftServer/]: [Chunky] Task running for minecraft:overworld. Processed: 10609 chunks (65.78%), ETA: 0:12:27, Rate: 7.4 cps, Current: 45, 17
[26Jul2026 01:18:18.884] [Server thread/INFO] [net.minecraft.server.MinecraftServer/]: [Chunky] Task running for minecraft:overworld. Processed: 10618 chunks (65.83%), ETA: 0:12:32, Rate: 7.3 cps, Current: 45, 31
[26Jul2026 01:18:48.390] [Server thread/INFO] [net.minecraft.server.MinecraftServer/]: [Chunky] Task running for minecraft:overworld. Processed: 10624 chunks (65.87%), ETA: 6:26:44, Rate: 0.2 cps, Current: 45, 0
[26Jul2026 01:18:49.443] [Server thread/INFO] [net.minecraft.server.MinecraftServer/]: [Chunky] Task running for minecraft:overworld. Processed: 10625 chunks (65.88%), ETA: 0:48:17, Rate: 1.9 cps, Current: 46, 0
[26Jul2026 01:18:50.531] [Server thread/INFO] [net.minecraft.server.MinecraftServer/]: [Chunky] Task running for minecraft:overworld. Processed: 10629 chunks (65.90%), ETA: 0:32:41, Rate: 2.8 cps, Current: 46, 4
[26Jul2026 01:18:51.744] [Server thread/INFO] [net.minecraft.server.MinecraftServer/]: [Chunky] Task running for minecraft:overworld. Processed: 10631 chunks (65.91%), ETA: 0:38:25, Rate: 2.4 cps, Current: 46, 6
[26Jul2026 01:18:52.937] [Server thread/INFO] [net.minecraft.server.MinecraftServer/]: [Chunky] Task running for minecraft:overworld. Processed: 10643 chunks (65.99%), ETA: 0:20:47, Rate: 4.4 cps, Current: 46, 18
[26Jul2026 01:18:53.958] [Server thread/INFO] [net.minecraft.server.MinecraftServer/]: [Chunky] Task running for minecraft:overworld. Processed: 10654 chunks (66.05%), ETA: 0:16:23, Rate: 5.6 cps, Current: 46, 27
[26Jul2026 01:18:58.905] [Server thread/INFO] [net.minecraft.server.MinecraftServer/]: [Chunky] Task running for minecraft:overworld. Processed: 10657 chunks (66.07%), ETA: 0:28:12, Rate: 3.2 cps, Current: 32, -26
[26Jul2026 01:18:59.991] [Server thread/INFO] [net.minecraft.server.MinecraftServer/]: [Chunky] Task running for minecraft:overworld. Processed: 10672 chunks (66.17%), ETA: 0:21:31, Rate: 4.2 cps, Current: 32, -12
[26Jul2026 01:19:01.074] [Server thread/INFO] [net.minecraft.server.MinecraftServer/]: [Chunky] Task running for minecraft:overworld. Processed: 10682 chunks (66.23%), ETA: 0:19:31, Rate: 4.7 cps, Current: 32, -2
[26Jul2026 01:19:02.150] [Server thread/INFO] [net.minecraft.server.MinecraftServer/]: [Chunky] Task running for minecraft:overworld. Processed: 10684 chunks (66.24%), ETA: 0:20:28, Rate: 4.4 cps, Current: 33, -27
[26Jul2026 01:19:03.158] [Server thread/INFO] [net.minecraft.server.MinecraftServer/]: [Chunky] Task running for minecraft:overworld. Processed: 10694 chunks (66.30%), ETA: 0:18:50, Rate: 4.8 cps, Current: 33, -17
[26Jul2026 01:19:04.228] [Server thread/INFO] [net.minecraft.server.MinecraftServer/]: [Chunky] Task running for minecraft:overworld. Processed: 10711 chunks (66.41%), ETA: 0:16:15, Rate: 5.6 cps, Current: 34, -26
[26Jul2026 01:19:05.311] [Server thread/INFO] [net.minecraft.server.MinecraftServer/]: [Chunky] Task running for minecraft:overworld. Processed: 10726 chunks (66.50%), ETA: 0:14:47, Rate: 6.1 cps, Current: 34, -11
[26Jul2026 01:19:06.575] [Server thread/INFO] [net.minecraft.server.MinecraftServer/]: [Chunky] Task running for minecraft:overworld. Processed: 10738 chunks (66.58%), ETA: 0:14:12, Rate: 6.3 cps, Current: 35, -26
[26Jul2026 01:19:07.745] [Server thread/INFO] [net.minecraft.server.MinecraftServer/]: [Chunky] Task running for minecraft:overworld. Processed: 10751 chunks (66.66%), ETA: 0:13:33, Rate: 6.6 cps, Current: 35, -14
[26Jul2026 01:19:08.785] [Server thread/INFO] [net.minecraft.server.MinecraftServer/]: [Chunky] Task running for minecraft:overworld. Processed: 10764 chunks (66.74%), ETA: 0:12:56, Rate: 6.9 cps, Current: 36, -26
[26Jul2026 01:19:09.790] [Server thread/INFO] [net.minecraft.server.MinecraftServer/]: [Chunky] Task running for minecraft:overworld. Processed: 10778 chunks (66.82%), ETA: 0:12:18, Rate: 7.2 cps, Current: 36, -12
[26Jul2026 01:19:11.231] [Server thread/INFO] [net.minecraft.server.MinecraftServer/]: [Chunky] Task running for minecraft:overworld. Processed: 10790 chunks (66.90%), ETA: 0:12:10, Rate: 7.3 cps, Current: 35, -27
[26Jul2026 01:19:12.698] [Server thread/INFO] [net.minecraft.server.MinecraftServer/]: [Chunky] Task running for minecraft:overworld. Processed: 10791 chunks (66.90%), ETA: 0:12:52, Rate: 6.9 cps, Current: 37, -26
[26Jul2026 01:19:13.699] [Server thread/INFO] [net.minecraft.server.MinecraftServer/]: [Chunky] Task running for minecraft:overworld. Processed: 10801 chunks (66.97%), ETA: 0:12:37, Rate: 7.0 cps, Current: 37, -17
[26Jul2026 01:19:15.238] [Server thread/INFO] [net.minecraft.server.MinecraftServer/]: [Chunky] Task running for minecraft:overworld. Processed: 10817 chunks (67.07%), ETA: 0:12:15, Rate: 7.2 cps, Current: 38, -26
[26Jul2026 01:19:16.300] [Server thread/INFO] [net.minecraft.server.MinecraftServer/]: [Chunky] Task running for minecraft:overworld. Processed: 10832 chunks (67.16%), ETA: 0:11:47, Rate: 7.5 cps, Current: 38, -11
[26Jul2026 01:19:17.941] [Server thread/INFO] [net.minecraft.server.MinecraftServer/]: [Chunky] Task running for minecraft:overworld. Processed: 10844 chunks (67.23%), ETA: 0:11:46, Rate: 7.5 cps, Current: 39, -26
[26Jul2026 01:19:18.990] [Server thread/INFO] [net.minecraft.server.MinecraftServer/]: [Chunky] Task running for minecraft:overworld. Processed: 10858 chunks (67.32%), ETA: 0:11:05, Rate: 7.9 cps, Current: 39, -12
[26Jul2026 01:19:20.359] [Server thread/INFO] [net.minecraft.server.MinecraftServer/]: [Chunky] Task running for minecraft:overworld. Processed: 10865 chunks (67.36%), ETA: 0:11:02, Rate: 7.9 cps, Current: 39, -3
[26Jul2026 01:19:21.923] [Server thread/INFO] [net.minecraft.server.MinecraftServer/]: [Chunky] Task running for minecraft:overworld. Processed: 10870 chunks (67.39%), ETA: 0:11:08, Rate: 7.9 cps, Current: 37, -27
[26Jul2026 01:19:23.392] [Server thread/INFO] [net.minecraft.server.MinecraftServer/]: [Chunky] Task running for minecraft:overworld. Processed: 10871 chunks (67.40%), ETA: 0:11:49, Rate: 7.4 cps, Current: 40, -26
[26Jul2026 01:19:24.586] [Server thread/INFO] [net.minecraft.server.MinecraftServer/]: [Chunky] Task running for minecraft:overworld. Processed: 10885 chunks (67.49%), ETA: 0:09:48, Rate: 8.9 cps, Current: 40, -12
[26Jul2026 01:19:26.704] [Server thread/INFO] [net.minecraft.server.MinecraftServer/]: [Chunky] Task running for minecraft:overworld. Processed: 10897 chunks (67.56%), ETA: 0:10:03, Rate: 8.7 cps, Current: 41, -26
[26Jul2026 01:19:27.729] [Server thread/INFO] [net.minecraft.server.MinecraftServer/]: [Chunky] Task running for minecraft:overworld. Processed: 10909 chunks (67.64%), ETA: 0:09:54, Rate: 8.8 cps, Current: 41, -14
[26Jul2026 01:19:28.829] [Server thread/INFO] [net.minecraft.server.MinecraftServer/]: [Chunky] Task running for minecraft:overworld. Processed: 10923 chunks (67.72%), ETA: 0:09:43, Rate: 8.9 cps, Current: 42, -26
[26Jul2026 01:19:29.932] [Server thread/INFO] [net.minecraft.server.MinecraftServer/]: [Chunky] Task running for minecraft:overworld. Processed: 10937 chunks (67.81%), ETA: 0:09:44, Rate: 8.9 cps, Current: 42, -12
[26Jul2026 01:19:31.328] [Server thread/INFO] [net.minecraft.server.MinecraftServer/]: [Chunky] Task running for minecraft:overworld. Processed: 10951 chunks (67.90%), ETA: 0:09:23, Rate: 9.2 cps, Current: 40, -27
[26Jul2026 01:19:32.650] [Server thread/INFO] [net.minecraft.server.MinecraftServer/]: [Chunky] Task running for minecraft:overworld. Processed: 10953 chunks (67.91%), ETA: 0:09:46, Rate: 8.8 cps, Current: 43, -26
[26Jul2026 01:19:33.634] [Server thread/INFO] [net.minecraft.server.MinecraftServer/]: [Chunky] Task running for minecraft:overworld. Processed: 10964 chunks (67.98%), ETA: 0:09:57, Rate: 8.6 cps, Current: 43, -16
[26Jul2026 01:19:35.754] [Server thread/INFO] [net.minecraft.server.MinecraftServer/]: [Chunky] Task running for minecraft:overworld. Processed: 10972 chunks (68.03%), ETA: 0:10:40, Rate: 8.1 cps, Current: 43, -2
[26Jul2026 01:19:36.757] [Server thread/INFO] [net.minecraft.server.MinecraftServer/]: [Chunky] Task running for minecraft:overworld. Processed: 10985 chunks (68.11%), ETA: 0:10:35, Rate: 8.1 cps, Current: 44, -20
[26Jul2026 01:19:37.911] [Server thread/INFO] [net.minecraft.server.MinecraftServer/]: [Chunky] Task running for minecraft:overworld. Processed: 10998 chunks (68.19%), ETA: 0:10:35, Rate: 8.1 cps, Current: 44, -7
[26Jul2026 01:19:39.942] [Server thread/INFO] [net.minecraft.server.MinecraftServer/]: [Chunky] Task running for minecraft:overworld. Processed: 11007 chunks (68.24%), ETA: 0:11:14, Rate: 7.6 cps, Current: 45, -26
[26Jul2026 01:19:41.286] [Server thread/INFO] [net.minecraft.server.MinecraftServer/]: [Chunky] Task running for minecraft:overworld. Processed: 11014 chunks (68.29%), ETA: 0:10:52, Rate: 7.8 cps, Current: 45, -19
[26Jul2026 01:19:42.559] [Server thread/INFO] [net.minecraft.server.MinecraftServer/]: [Chunky] Task running for minecraft:overworld. Processed: 11019 chunks (68.32%), ETA: 0:11:06, Rate: 7.7 cps, Current: 45, -15
[26Jul2026 01:19:43.981] [Server thread/INFO] [net.minecraft.server.MinecraftServer/]: [Chunky] Task running for minecraft:overworld. Processed: 11022 chunks (68.34%), ETA: 0:11:52, Rate: 7.2 cps, Current: 45, -12
[26Jul2026 01:19:45.359] [Server thread/INFO] [net.minecraft.server.MinecraftServer/]: [Chunky] Task running for minecraft:overworld. Processed: 11027 chunks (68.37%), ETA: 0:12:36, Rate: 6.7 cps, Current: 45, -8
[26Jul2026 01:20:14.048] [Server thread/INFO] [net.minecraft.server.MinecraftServer/]: [Chunky] Task running for minecraft:overworld. Processed: 11033 chunks (68.40%), ETA: 5:48:05, Rate: 0.2 cps, Current: 44, -27
[26Jul2026 01:20:15.892] [Server thread/INFO] [net.minecraft.server.MinecraftServer/]: [Chunky] Task running for minecraft:overworld. Processed: 11035 chunks (68.42%), ETA: 0:52:11, Rate: 1.6 cps, Current: 46, -27
[26Jul2026 01:20:16.956] [Server thread/INFO] [net.minecraft.server.MinecraftServer/]: [Chunky] Task running for minecraft:overworld. Processed: 11049 chunks (68.50%), ETA: 0:14:28, Rate: 5.8 cps, Current: 46, -18
[26Jul2026 01:20:18.405] [Server thread/INFO] [net.minecraft.server.MinecraftServer/]: [Chunky] Task running for minecraft:overworld. Processed: 11059 chunks (68.57%), ETA: 0:13:38, Rate: 6.2 cps, Current: 46, -9
[26Jul2026 01:20:20.028] [Server thread/INFO] [net.minecraft.server.MinecraftServer/]: [Chunky] Task running for minecraft:overworld. Processed: 11062 chunks (68.58%), ETA: 0:16:50, Rate: 5.0 cps, Current: 46, -8
[26Jul2026 01:20:25.097] [Server thread/INFO] [net.minecraft.server.MinecraftServer/]: [Chunky] Task running for minecraft:overworld. Processed: 11069 chunks (68.63%), ETA: 0:25:11, Rate: 3.3 cps, Current: 1, -26
[26Jul2026 01:20:26.107] [Server thread/INFO] [net.minecraft.server.MinecraftServer/]: [Chunky] Task running for minecraft:overworld. Processed: 11075 chunks (68.67%), ETA: 0:23:37, Rate: 3.6 cps, Current: 1, -5
[26Jul2026 01:20:29.088] [Server thread/INFO] [net.minecraft.server.MinecraftServer/]: [Chunky] Task running for minecraft:overworld. Processed: 11096 chunks (68.80%), ETA: 0:19:42, Rate: 4.3 cps, Current: 2, -26
[26Jul2026 01:20:30.170] [Server thread/INFO] [net.minecraft.server.MinecraftServer/]: [Chunky] Task running for minecraft:overworld. Processed: 11097 chunks (68.80%), ETA: 0:20:48, Rate: 4.0 cps, Current: 2, -25
[26Jul2026 01:20:31.328] [Server thread/INFO] [net.minecraft.server.MinecraftServer/]: [Chunky] Task running for minecraft:overworld. Processed: 11106 chunks (68.86%), ETA: 0:19:32, Rate: 4.3 cps, Current: 2, -16
[26Jul2026 01:20:32.337] [Server thread/INFO] [net.minecraft.server.MinecraftServer/]: [Chunky] Task running for minecraft:overworld. Processed: 11121 chunks (68.95%), ETA: 0:17:09, Rate: 4.9 cps, Current: 0, -25
[26Jul2026 01:20:34.957] [Server thread/INFO] [net.minecraft.server.MinecraftServer/]: [Chunky] Task running for minecraft:overworld. Processed: 11142 chunks (69.08%), ETA: 0:15:47, Rate: 5.3 cps, Current: 3, -26
[26Jul2026 01:20:36.159] [Server thread/INFO] [net.minecraft.server.MinecraftServer/]: [Chunky] Task running for minecraft:overworld. Processed: 11154 chunks (69.15%), ETA: 0:15:01, Rate: 5.5 cps, Current: 3, -14
[26Jul2026 01:20:37.649] [Server thread/INFO] [net.minecraft.server.MinecraftServer/]: [Chunky] Task running for minecraft:overworld. Processed: 11161 chunks (69.20%), ETA: 0:15:08, Rate: 5.5 cps, Current: 3, -7
[26Jul2026 01:20:39.285] [Server thread/INFO] [net.minecraft.server.MinecraftServer/]: [Chunky] Task running for minecraft:overworld. Processed: 11168 chunks (69.24%), ETA: 0:15:20, Rate: 5.4 cps, Current: 4, -26
[26Jul2026 01:20:40.291] [Server thread/INFO] [net.minecraft.server.MinecraftServer/]: [Chunky] Task running for minecraft:overworld. Processed: 11181 chunks (69.32%), ETA: 0:14:31, Rate: 5.7 cps, Current: 4, -13
[26Jul2026 01:20:41.393] [Server thread/INFO] [net.minecraft.server.MinecraftServer/]: [Chunky] Task running for minecraft:overworld. Processed: 11194 chunks (69.40%), ETA: 0:13:53, Rate: 5.9 cps, Current: 2, -27
[26Jul2026 01:20:42.642] [Server thread/INFO] [net.minecraft.server.MinecraftServer/]: [Chunky] Task running for minecraft:overworld. Processed: 11196 chunks (69.42%), ETA: 0:14:20, Rate: 5.7 cps, Current: 5, -26
[26Jul2026 01:20:43.677] [Server thread/INFO] [net.minecraft.server.MinecraftServer/]: [Chunky] Task running for minecraft:overworld. Processed: 11207 chunks (69.48%), ETA: 0:13:53, Rate: 5.9 cps, Current: 5, -16
[26Jul2026 01:20:44.847] [Server thread/INFO] [net.minecraft.server.MinecraftServer/]: [Chunky] Task running for minecraft:overworld. Processed: 11222 chunks (69.58%), ETA: 0:12:35, Rate: 6.5 cps, Current: 4, -27
[26Jul2026 01:20:46.008] [Server thread/INFO] [net.minecraft.server.MinecraftServer/]: [Chunky] Task running for minecraft:overworld. Processed: 11227 chunks (69.61%), ETA: 0:13:15, Rate: 6.2 cps, Current: 6, -23
[26Jul2026 01:20:47.032] [Server thread/INFO] [net.minecraft.server.MinecraftServer/]: [Chunky] Task running for minecraft:overworld. Processed: 11240 chunks (69.69%), ETA: 0:12:48, Rate: 6.4 cps, Current: 6, -12
[26Jul2026 01:20:49.534] [Server thread/INFO] [net.minecraft.server.MinecraftServer/]: [Chunky] Task running for minecraft:overworld. Processed: 11251 chunks (69.76%), ETA: 0:12:37, Rate: 6.4 cps, Current: 7, -26
[26Jul2026 01:20:50.538] [Server thread/INFO] [net.minecraft.server.MinecraftServer/]: [Chunky] Task running for minecraft:overworld. Processed: 11260 chunks (69.81%), ETA: 0:10:45, Rate: 7.5 cps, Current: 7, -19
[26Jul2026 01:20:51.654] [Server thread/INFO] [net.minecraft.server.MinecraftServer/]: [Chunky] Task running for minecraft:overworld. Processed: 11266 chunks (69.85%), ETA: 0:10:52, Rate: 7.5 cps, Current: 7, -14
[26Jul2026 01:20:52.980] [Server thread/INFO] [net.minecraft.server.MinecraftServer/]: [Chunky] Task running for minecraft:overworld. Processed: 11280 chunks (69.94%), ETA: 0:10:37, Rate: 7.6 cps, Current: 8, -23
[26Jul2026 01:20:54.091] [Server thread/INFO] [net.minecraft.server.MinecraftServer/]: [Chunky] Task running for minecraft:overworld. Processed: 11295 chunks (70.03%), ETA: 0:10:17, Rate: 7.8 cps, Current: 8, -8
[26Jul2026 01:20:55.153] [Server thread/INFO] [net.minecraft.server.MinecraftServer/]: [Chunky] Task running for minecraft:overworld. Processed: 11303 chunks (70.08%), ETA: 0:10:12, Rate: 7.9 cps, Current: 7, -27
[26Jul2026 01:20:56.642] [Server thread/INFO] [net.minecraft.server.MinecraftServer/]: [Chunky] Task running for minecraft:overworld. Processed: 11305 chunks (70.09%), ETA: 0:10:32, Rate: 7.6 cps, Current: 9, -26
[26Jul2026 01:20:57.761] [Server thread/INFO] [net.minecraft.server.MinecraftServer/]: [Chunky] Task running for minecraft:overworld. Processed: 11310 chunks (70.12%), ETA: 0:10:42, Rate: 7.5 cps, Current: 9, -23
[26Jul2026 01:20:58.786] [Server thread/INFO] [net.minecraft.server.MinecraftServer/]: [Chunky] Task running for minecraft:overworld. Processed: 11326 chunks (70.22%), ETA: 0:10:17, Rate: 7.8 cps, Current: 9, -8
[26Jul2026 01:21:00.005] [Server thread/INFO] [net.minecraft.server.MinecraftServer/]: [Chunky] Task running for minecraft:overworld. Processed: 11344 chunks (70.33%), ETA: 0:09:35, Rate: 8.3 cps, Current: 10, -13
[26Jul2026 01:21:01.156] [Server thread/INFO] [net.minecraft.server.MinecraftServer/]: [Chunky] Task running for minecraft:overworld. Processed: 11351 chunks (70.38%), ETA: 0:09:39, Rate: 8.2 cps, Current: 10, -10
[26Jul2026 01:21:02.208] [Server thread/INFO] [net.minecraft.server.MinecraftServer/]: [Chunky] Task running for minecraft:overworld. Processed: 11370 chunks (70.49%), ETA: 0:09:28, Rate: 8.4 cps, Current: 11, -13
[26Jul2026 01:21:03.249] [Server thread/INFO] [net.minecraft.server.MinecraftServer/]: [Chunky] Task running for minecraft:overworld. Processed: 11383 chunks (70.57%), ETA: 0:09:14, Rate: 8.6 cps, Current: 12, -26
[26Jul2026 01:21:04.250] [Server thread/INFO] [net.minecraft.server.MinecraftServer/]: [Chunky] Task running for minecraft:overworld. Processed: 11398 chunks (70.67%), ETA: 0:08:59, Rate: 8.8 cps, Current: 12, -11
[26Jul2026 01:21:05.292] [Server thread/INFO] [net.minecraft.server.MinecraftServer/]: [Chunky] Task running for minecraft:overworld. Processed: 11411 chunks (70.75%), ETA: 0:08:52, Rate: 8.9 cps, Current: 13, -24
[26Jul2026 01:21:06.654] [Server thread/INFO] [net.minecraft.server.MinecraftServer/]: [Chunky] Task running for minecraft:overworld. Processed: 11423 chunks (70.82%), ETA: 0:08:39, Rate: 9.1 cps, Current: 13, -12
[26Jul2026 01:21:07.740] [Server thread/INFO] [net.minecraft.server.MinecraftServer/]: [Chunky] Task running for minecraft:overworld. Processed: 11436 chunks (70.90%), ETA: 0:08:16, Rate: 9.5 cps, Current: 14, -25
[26Jul2026 01:21:08.790] [Server thread/INFO] [net.minecraft.server.MinecraftServer/]: [Chunky] Task running for minecraft:overworld. Processed: 11452 chunks (71.00%), ETA: 0:08:04, Rate: 9.7 cps, Current: 14, -9
[26Jul2026 01:21:09.834] [Server thread/INFO] [net.minecraft.server.MinecraftServer/]: [Chunky] Task running for minecraft:overworld. Processed: 11464 chunks (71.08%), ETA: 0:08:05, Rate: 9.6 cps, Current: 15, -23
[26Jul2026 01:21:10.892] [Server thread/INFO] [net.minecraft.server.MinecraftServer/]: [Chunky] Task running for minecraft:overworld. Processed: 11480 chunks (71.18%), ETA: 0:07:57, Rate: 9.7 cps, Current: 15, -9
[26Jul2026 01:21:12.082] [Server thread/INFO] [net.minecraft.server.MinecraftServer/]: [Chunky] Task running for minecraft:overworld. Processed: 11496 chunks (71.28%), ETA: 0:07:33, Rate: 10.2 cps, Current: 16, -19
[26Jul2026 01:21:13.229] [Server thread/INFO] [net.minecraft.server.MinecraftServer/]: [Chunky] Task running for minecraft:overworld. Processed: 11515 chunks (71.39%), ETA: 0:07:21, Rate: 10.5 cps, Current: 11, -27
[26Jul2026 01:21:14.290] [Server thread/INFO] [net.minecraft.server.MinecraftServer/]: [Chunky] Task running for minecraft:overworld. Processed: 11522 chunks (71.44%), ETA: 0:07:30, Rate: 10.2 cps, Current: 17, -20
[26Jul2026 01:21:15.325] [Server thread/INFO] [net.minecraft.server.MinecraftServer/]: [Chunky] Task running for minecraft:overworld. Processed: 11534 chunks (71.51%), ETA: 0:07:17, Rate: 10.5 cps, Current: 17, -8
[26Jul2026 01:21:16.335] [Server thread/INFO] [net.minecraft.server.MinecraftServer/]: [Chunky] Task running for minecraft:overworld. Processed: 11548 chunks (71.60%), ETA: 0:07:14, Rate: 10.5 cps, Current: 18, -20
[26Jul2026 01:21:17.401] [Server thread/INFO] [net.minecraft.server.MinecraftServer/]: [Chunky] Task running for minecraft:overworld. Processed: 11562 chunks (71.68%), ETA: 0:06:47, Rate: 11.2 cps, Current: 18, -1
[26Jul2026 01:21:18.440] [Server thread/INFO] [net.minecraft.server.MinecraftServer/]: [Chunky] Task running for minecraft:overworld. Processed: 11577 chunks (71.78%), ETA: 0:06:42, Rate: 11.3 cps, Current: 14, -27
[26Jul2026 01:21:19.447] [Server thread/INFO] [net.minecraft.server.MinecraftServer/]: [Chunky] Task running for minecraft:overworld. Processed: 11592 chunks (71.87%), ETA: 0:06:36, Rate: 11.4 cps, Current: 19, -1
[26Jul2026 01:21:20.588] [Server thread/INFO] [net.minecraft.server.MinecraftServer/]: [Chunky] Task running for minecraft:overworld. Processed: 11607 chunks (71.96%), ETA: 0:06:22, Rate: 11.8 cps, Current: 20, -16
[26Jul2026 01:21:21.847] [Server thread/INFO] [net.minecraft.server.MinecraftServer/]: [Chunky] Task running for minecraft:overworld. Processed: 11623 chunks (72.06%), ETA: 0:06:18, Rate: 11.9 cps, Current: 21, -26
[26Jul2026 01:21:22.858] [Server thread/INFO] [net.minecraft.server.MinecraftServer/]: [Chunky] Task running for minecraft:overworld. Processed: 11631 chunks (72.11%), ETA: 0:06:21, Rate: 11.8 cps, Current: 21, -18
[26Jul2026 01:21:23.909] [Server thread/INFO] [net.minecraft.server.MinecraftServer/]: [Chunky] Task running for minecraft:overworld. Processed: 11643 chunks (72.19%), ETA: 0:06:23, Rate: 11.7 cps, Current: 21, -1
[26Jul2026 01:21:24.956] [Server thread/INFO] [net.minecraft.server.MinecraftServer/]: [Chunky] Task running for minecraft:overworld. Processed: 11657 chunks (72.27%), ETA: 0:06:15, Rate: 11.9 cps, Current: 22, -20
[26Jul2026 01:21:26.388] [Server thread/INFO] [net.minecraft.server.MinecraftServer/]: [Chunky] Task running for minecraft:overworld. Processed: 11677 chunks (72.40%), ETA: 0:05:55, Rate: 12.5 cps, Current: 23, -26
[26Jul2026 01:21:27.410] [Server thread/INFO] [net.minecraft.server.MinecraftServer/]: [Chunky] Task running for minecraft:overworld. Processed: 11688 chunks (72.47%), ETA: 0:05:47, Rate: 12.8 cps, Current: 23, -15
[26Jul2026 01:21:28.411] [Server thread/INFO] [net.minecraft.server.MinecraftServer/]: [Chunky] Task running for minecraft:overworld. Processed: 11700 chunks (72.54%), ETA: 0:05:49, Rate: 12.7 cps, Current: 23, -5
[26Jul2026 01:21:29.423] [Server thread/INFO] [net.minecraft.server.MinecraftServer/]: [Chunky] Task running for minecraft:overworld. Processed: 11714 chunks (72.63%), ETA: 0:05:50, Rate: 12.6 cps, Current: 24, -17
[26Jul2026 01:21:30.649] [Server thread/INFO] [net.minecraft.server.MinecraftServer/]: [Chunky] Task running for minecraft:overworld. Processed: 11732 chunks (72.74%), ETA: 0:05:39, Rate: 13.0 cps, Current: 25, -26
[26Jul2026 01:21:31.752] [Server thread/INFO] [net.minecraft.server.MinecraftServer/]: [Chunky] Task running for minecraft:overworld. Processed: 11747 chunks (72.83%), ETA: 0:05:42, Rate: 12.8 cps, Current: 26, -26
[26Jul2026 01:21:32.759] [Server thread/INFO] [net.minecraft.server.MinecraftServer/]: [Chunky] Task running for minecraft:overworld. Processed: 11763 chunks (72.93%), ETA: 0:05:38, Rate: 12.9 cps, Current: 26, -12
[26Jul2026 01:21:33.775] [Server thread/INFO] [net.minecraft.server.MinecraftServer/]: [Chunky] Task running for minecraft:overworld. Processed: 11778 chunks (73.02%), ETA: 0:05:37, Rate: 12.9 cps, Current: 26, -6
[26Jul2026 01:21:34.879] [Server thread/INFO] [net.minecraft.server.MinecraftServer/]: [Chunky] Task running for minecraft:overworld. Processed: 11795 chunks (73.13%), ETA: 0:05:33, Rate: 13.0 cps, Current: 27, -19
[26Jul2026 01:21:36.184] [Server thread/INFO] [net.minecraft.server.MinecraftServer/]: [Chunky] Task running for minecraft:overworld. Processed: 11906 chunks (73.82%), ETA: 0:04:17, Rate: 16.4 cps, Current: 31, -8
[26Jul2026 01:21:39.606] [Server thread/INFO] [net.minecraft.server.MinecraftServer/]: [Chunky] Task running for minecraft:overworld. Processed: 11914 chunks (73.87%), ETA: 0:04:38, Rate: 15.1 cps, Current: 20, -27
[26Jul2026 01:21:45.129] [Server thread/INFO] [net.minecraft.server.MinecraftServer/]: [Chunky] Task running for minecraft:overworld. Processed: 11916 chunks (73.88%), ETA: 0:05:27, Rate: 12.9 cps, Current: 22, -27
[26Jul2026 01:22:17.383] [Server thread/INFO] [net.minecraft.server.MinecraftServer/]: [Chunky] Task running for minecraft:overworld. Processed: 11928 chunks (73.95%), ETA: 0:11:12, Rate: 6.3 cps, Current: -32, -10
[26Jul2026 01:22:18.459] [Server thread/INFO] [net.minecraft.server.MinecraftServer/]: [Chunky] Task running for minecraft:overworld. Processed: 11936 chunks (74.00%), ETA: 0:09:53, Rate: 7.1 cps, Current: -31, -3
[26Jul2026 01:22:19.586] [Server thread/INFO] [net.minecraft.server.MinecraftServer/]: [Chunky] Task running for minecraft:overworld. Processed: 11940 chunks (74.03%), ETA: 0:12:29, Rate: 5.6 cps, Current: -31, -25
[26Jul2026 01:22:20.590] [Server thread/INFO] [net.minecraft.server.MinecraftServer/]: [Chunky] Task running for minecraft:overworld. Processed: 11950 chunks (74.09%), ETA: 0:10:16, Rate: 6.8 cps, Current: -31, -15
[26Jul2026 01:22:22.980] [Server thread/INFO] [net.minecraft.server.MinecraftServer/]: [Chunky] Task running for minecraft:overworld. Processed: 11962 chunks (74.16%), ETA: 0:11:24, Rate: 6.1 cps, Current: -30, -26
[26Jul2026 01:22:23.989] [Server thread/INFO] [net.minecraft.server.MinecraftServer/]: [Chunky] Task running for minecraft:overworld. Processed: 11970 chunks (74.21%), ETA: 0:10:54, Rate: 6.4 cps, Current: -30, -18
[26Jul2026 01:22:25.186] [Server thread/INFO] [net.minecraft.server.MinecraftServer/]: [Chunky] Task running for minecraft:overworld. Processed: 11978 chunks (74.26%), ETA: 0:10:48, Rate: 6.4 cps, Current: -30, -10
[26Jul2026 01:22:26.228] [Server thread/INFO] [net.minecraft.server.MinecraftServer/]: [Chunky] Task running for minecraft:overworld. Processed: 11995 chunks (74.37%), ETA: 0:09:10, Rate: 7.5 cps, Current: -32, -23
[26Jul2026 01:22:28.727] [Server thread/INFO] [net.minecraft.server.MinecraftServer/]: [Chunky] Task running for minecraft:overworld. Processed: 12006 chunks (74.44%), ETA: 0:10:01, Rate: 6.9 cps, Current: -29, -26
[26Jul2026 01:22:30.497] [Server thread/INFO] [net.minecraft.server.MinecraftServer/]: [Chunky] Task running for minecraft:overworld. Processed: 12019 chunks (74.52%), ETA: 0:09:54, Rate: 6.9 cps, Current: -29, -13
[26Jul2026 01:22:31.899] [Server thread/INFO] [net.minecraft.server.MinecraftServer/]: [Chunky] Task running for minecraft:overworld. Processed: 12032 chunks (74.60%), ETA: 0:09:34, Rate: 7.1 cps, Current: -30, -27
[26Jul2026 01:22:32.904] [Server thread/INFO] [net.minecraft.server.MinecraftServer/]: [Chunky] Task running for minecraft:overworld. Processed: 12038 chunks (74.64%), ETA: 0:09:39, Rate: 7.1 cps, Current: -28, -21
[26Jul2026 01:22:33.928] [Server thread/INFO] [net.minecraft.server.MinecraftServer/]: [Chunky] Task running for minecraft:overworld. Processed: 12047 chunks (74.69%), ETA: 0:09:29, Rate: 7.2 cps, Current: -28, -13
[26Jul2026 01:22:35.971] [Server thread/INFO] [net.minecraft.server.MinecraftServer/]: [Chunky] Task running for minecraft:overworld. Processed: 12059 chunks (74.77%), ETA: 0:09:39, Rate: 7.0 cps, Current: -29, -27
[26Jul2026 01:22:36.979] [Server thread/INFO] [net.minecraft.server.MinecraftServer/]: [Chunky] Task running for minecraft:overworld. Processed: 12062 chunks (74.78%), ETA: 0:09:55, Rate: 6.8 cps, Current: -27, -24
[26Jul2026 01:22:38.060] [Server thread/INFO] [net.minecraft.server.MinecraftServer/]: [Chunky] Task running for minecraft:overworld. Processed: 12074 chunks (74.86%), ETA: 0:09:35, Rate: 7.0 cps, Current: -27, -14
[26Jul2026 01:22:39.405] [Server thread/INFO] [net.minecraft.server.MinecraftServer/]: [Chunky] Task running for minecraft:overworld. Processed: 12086 chunks (74.93%), ETA: 0:09:25, Rate: 7.2 cps, Current: -26, -26
[26Jul2026 01:22:40.529] [Server thread/INFO] [net.minecraft.server.MinecraftServer/]: [Chunky] Task running for minecraft:overworld. Processed: 12095 chunks (74.99%), ETA: 0:09:20, Rate: 7.2 cps, Current: -26, -17
[26Jul2026 01:22:41.594] [Server thread/INFO] [net.minecraft.server.MinecraftServer/]: [Chunky] Task running for minecraft:overworld. Processed: 12112 chunks (75.09%), ETA: 0:08:50, Rate: 7.6 cps, Current: -28, -27
[26Jul2026 01:22:43.958] [Server thread/INFO] [net.minecraft.server.MinecraftServer/]: [Chunky] Task running for minecraft:overworld. Processed: 12114 chunks (75.11%), ETA: 0:09:34, Rate: 7.0 cps, Current: -25, -26
[26Jul2026 01:22:45.043] [Server thread/INFO] [net.minecraft.server.MinecraftServer/]: [Chunky] Task running for minecraft:overworld. Processed: 12123 chunks (75.16%), ETA: 0:09:29, Rate: 7.0 cps, Current: -25, -18
[26Jul2026 01:22:46.089] [Server thread/INFO] [net.minecraft.server.MinecraftServer/]: [Chunky] Task running for minecraft:overworld. Processed: 12134 chunks (75.23%), ETA: 0:09:17, Rate: 7.2 cps, Current: -25, -4
[26Jul2026 01:22:47.128] [Server thread/INFO] [net.minecraft.server.MinecraftServer/]: [Chunky] Task running for minecraft:overworld. Processed: 12143 chunks (75.29%), ETA: 0:09:09, Rate: 7.3 cps, Current: -24, -23
[26Jul2026 01:22:48.139] [Server thread/INFO] [net.minecraft.server.MinecraftServer/]: [Chunky] Task running for minecraft:overworld. Processed: 12159 chunks (75.39%), ETA: 0:08:46, Rate: 7.5 cps, Current: -24, -3
[26Jul2026 01:22:49.355] [Server thread/INFO] [net.minecraft.server.MinecraftServer/]: [Chunky] Task running for minecraft:overworld. Processed: 12170 chunks (75.45%), ETA: 0:08:30, Rate: 7.8 cps, Current: -23, -2
[26Jul2026 01:22:50.503] [Server thread/INFO] [net.minecraft.server.MinecraftServer/]: [Chunky] Task running for minecraft:overworld. Processed: 12171 chunks (75.46%), ETA: 0:08:53, Rate: 7.4 cps, Current: -23, -26
[26Jul2026 01:22:51.509] [Server thread/INFO] [net.minecraft.server.MinecraftServer/]: [Chunky] Task running for minecraft:overworld. Processed: 12188 chunks (75.57%), ETA: 0:08:15, Rate: 8.0 cps, Current: -23, -12
[26Jul2026 01:22:52.594] [Server thread/INFO] [net.minecraft.server.MinecraftServer/]: [Chunky] Task running for minecraft:overworld. Processed: 12201 chunks (75.65%), ETA: 0:08:04, Rate: 8.1 cps, Current: -22, -22
[26Jul2026 01:22:53.648] [Server thread/INFO] [net.minecraft.server.MinecraftServer/]: [Chunky] Task running for minecraft:overworld. Processed: 12214 chunks (75.73%), ETA: 0:07:53, Rate: 8.3 cps, Current: -22, -10
[26Jul2026 01:22:54.706] [Server thread/INFO] [net.minecraft.server.MinecraftServer/]: [Chunky] Task running for minecraft:overworld. Processed: 12230 chunks (75.83%), ETA: 0:07:34, Rate: 8.6 cps, Current: -21, -17
[26Jul2026 01:22:55.710] [Server thread/INFO] [net.minecraft.server.MinecraftServer/]: [Chunky] Task running for minecraft:overworld. Processed: 12242 chunks (75.90%), ETA: 0:07:42, Rate: 8.4 cps, Current: -21, -4
[26Jul2026 01:22:56.802] [Server thread/INFO] [net.minecraft.server.MinecraftServer/]: [Chunky] Task running for minecraft:overworld. Processed: 12253 chunks (75.97%), ETA: 0:07:18, Rate: 8.8 cps, Current: -20, -20
[26Jul2026 01:22:58.080] [Server thread/INFO] [net.minecraft.server.MinecraftServer/]: [Chunky] Task running for minecraft:overworld. Processed: 12273 chunks (76.09%), ETA: 0:07:02, Rate: 9.1 cps, Current: -19, -26
[26Jul2026 01:22:59.087] [Server thread/INFO] [net.minecraft.server.MinecraftServer/]: [Chunky] Task running for minecraft:overworld. Processed: 12284 chunks (76.16%), ETA: 0:06:53, Rate: 9.3 cps, Current: -19, -15
[26Jul2026 01:23:00.204] [Server thread/INFO] [net.minecraft.server.MinecraftServer/]: [Chunky] Task running for minecraft:overworld. Processed: 12299 chunks (76.25%), ETA: 0:06:44, Rate: 9.5 cps, Current: -18, -26
[26Jul2026 01:23:01.207] [Server thread/INFO] [net.minecraft.server.MinecraftServer/]: [Chunky] Task running for minecraft:overworld. Processed: 12317 chunks (76.37%), ETA: 0:06:30, Rate: 9.8 cps, Current: -21, -27
[26Jul2026 01:23:02.238] [Server thread/INFO] [net.minecraft.server.MinecraftServer/]: [Chunky] Task running for minecraft:overworld. Processed: 12329 chunks (76.44%), ETA: 0:06:21, Rate: 10.0 cps, Current: -17, -26
[26Jul2026 01:23:03.325] [Server thread/INFO] [net.minecraft.server.MinecraftServer/]: [Chunky] Task running for minecraft:overworld. Processed: 12345 chunks (76.54%), ETA: 0:06:12, Rate: 10.2 cps, Current: -17, -10
[26Jul2026 01:23:04.380] [Server thread/INFO] [net.minecraft.server.MinecraftServer/]: [Chunky] Task running for minecraft:overworld. Processed: 12360 chunks (76.63%), ETA: 0:05:54, Rate: 10.6 cps, Current: -16, -21
[26Jul2026 01:23:05.494] [Server thread/INFO] [net.minecraft.server.MinecraftServer/]: [Chunky] Task running for minecraft:overworld. Processed: 12375 chunks (76.73%), ETA: 0:05:49, Rate: 10.7 cps, Current: -16, -7
[26Jul2026 01:23:06.579] [Server thread/INFO] [net.minecraft.server.MinecraftServer/]: [Chunky] Task running for minecraft:overworld. Processed: 12388 chunks (76.81%), ETA: 0:05:38, Rate: 11.0 cps, Current: -15, -20
[26Jul2026 01:23:07.638] [Server thread/INFO] [net.minecraft.server.MinecraftServer/]: [Chunky] Task running for minecraft:overworld. Processed: 12407 chunks (76.92%), ETA: 0:05:29, Rate: 11.3 cps, Current: -15, -3
[26Jul2026 01:23:08.704] [Server thread/INFO] [net.minecraft.server.MinecraftServer/]: [Chunky] Task running for minecraft:overworld. Processed: 12418 chunks (76.99%), ETA: 0:05:26, Rate: 11.4 cps, Current: -14, -16
[26Jul2026 01:23:09.828] [Server thread/INFO] [net.minecraft.server.MinecraftServer/]: [Chunky] Task running for minecraft:overworld. Processed: 12435 chunks (77.10%), ETA: 0:05:17, Rate: 11.6 cps, Current: -13, -26
[26Jul2026 01:23:10.999] [Server thread/INFO] [net.minecraft.server.MinecraftServer/]: [Chunky] Task running for minecraft:overworld. Processed: 12451 chunks (77.20%), ETA: 0:05:18, Rate: 11.6 cps, Current: -13, -10
[26Jul2026 01:23:12.101] [Server thread/INFO] [net.minecraft.server.MinecraftServer/]: [Chunky] Task running for minecraft:overworld. Processed: 12468 chunks (77.30%), ETA: 0:04:50, Rate: 12.6 cps, Current: -12, -19
[26Jul2026 01:23:13.135] [Server thread/INFO] [net.minecraft.server.MinecraftServer/]: [Chunky] Task running for minecraft:overworld. Processed: 12484 chunks (77.40%), ETA: 0:04:46, Rate: 12.7 cps, Current: -12, -4
[26Jul2026 01:23:14.136] [Server thread/INFO] [net.minecraft.server.MinecraftServer/]: [Chunky] Task running for minecraft:overworld. Processed: 12496 chunks (77.48%), ETA: 0:04:42, Rate: 12.9 cps, Current: -11, -17
[26Jul2026 01:23:15.143] [Server thread/INFO] [net.minecraft.server.MinecraftServer/]: [Chunky] Task running for minecraft:overworld. Processed: 12512 chunks (77.57%), ETA: 0:04:37, Rate: 13.0 cps, Current: -11, -4
[26Jul2026 01:23:16.179] [Server thread/INFO] [net.minecraft.server.MinecraftServer/]: [Chunky] Task running for minecraft:overworld. Processed: 12525 chunks (77.66%), ETA: 0:04:33, Rate: 13.2 cps, Current: -10, -16
[26Jul2026 01:23:17.435] [Server thread/INFO] [net.minecraft.server.MinecraftServer/]: [Chunky] Task running for minecraft:overworld. Processed: 12541 chunks (77.75%), ETA: 0:04:34, Rate: 13.1 cps, Current: -9, -26
[26Jul2026 01:23:18.478] [Server thread/INFO] [net.minecraft.server.MinecraftServer/]: [Chunky] Task running for minecraft:overworld. Processed: 12555 chunks (77.84%), ETA: 0:04:29, Rate: 13.3 cps, Current: -9, -12
[26Jul2026 01:23:19.552] [Server thread/INFO] [net.minecraft.server.MinecraftServer/]: [Chunky] Task running for minecraft:overworld. Processed: 12569 chunks (77.93%), ETA: 0:04:19, Rate: 13.7 cps, Current: -8, -25
[26Jul2026 01:23:20.660] [Server thread/INFO] [net.minecraft.server.MinecraftServer/]: [Chunky] Task running for minecraft:overworld. Processed: 12586 chunks (78.03%), ETA: 0:04:18, Rate: 13.7 cps, Current: -8, -11
[26Jul2026 01:23:21.676] [Server thread/INFO] [net.minecraft.server.MinecraftServer/]: [Chunky] Task running for minecraft:overworld. Processed: 12600 chunks (78.12%), ETA: 0:04:16, Rate: 13.8 cps, Current: -7, -22
[26Jul2026 01:23:22.685] [Server thread/INFO] [net.minecraft.server.MinecraftServer/]: [Chunky] Task running for minecraft:overworld. Processed: 12617 chunks (78.23%), ETA: 0:04:12, Rate: 13.9 cps, Current: -6, -23
[26Jul2026 01:23:23.777] [Server thread/INFO] [net.minecraft.server.MinecraftServer/]: [Chunky] Task running for minecraft:overworld. Processed: 12632 chunks (78.32%), ETA: 0:04:12, Rate: 13.9 cps, Current: -7, -3
[26Jul2026 01:23:24.843] [Server thread/INFO] [net.minecraft.server.MinecraftServer/]: [Chunky] Task running for minecraft:overworld. Processed: 12655 chunks (78.46%), ETA: 0:04:04, Rate: 14.2 cps, Current: -5, -21
[26Jul2026 01:23:25.878] [Server thread/INFO] [net.minecraft.server.MinecraftServer/]: [Chunky] Task running for minecraft:overworld. Processed: 12731 chunks (78.93%), ETA: 0:03:26, Rate: 16.5 cps, Current: -2, -13
[26Jul2026 01:23:29.650] [Server thread/INFO] [net.minecraft.server.MinecraftServer/]: [Chunky] Task running for minecraft:overworld. Processed: 12778 chunks (79.22%), ETA: 0:03:25, Rate: 16.3 cps, Current: -12, -27
[26Jul2026 01:24:11.300] [Server thread/INFO] [net.minecraft.server.MinecraftServer/]: [Chunky] Task running for minecraft:overworld. Processed: 12794 chunks (79.32%), ETA: 0:01:12, Rate: 46.3 cps, Current: -64, -6
[26Jul2026 01:24:12.854] [Server thread/INFO] [net.minecraft.server.MinecraftServer/]: [Chunky] Task running for minecraft:overworld. Processed: 12803 chunks (79.38%), ETA: 0:06:34, Rate: 8.4 cps, Current: -63, -26
[26Jul2026 01:24:13.907] [Server thread/INFO] [net.minecraft.server.MinecraftServer/]: [Chunky] Task running for minecraft:overworld. Processed: 12810 chunks (79.42%), ETA: 0:07:09, Rate: 7.7 cps, Current: -63, -19
[26Jul2026 01:24:15.181] [Server thread/INFO] [net.minecraft.server.MinecraftServer/]: [Chunky] Task running for minecraft:overworld. Processed: 12827 chunks (79.53%), ETA: 0:05:46, Rate: 9.5 cps, Current: -62, -26
[26Jul2026 01:24:16.358] [Server thread/INFO] [net.minecraft.server.MinecraftServer/]: [Chunky] Task running for minecraft:overworld. Processed: 12841 chunks (79.61%), ETA: 0:05:26, Rate: 10.1 cps, Current: -62, -12
[26Jul2026 01:24:18.159] [Server thread/INFO] [net.minecraft.server.MinecraftServer/]: [Chunky] Task running for minecraft:overworld. Processed: 12853 chunks (79.69%), ETA: 0:05:56, Rate: 9.2 cps, Current: -61, -26
[26Jul2026 01:24:19.197] [Server thread/INFO] [net.minecraft.server.MinecraftServer/]: [Chunky] Task running for minecraft:overworld. Processed: 12861 chunks (79.74%), ETA: 0:06:03, Rate: 9.0 cps, Current: -64, -14
[26Jul2026 01:24:20.549] [Server thread/INFO] [net.minecraft.server.MinecraftServer/]: [Chunky] Task running for minecraft:overworld. Processed: 12876 chunks (79.83%), ETA: 0:05:49, Rate: 9.3 cps, Current: -61, -9
[26Jul2026 01:24:21.588] [Server thread/INFO] [net.minecraft.server.MinecraftServer/]: [Chunky] Task running for minecraft:overworld. Processed: 12893 chunks (79.94%), ETA: 0:05:23, Rate: 10.0 cps, Current: -63, -27
[26Jul2026 01:24:22.591] [Server thread/INFO] [net.minecraft.server.MinecraftServer/]: [Chunky] Task running for minecraft:overworld. Processed: 12903 chunks (80.00%), ETA: 0:05:22, Rate: 10.0 cps, Current: -60, -19
[26Jul2026 01:24:24.947] [Server thread/INFO] [net.minecraft.server.MinecraftServer/]: [Chunky] Task running for minecraft:overworld. Processed: 12922 chunks (80.12%), ETA: 0:05:31, Rate: 9.7 cps, Current: -62, -27
[26Jul2026 01:24:27.453] [Server thread/INFO] [net.minecraft.server.MinecraftServer/]: [Chunky] Task running for minecraft:overworld. Processed: 12925 chunks (80.14%), ETA: 0:06:23, Rate: 8.4 cps, Current: -59, -26
[26Jul2026 01:24:28.550] [Server thread/INFO] [net.minecraft.server.MinecraftServer/]: [Chunky] Task running for minecraft:overworld. Processed: 12935 chunks (80.20%), ETA: 0:06:19, Rate: 8.4 cps, Current: -59, -17
[26Jul2026 01:24:29.907] [Server thread/INFO] [net.minecraft.server.MinecraftServer/]: [Chunky] Task running for minecraft:overworld. Processed: 12945 chunks (80.26%), ETA: 0:06:21, Rate: 8.3 cps, Current: -59, -7
[26Jul2026 01:24:31.347] [Server thread/INFO] [net.minecraft.server.MinecraftServer/]: [Chunky] Task running for minecraft:overworld. Processed: 12952 chunks (80.30%), ETA: 0:06:32, Rate: 8.1 cps, Current: -58, -26
[26Jul2026 01:24:32.403] [Server thread/INFO] [net.minecraft.server.MinecraftServer/]: [Chunky] Task running for minecraft:overworld. Processed: 12964 chunks (80.38%), ETA: 0:06:23, Rate: 8.3 cps, Current: -58, -16
[26Jul2026 01:24:33.701] [Server thread/INFO] [net.minecraft.server.MinecraftServer/]: [Chunky] Task running for minecraft:overworld. Processed: 12971 chunks (80.42%), ETA: 0:06:30, Rate: 8.1 cps, Current: -58, -3
[26Jul2026 01:24:35.443] [Server thread/INFO] [net.minecraft.server.MinecraftServer/]: [Chunky] Task running for minecraft:overworld. Processed: 12979 chunks (80.47%), ETA: 0:06:42, Rate: 7.8 cps, Current: -57, -26
[26Jul2026 01:24:36.452] [Server thread/INFO] [net.minecraft.server.MinecraftServer/]: [Chunky] Task running for minecraft:overworld. Processed: 12991 chunks (80.54%), ETA: 0:06:32, Rate: 8.0 cps, Current: -57, -17
[26Jul2026 01:24:37.595] [Server thread/INFO] [net.minecraft.server.MinecraftServer/]: [Chunky] Task running for minecraft:overworld. Processed: 13005 chunks (80.63%), ETA: 0:06:21, Rate: 8.2 cps, Current: -57, -27
[26Jul2026 01:24:38.698] [Server thread/INFO] [net.minecraft.server.MinecraftServer/]: [Chunky] Task running for minecraft:overworld. Processed: 13013 chunks (80.68%), ETA: 0:06:22, Rate: 8.1 cps, Current: -56, -2
[26Jul2026 01:24:39.703] [Server thread/INFO] [net.minecraft.server.MinecraftServer/]: [Chunky] Task running for minecraft:overworld. Processed: 13032 chunks (80.80%), ETA: 0:06:03, Rate: 8.5 cps, Current: -56, -27
[26Jul2026 01:24:40.736] [Server thread/INFO] [net.minecraft.server.MinecraftServer/]: [Chunky] Task running for minecraft:overworld. Processed: 13034 chunks (80.81%), ETA: 0:06:13, Rate: 8.3 cps, Current: -55, -25
[26Jul2026 01:24:41.792] [Server thread/INFO] [net.minecraft.server.MinecraftServer/]: [Chunky] Task running for minecraft:overworld. Processed: 13048 chunks (80.90%), ETA: 0:06:02, Rate: 8.5 cps, Current: -55, -15
[26Jul2026 01:24:42.828] [Server thread/INFO] [net.minecraft.server.MinecraftServer/]: [Chunky] Task running for minecraft:overworld. Processed: 13064 chunks (81.00%), ETA: 0:05:50, Rate: 8.7 cps, Current: -54, -21
[26Jul2026 01:24:44.145] [Server thread/INFO] [net.minecraft.server.MinecraftServer/]: [Chunky] Task running for minecraft:overworld. Processed: 13085 chunks (81.13%), ETA: 0:05:40, Rate: 8.9 cps, Current: -53, -26
[26Jul2026 01:24:45.180] [Server thread/INFO] [net.minecraft.server.MinecraftServer/]: [Chunky] Task running for minecraft:overworld. Processed: 13098 chunks (81.21%), ETA: 0:05:34, Rate: 9.1 cps, Current: -53, -13
[26Jul2026 01:24:46.438] [Server thread/INFO] [net.minecraft.server.MinecraftServer/]: [Chunky] Task running for minecraft:overworld. Processed: 13115 chunks (81.31%), ETA: 0:05:24, Rate: 9.3 cps, Current: -52, -22
[26Jul2026 01:24:47.486] [Server thread/INFO] [net.minecraft.server.MinecraftServer/]: [Chunky] Task running for minecraft:overworld. Processed: 13130 chunks (81.41%), ETA: 0:05:16, Rate: 9.5 cps, Current: -52, -8
[26Jul2026 01:24:48.677] [Server thread/INFO] [net.minecraft.server.MinecraftServer/]: [Chunky] Task running for minecraft:overworld. Processed: 13149 chunks (81.52%), ETA: 0:05:03, Rate: 9.8 cps, Current: -51, -14
[26Jul2026 01:24:49.700] [Server thread/INFO] [net.minecraft.server.MinecraftServer/]: [Chunky] Task running for minecraft:overworld. Processed: 13163 chunks (81.61%), ETA: 0:05:00, Rate: 9.9 cps, Current: -50, -26
[26Jul2026 01:24:50.775] [Server thread/INFO] [net.minecraft.server.MinecraftServer/]: [Chunky] Task running for minecraft:overworld. Processed: 13181 chunks (81.72%), ETA: 0:04:57, Rate: 9.9 cps, Current: -50, -9
[26Jul2026 01:24:51.839] [Server thread/INFO] [net.minecraft.server.MinecraftServer/]: [Chunky] Task running for minecraft:overworld. Processed: 13195 chunks (81.81%), ETA: 0:04:52, Rate: 10.0 cps, Current: -49, -21
[26Jul2026 01:24:52.849] [Server thread/INFO] [net.minecraft.server.MinecraftServer/]: [Chunky] Task running for minecraft:overworld. Processed: 13215 chunks (81.93%), ETA: 0:04:36, Rate: 10.5 cps, Current: -49, -2
[26Jul2026 01:24:53.911] [Server thread/INFO] [net.minecraft.server.MinecraftServer/]: [Chunky] Task running for minecraft:overworld. Processed: 13220 chunks (81.96%), ETA: 0:04:41, Rate: 10.3 cps, Current: -48, -23
[26Jul2026 01:24:55.211] [Server thread/INFO] [net.minecraft.server.MinecraftServer/]: [Chunky] Task running for minecraft:overworld. Processed: 13239 chunks (82.08%), ETA: 0:04:14, Rate: 11.3 cps, Current: -48, -7
[26Jul2026 01:24:56.212] [Server thread/INFO] [net.minecraft.server.MinecraftServer/]: [Chunky] Task running for minecraft:overworld. Processed: 13258 chunks (82.20%), ETA: 0:04:07, Rate: 11.6 cps, Current: -47, -14
[26Jul2026 01:24:57.244] [Server thread/INFO] [net.minecraft.server.MinecraftServer/]: [Chunky] Task running for minecraft:overworld. Processed: 13272 chunks (82.29%), ETA: 0:04:04, Rate: 11.7 cps, Current: -46, -26
[26Jul2026 01:24:58.327] [Server thread/INFO] [net.minecraft.server.MinecraftServer/]: [Chunky] Task running for minecraft:overworld. Processed: 13287 chunks (82.38%), ETA: 0:03:59, Rate: 11.9 cps, Current: -46, -11
[26Jul2026 01:24:59.343] [Server thread/INFO] [net.minecraft.server.MinecraftServer/]: [Chunky] Task running for minecraft:overworld. Processed: 13300 chunks (82.46%), ETA: 0:03:53, Rate: 12.1 cps, Current: -45, -24
[26Jul2026 01:25:00.395] [Server thread/INFO] [net.minecraft.server.MinecraftServer/]: [Chunky] Task running for minecraft:overworld. Processed: 13318 chunks (82.57%), ETA: 0:03:42, Rate: 12.6 cps, Current: -45, -6
[26Jul2026 01:25:01.451] [Server thread/INFO] [net.minecraft.server.MinecraftServer/]: [Chunky] Task running for minecraft:overworld. Processed: 13333 chunks (82.66%), ETA: 0:03:39, Rate: 12.7 cps, Current: -44, -17
[26Jul2026 01:25:02.713] [Server thread/INFO] [net.minecraft.server.MinecraftServer/]: [Chunky] Task running for minecraft:overworld. Processed: 13351 chunks (82.78%), ETA: 0:03:31, Rate: 13.1 cps, Current: -43, -26
[26Jul2026 01:25:03.795] [Server thread/INFO] [net.minecraft.server.MinecraftServer/]: [Chunky] Task running for minecraft:overworld. Processed: 13367 chunks (82.88%), ETA: 0:03:21, Rate: 13.7 cps, Current: -43, -11
[26Jul2026 01:25:04.808] [Server thread/INFO] [net.minecraft.server.MinecraftServer/]: [Chunky] Task running for minecraft:overworld. Processed: 13381 chunks (82.96%), ETA: 0:03:20, Rate: 13.7 cps, Current: -42, -24
[26Jul2026 01:25:05.810] [Server thread/INFO] [net.minecraft.server.MinecraftServer/]: [Chunky] Task running for minecraft:overworld. Processed: 13398 chunks (83.07%), ETA: 0:03:16, Rate: 13.9 cps, Current: -42, -7
[26Jul2026 01:25:06.886] [Server thread/INFO] [net.minecraft.server.MinecraftServer/]: [Chunky] Task running for minecraft:overworld. Processed: 13413 chunks (83.16%), ETA: 0:03:14, Rate: 14.0 cps, Current: -41, -19
[26Jul2026 01:25:08.077] [Server thread/INFO] [net.minecraft.server.MinecraftServer/]: [Chunky] Task running for minecraft:overworld. Processed: 13433 chunks (83.28%), ETA: 0:03:08, Rate: 14.3 cps, Current: -40, -26
[26Jul2026 01:25:09.300] [Server thread/INFO] [net.minecraft.server.MinecraftServer/]: [Chunky] Task running for minecraft:overworld. Processed: 13449 chunks (83.38%), ETA: 0:03:09, Rate: 14.1 cps, Current: -40, -10
[26Jul2026 01:25:10.396] [Server thread/INFO] [net.minecraft.server.MinecraftServer/]: [Chunky] Task running for minecraft:overworld. Processed: 13463 chunks (83.47%), ETA: 0:03:03, Rate: 14.5 cps, Current: -39, -23
[26Jul2026 01:25:11.401] [Server thread/INFO] [net.minecraft.server.MinecraftServer/]: [Chunky] Task running for minecraft:overworld. Processed: 13485 chunks (83.61%), ETA: 0:02:58, Rate: 14.8 cps, Current: -38, -16
[26Jul2026 01:25:12.427] [Server thread/INFO] [net.minecraft.server.MinecraftServer/]: [Chunky] Task running for minecraft:overworld. Processed: 13499 chunks (83.69%), ETA: 0:02:58, Rate: 14.7 cps, Current: -39, -7
[26Jul2026 01:25:13.492] [Server thread/INFO] [net.minecraft.server.MinecraftServer/]: [Chunky] Task running for minecraft:overworld. Processed: 13526 chunks (83.86%), ETA: 0:02:52, Rate: 15.1 cps, Current: -36, -22
[26Jul2026 01:25:23.044] [Server thread/INFO] [net.minecraft.server.MinecraftServer/]: [Chunky] Task running for minecraft:overworld. Processed: 13644 chunks (84.59%), ETA: 0:02:50, Rate: 14.6 cps, Current: -42, -27
[26Jul2026 01:25:33.694] [Server thread/INFO] [AllTheLeaks/]: Listing events...
[26Jul2026 01:25:33.695] [Server thread/INFO] [AllTheLeaks/]: Server Player Logout: 3
[26Jul2026 01:25:33.695] [Server thread/INFO] [AllTheLeaks/]: Listing memory leaks so far...
[26Jul2026 01:25:33.695] [Server thread/INFO] [AllTheLeaks/]: B: 873MB / C: 2568MB / Diff: +1695MB
[26Jul2026 01:25:33.695] [Server thread/INFO] [AllTheLeaks/]: Memory Leaks detected: (/atl force_refresh to update)
[26Jul2026 01:25:33.695] [Server thread/INFO] [AllTheLeaks/]: | ChunkAccess:
[26Jul2026 01:25:33.695] [Server thread/INFO] [AllTheLeaks/]: |- LevelChunk (minecraft): 8255
[26Jul2026 01:25:33.695] [Server thread/INFO] [AllTheLeaks/]: | Player:
[26Jul2026 01:25:33.695] [Server thread/INFO] [AllTheLeaks/]: |- ServerPlayer (minecraft): 3
[26Jul2026 01:25:35.814] [Worker-Main-3/WARN] [com.finndog.mvs.MVSCommon/]: Moog's Voyager Structures: Empty or nonexistent pool: mvs:farm/side_pool which is being called from mvs:nature/long_oak_pathway
[26Jul2026 01:25:35.814] [Worker-Main-3/WARN] [com.finndog.mvs.MVSCommon/]: Moog's Voyager Structures: Empty or nonexistent pool: mvs:farm/side_pool which is being called from mvs:nature/long_oak_pathway
[26Jul2026 01:25:35.814] [Worker-Main-3/WARN] [com.finndog.mvs.MVSCommon/]: Moog's Voyager Structures: Empty or nonexistent pool: mvs:farm/side_pool which is being called from mvs:nature/long_oak_pathway
[26Jul2026 01:25:35.814] [Worker-Main-3/WARN] [com.finndog.mvs.MVSCommon/]: Moog's Voyager Structures: Empty or nonexistent pool: mvs:farm/side_pool which is being called from mvs:nature/long_oak_pathway
[26Jul2026 01:25:35.814] [Worker-Main-3/WARN] [com.finndog.mvs.MVSCommon/]: Moog's Voyager Structures: Empty or nonexistent pool: mvs:farm/side_pool which is being called from mvs:nature/long_oak_pathway
[26Jul2026 01:25:58.734] [Server thread/INFO] [net.minecraft.server.MinecraftServer/]: [Chunky] Task running for minecraft:overworld. Processed: 13657 chunks (84.67%), ETA: 0:01:07, Rate: 36.7 cps, Current: -79, -25
[26Jul2026 01:26:00.010] [Server thread/INFO] [net.minecraft.server.MinecraftServer/]: [Chunky] Task running for minecraft:overworld. Processed: 13664 chunks (84.72%), ETA: 0:05:10, Rate: 7.9 cps, Current: -78, -26
[26Jul2026 01:26:01.789] [Server thread/INFO] [net.minecraft.server.MinecraftServer/]: [Chunky] Task running for minecraft:overworld. Processed: 13673 chunks (84.77%), ETA: 0:06:28, Rate: 6.3 cps, Current: -79, -13
[26Jul2026 01:26:02.993] [Server thread/INFO] [net.minecraft.server.MinecraftServer/]: [Chunky] Task running for minecraft:overworld. Processed: 13687 chunks (84.86%), ETA: 0:05:13, Rate: 7.8 cps, Current: -78, -9
[26Jul2026 01:26:04.128] [Server thread/INFO] [net.minecraft.server.MinecraftServer/]: [Chunky] Task running for minecraft:overworld. Processed: 13698 chunks (84.93%), ETA: 0:04:57, Rate: 8.2 cps, Current: -77, -26
[26Jul2026 01:26:05.153] [Server thread/INFO] [net.minecraft.server.MinecraftServer/]: [Chunky] Task running for minecraft:overworld. Processed: 13712 chunks (85.01%), ETA: 0:04:27, Rate: 9.0 cps, Current: -77, -14
[26Jul2026 01:26:06.303] [Server thread/INFO] [net.minecraft.server.MinecraftServer/]: [Chunky] Task running for minecraft:overworld. Processed: 13726 chunks (85.10%), ETA: 0:04:12, Rate: 9.5 cps, Current: -76, -26
[26Jul2026 01:26:07.351] [Server thread/INFO] [net.minecraft.server.MinecraftServer/]: [Chunky] Task running for minecraft:overworld. Processed: 13739 chunks (85.18%), ETA: 0:04:02, Rate: 9.9 cps, Current: -76, -13
[26Jul2026 01:26:08.407] [Server thread/INFO] [net.minecraft.server.MinecraftServer/]: [Chunky] Task running for minecraft:overworld. Processed: 13748 chunks (85.24%), ETA: 0:04:05, Rate: 9.7 cps, Current: -76, -4
[26Jul2026 01:26:09.407] [Server thread/INFO] [net.minecraft.server.MinecraftServer/]: [Chunky] Task running for minecraft:overworld. Processed: 13757 chunks (85.29%), ETA: 0:04:05, Rate: 9.6 cps, Current: -75, -19
[26Jul2026 01:26:10.443] [Server thread/INFO] [net.minecraft.server.MinecraftServer/]: [Chunky] Task running for minecraft:overworld. Processed: 13767 chunks (85.36%), ETA: 0:04:04, Rate: 9.6 cps, Current: -75, -12
[26Jul2026 01:26:11.682] [Server thread/INFO] [net.minecraft.server.MinecraftServer/]: [Chunky] Task running for minecraft:overworld. Processed: 13779 chunks (85.43%), ETA: 0:04:03, Rate: 9.6 cps, Current: -74, -26
[26Jul2026 01:26:12.723] [Server thread/INFO] [net.minecraft.server.MinecraftServer/]: [Chunky] Task running for minecraft:overworld. Processed: 13794 chunks (85.52%), ETA: 0:03:53, Rate: 10.0 cps, Current: -74, -11
[26Jul2026 01:26:14.235] [Server thread/INFO] [net.minecraft.server.MinecraftServer/]: [Chunky] Task running for minecraft:overworld. Processed: 13804 chunks (85.58%), ETA: 0:04:00, Rate: 9.7 cps, Current: -73, -26
[26Jul2026 01:26:15.249] [Server thread/INFO] [net.minecraft.server.MinecraftServer/]: [Chunky] Task running for minecraft:overworld. Processed: 13820 chunks (85.68%), ETA: 0:03:49, Rate: 10.0 cps, Current: -73, -10
[26Jul2026 01:26:16.291] [Server thread/INFO] [net.minecraft.server.MinecraftServer/]: [Chunky] Task running for minecraft:overworld. Processed: 13829 chunks (85.74%), ETA: 0:03:50, Rate: 10.0 cps, Current: -72, -26
[26Jul2026 01:26:17.298] [Server thread/INFO] [net.minecraft.server.MinecraftServer/]: [Chunky] Task running for minecraft:overworld. Processed: 13839 chunks (85.80%), ETA: 0:03:49, Rate: 10.0 cps, Current: -72, -16
[26Jul2026 01:26:18.360] [Server thread/INFO] [net.minecraft.server.MinecraftServer/]: [Chunky] Task running for minecraft:overworld. Processed: 13851 chunks (85.88%), ETA: 0:03:47, Rate: 10.0 cps, Current: -72, -12
[26Jul2026 01:26:19.610] [Server thread/INFO] [net.minecraft.server.MinecraftServer/]: [Chunky] Task running for minecraft:overworld. Processed: 13866 chunks (85.97%), ETA: 0:03:42, Rate: 10.2 cps, Current: -71, -27
[26Jul2026 01:26:20.658] [Server thread/INFO] [net.minecraft.server.MinecraftServer/]: [Chunky] Task running for minecraft:overworld. Processed: 13875 chunks (86.03%), ETA: 0:03:43, Rate: 10.1 cps, Current: -71, -18
[26Jul2026 01:26:21.742] [Server thread/INFO] [net.minecraft.server.MinecraftServer/]: [Chunky] Task running for minecraft:overworld. Processed: 13886 chunks (86.09%), ETA: 0:03:42, Rate: 10.1 cps, Current: -71, -12
[26Jul2026 01:26:22.977] [Server thread/INFO] [net.minecraft.server.MinecraftServer/]: [Chunky] Task running for minecraft:overworld. Processed: 13909 chunks (86.24%), ETA: 0:03:31, Rate: 10.5 cps, Current: -71, -3
[26Jul2026 01:26:23.998] [Server thread/INFO] [net.minecraft.server.MinecraftServer/]: [Chunky] Task running for minecraft:overworld. Processed: 13923 chunks (86.32%), ETA: 0:03:27, Rate: 10.6 cps, Current: -69, -21
[26Jul2026 01:26:25.002] [Server thread/INFO] [net.minecraft.server.MinecraftServer/]: [Chunky] Task running for minecraft:overworld. Processed: 13951 chunks (86.50%), ETA: 0:03:12, Rate: 11.3 cps, Current: -69, -9
[26Jul2026 01:26:26.025] [Server thread/INFO] [net.minecraft.server.MinecraftServer/]: [Chunky] Task running for minecraft:overworld. Processed: 14035 chunks (87.02%), ETA: 0:02:30, Rate: 13.9 cps, Current: -65, -14
[26Jul2026 01:26:27.804] [Server thread/INFO] [net.minecraft.server.MinecraftServer/]: [Chunky] Task running for minecraft:overworld. Processed: 14053 chunks (87.13%), ETA: 0:02:31, Rate: 13.7 cps, Current: -80, -18
[26Jul2026 01:26:30.577] [Server thread/INFO] [net.minecraft.server.MinecraftServer/]: [Chunky] Task running for minecraft:overworld. Processed: 14056 chunks (87.15%), ETA: 0:02:35, Rate: 13.3 cps, Current: -80, -15
[26Jul2026 01:26:31.843] [Server thread/INFO] [net.minecraft.server.MinecraftServer/]: [Chunky] Task running for minecraft:overworld. Processed: 14059 chunks (87.17%), ETA: 0:02:40, Rate: 12.9 cps, Current: -80, -12
[26Jul2026 01:26:33.501] [Server thread/INFO] [net.minecraft.server.MinecraftServer/]: [Chunky] Task running for minecraft:overworld. Processed: 14063 chunks (87.19%), ETA: 0:02:45, Rate: 12.5 cps, Current: -73, -1
[26Jul2026 01:26:38.808] [Worker-Main-2/WARN] [lithostitched/]: Non-existent template pool reference: minecraft:cook_additions_1_pool
[26Jul2026 01:26:38.808] [Worker-Main-2/WARN] [lithostitched/]: Non-existent template pool reference: minecraft:cook_additions_2_pool
[26Jul2026 01:26:38.808] [Worker-Main-2/WARN] [lithostitched/]: Non-existent template pool reference: minecraft:cook_additions_3_pool
[26Jul2026 01:26:38.808] [Worker-Main-2/WARN] [lithostitched/]: Non-existent template pool reference: minecraft:cook_additions_4_pool
[26Jul2026 01:26:38.808] [Worker-Main-2/WARN] [lithostitched/]: Non-existent template pool reference: minecraft:cook_end_1_pool
[26Jul2026 01:26:38.808] [Worker-Main-2/WARN] [lithostitched/]: Non-existent template pool reference: minecraft:cook_additions_3_pool
[26Jul2026 01:26:38.808] [Worker-Main-2/WARN] [lithostitched/]: Non-existent template pool reference: minecraft:cook_additions_3_pool
[26Jul2026 01:26:38.808] [Worker-Main-2/WARN] [lithostitched/]: Non-existent template pool reference: minecraft:cook_end_1_pool
[26Jul2026 01:26:38.808] [Worker-Main-2/WARN] [lithostitched/]: Non-existent template pool reference: minecraft:cook_end_1_pool
[26Jul2026 01:26:42.299] [Server thread/INFO] [net.minecraft.server.MinecraftServer/]: [Chunky] Task running for minecraft:overworld. Processed: 14072 chunks (87.25%), ETA: 0:03:38, Rate: 9.4 cps, Current: -74, -1
[26Jul2026 01:26:44.839] [Server thread/INFO] [net.minecraft.server.MinecraftServer/]: [Chunky] Task running for minecraft:overworld. Processed: 14074 chunks (87.26%), ETA: 0:03:58, Rate: 8.6 cps, Current: -76, -1
[26Jul2026 01:26:47.836] [Server thread/INFO] [net.minecraft.server.MinecraftServer/]: [Chunky] Task running for minecraft:overworld. Processed: 14075 chunks (87.27%), ETA: 0:04:29, Rate: 7.6 cps, Current: -77, -1
[26Jul2026 01:27:07.598] [Server thread/INFO] [net.minecraft.server.MinecraftServer/]: [Chunky] Task running for minecraft:overworld. Processed: 14076 chunks (87.27%), ETA: 2:53:07, Rate: 0.2 cps, Current: -78, -1
[26Jul2026 01:27:11.839] [Server thread/INFO] [net.minecraft.server.MinecraftServer/]: [Chunky] Task running for minecraft:overworld. Processed: 14077 chunks (87.28%), ETA: 2:48:22, Rate: 0.2 cps, Current: -79, -1
[26Jul2026 01:27:13.148] [Server thread/INFO] [net.minecraft.server.MinecraftServer/]: [Chunky] Task running for minecraft:overworld. Processed: 14086 chunks (87.33%), ETA: 1:14:08, Rate: 0.5 cps, Current: -79, 8
[26Jul2026 01:27:14.340] [Server thread/INFO] [net.minecraft.server.MinecraftServer/]: [Chunky] Task running for minecraft:overworld. Processed: 14092 chunks (87.37%), ETA: 0:52:42, Rate: 0.6 cps, Current: -79, 14
[26Jul2026 01:27:16.031] [Server thread/INFO] [net.minecraft.server.MinecraftServer/]: [Chunky] Task running for minecraft:overworld. Processed: 14100 chunks (87.42%), ETA: 0:36:40, Rate: 0.9 cps, Current: -79, 22
[26Jul2026 01:27:17.441] [Server thread/INFO] [net.minecraft.server.MinecraftServer/]: [Chunky] Task running for minecraft:overworld. Processed: 14108 chunks (87.47%), ETA: 0:29:19, Rate: 1.1 cps, Current: -78, 2
[26Jul2026 01:27:18.589] [Server thread/INFO] [net.minecraft.server.MinecraftServer/]: [Chunky] Task running for minecraft:overworld. Processed: 14123 chunks (87.56%), ETA: 0:07:39, Rate: 4.4 cps, Current: -78, 15
[26Jul2026 01:27:19.835] [Server thread/INFO] [net.minecraft.server.MinecraftServer/]: [Chunky] Task running for minecraft:overworld. Processed: 14124 chunks (87.57%), ETA: 0:08:20, Rate: 4.0 cps, Current: -78, 16
[26Jul2026 01:27:20.904] [Server thread/INFO] [net.minecraft.server.MinecraftServer/]: [Chunky] Task running for minecraft:overworld. Processed: 14135 chunks (87.64%), ETA: 0:07:22, Rate: 4.5 cps, Current: -78, 24
[26Jul2026 01:27:22.039] [Server thread/INFO] [net.minecraft.server.MinecraftServer/]: [Chunky] Task running for minecraft:overworld. Processed: 14144 chunks (87.69%), ETA: 0:06:55, Rate: 4.8 cps, Current: -80, -2
[26Jul2026 01:27:23.096] [Server thread/INFO] [net.minecraft.server.MinecraftServer/]: [Chunky] Task running for minecraft:overworld. Processed: 14160 chunks (87.79%), ETA: 0:05:59, Rate: 5.5 cps, Current: -77, 9
[26Jul2026 01:27:24.107] [Server thread/INFO] [net.minecraft.server.MinecraftServer/]: [Chunky] Task running for minecraft:overworld. Processed: 14173 chunks (87.87%), ETA: 0:05:29, Rate: 5.9 cps, Current: -77, 15
[26Jul2026 01:27:25.136] [Server thread/INFO] [net.minecraft.server.MinecraftServer/]: [Chunky] Task running for minecraft:overworld. Processed: 14190 chunks (87.98%), ETA: 0:04:55, Rate: 6.6 cps, Current: -76, 1
[26Jul2026 01:27:26.194] [Server thread/INFO] [net.minecraft.server.MinecraftServer/]: [Chunky] Task running for minecraft:overworld. Processed: 14206 chunks (88.08%), ETA: 0:04:32, Rate: 7.0 cps, Current: -76, 17
[26Jul2026 01:27:27.255] [Server thread/INFO] [net.minecraft.server.MinecraftServer/]: [Chunky] Task running for minecraft:overworld. Processed: 14219 chunks (88.16%), ETA: 0:04:20, Rate: 7.3 cps, Current: -76, 30
[26Jul2026 01:27:28.257] [Server thread/INFO] [net.minecraft.server.MinecraftServer/]: [Chunky] Task running for minecraft:overworld. Processed: 14237 chunks (88.27%), ETA: 0:04:01, Rate: 7.8 cps, Current: -75, 17
[26Jul2026 01:27:29.378] [Server thread/INFO] [net.minecraft.server.MinecraftServer/]: [Chunky] Task running for minecraft:overworld. Processed: 14252 chunks (88.36%), ETA: 0:03:50, Rate: 8.1 cps, Current: -74, 1
[26Jul2026 01:27:30.438] [Server thread/INFO] [net.minecraft.server.MinecraftServer/]: [Chunky] Task running for minecraft:overworld. Processed: 14270 chunks (88.47%), ETA: 0:03:37, Rate: 8.5 cps, Current: -74, 19
[26Jul2026 01:27:31.486] [Server thread/INFO] [net.minecraft.server.MinecraftServer/]: [Chunky] Task running for minecraft:overworld. Processed: 14282 chunks (88.55%), ETA: 0:03:33, Rate: 8.7 cps, Current: -73, 0
[26Jul2026 01:27:32.493] [Server thread/INFO] [net.minecraft.server.MinecraftServer/]: [Chunky] Task running for minecraft:overworld. Processed: 14301 chunks (88.67%), ETA: 0:03:21, Rate: 9.1 cps, Current: -73, 16
[26Jul2026 01:27:33.561] [Server thread/INFO] [net.minecraft.server.MinecraftServer/]: [Chunky] Task running for minecraft:overworld. Processed: 14311 chunks (88.73%), ETA: 0:03:20, Rate: 9.1 cps, Current: -73, 26
[26Jul2026 01:27:34.706] [Server thread/INFO] [net.minecraft.server.MinecraftServer/]: [Chunky] Task running for minecraft:overworld. Processed: 14320 chunks (88.78%), ETA: 0:03:20, Rate: 9.0 cps, Current: -72, 4
[26Jul2026 01:27:35.721] [Server thread/INFO] [net.minecraft.server.MinecraftServer/]: [Chunky] Task running for minecraft:overworld. Processed: 14335 chunks (88.88%), ETA: 0:03:14, Rate: 9.2 cps, Current: -80, 16
[26Jul2026 01:27:36.743] [Server thread/INFO] [net.minecraft.server.MinecraftServer/]: [Chunky] Task running for minecraft:overworld. Processed: 14351 chunks (88.98%), ETA: 0:03:07, Rate: 9.5 cps, Current: -72, 30
[26Jul2026 01:27:37.747] [Server thread/INFO] [net.minecraft.server.MinecraftServer/]: [Chunky] Task running for minecraft:overworld. Processed: 14371 chunks (89.10%), ETA: 0:02:34, Rate: 11.4 cps, Current: -70, 7
[26Jul2026 01:27:38.830] [Server thread/INFO] [net.minecraft.server.MinecraftServer/]: [Chunky] Task running for minecraft:overworld. Processed: 14385 chunks (89.19%), ETA: 0:02:32, Rate: 11.4 cps, Current: -71, 20
[26Jul2026 01:27:39.843] [Server thread/INFO] [net.minecraft.server.MinecraftServer/]: [Chunky] Task running for minecraft:overworld. Processed: 14395 chunks (89.25%), ETA: 0:02:32, Rate: 11.4 cps, Current: -71, 28
[26Jul2026 01:27:40.845] [Server thread/INFO] [net.minecraft.server.MinecraftServer/]: [Chunky] Task running for minecraft:overworld. Processed: 14409 chunks (89.34%), ETA: 0:02:29, Rate: 11.5 cps, Current: -69, 0
[26Jul2026 01:27:41.862] [Server thread/INFO] [net.minecraft.server.MinecraftServer/]: [Chunky] Task running for minecraft:overworld. Processed: 14447 chunks (89.57%), ETA: 0:02:13, Rate: 12.6 cps, Current: -69, 17
[26Jul2026 01:27:42.879] [Server thread/INFO] [net.minecraft.server.MinecraftServer/]: [Chunky] Task running for minecraft:overworld. Processed: 14537 chunks (90.13%), ETA: 0:01:44, Rate: 15.2 cps, Current: -66, 30
[26Jul2026 01:27:45.342] [Server thread/INFO] [net.minecraft.server.MinecraftServer/]: [Chunky] Task running for minecraft:overworld. Processed: 14573 chunks (90.35%), ETA: 0:01:36, Rate: 16.2 cps, Current: -80, 22
[26Jul2026 01:27:46.373] [Server thread/INFO] [net.minecraft.server.MinecraftServer/]: [Chunky] Task running for minecraft:overworld. Processed: 14574 chunks (90.36%), ETA: 0:01:36, Rate: 16.1 cps, Current: -80, 23
[26Jul2026 01:27:51.049] [Server thread/INFO] [net.minecraft.server.MinecraftServer/]: [Chunky] Task running for minecraft:overworld. Processed: 14575 chunks (90.37%), ETA: 0:01:44, Rate: 14.9 cps, Current: -80, 24
[26Jul2026 01:27:53.050] [Worker-Main-3/WARN] [com.finndog.mvs.MVSCommon/]: Moog's Voyager Structures: Empty or nonexistent pool: mvs:farm/side_pool which is being called from mvs:other_decoration/wheat_grain_bin
[26Jul2026 01:27:55.439] [Server thread/INFO] [net.minecraft.server.MinecraftServer/]: [Chunky] Task running for minecraft:overworld. Processed: 14578 chunks (90.38%), ETA: 0:02:01, Rate: 12.8 cps, Current: -80, 27
[26Jul2026 01:27:58.684] [Server thread/INFO] [net.minecraft.server.MinecraftServer/]: [Chunky] Task running for minecraft:overworld. Processed: 14582 chunks (90.41%), ETA: 0:02:16, Rate: 11.3 cps, Current: -72, 31
[26Jul2026 01:28:04.224] [Worker-Main-3/WARN] [com.finndog.mvs.MVSCommon/]: Moog's Voyager Structures: Empty or nonexistent pool: mvs:farm/side_pool which is being called from mvs:other_decoration/wooden_wheat_farm
[26Jul2026 01:28:05.135] [Server thread/INFO] [net.minecraft.server.MinecraftServer/]: [Chunky] Task running for minecraft:overworld. Processed: 14591 chunks (90.46%), ETA: 0:02:56, Rate: 8.7 cps, Current: -74, 31
[26Jul2026 01:28:06.673] [Server thread/INFO] [net.minecraft.server.MinecraftServer/]: [Chunky] Task running for minecraft:overworld. Processed: 14592 chunks (90.47%), ETA: 0:03:10, Rate: 8.1 cps, Current: -75, 31
[26Jul2026 01:28:08.830] [Server thread/INFO] [net.minecraft.server.MinecraftServer/]: [Chunky] Task running for minecraft:overworld. Processed: 14593 chunks (90.48%), ETA: 0:03:40, Rate: 7.0 cps, Current: -78, 31
[26Jul2026 01:28:11.544] [Worker-Main-2/WARN] [lithostitched/]: Non-existent template pool reference: minecraft:house_basement_pool
[26Jul2026 01:28:11.547] [Worker-Main-2/WARN] [lithostitched/]: Non-existent template pool reference: minecraft:monster_hunter_additions_3_pool
[26Jul2026 01:28:11.547] [Worker-Main-2/WARN] [lithostitched/]: Non-existent template pool reference: minecraft:monster_hunter_additions_3_pool
[26Jul2026 01:28:11.547] [Worker-Main-2/WARN] [lithostitched/]: Non-existent template pool reference: minecraft:monster_hunter_end_1_pool
[26Jul2026 01:28:14.400] [Worker-Main-1/WARN] [lithostitched/]: Non-existent template pool reference: minecraft:house_basement_pool
[26Jul2026 01:28:14.400] [Worker-Main-1/WARN] [lithostitched/]: Non-existent template pool reference: minecraft:monster_hunter_additions_3_pool
[26Jul2026 01:28:14.403] [Worker-Main-1/WARN] [lithostitched/]: Non-existent template pool reference: minecraft:monster_hunter_additions_3_pool
[26Jul2026 01:28:14.403] [Worker-Main-1/WARN] [lithostitched/]: Non-existent template pool reference: minecraft:monster_hunter_end_1_pool
[26Jul2026 01:28:23.438] [Server thread/INFO] [net.minecraft.server.MinecraftServer/]: [Chunky] Task running for minecraft:overworld. Processed: 14596 chunks (90.50%), ETA: 0:37:39, Rate: 0.7 cps, Current: -79, 31
[26Jul2026 01:28:24.545] [Server thread/INFO] [net.minecraft.server.MinecraftServer/]: [Chunky] Task running for minecraft:overworld. Processed: 14605 chunks (90.55%), ETA: 0:26:24, Rate: 1.0 cps, Current: -79, 40
[26Jul2026 01:28:42.987] [Server thread/INFO] [net.minecraft.server.MinecraftServer/]: Unknown or incomplete command, see below for error
[26Jul2026 01:28:42.987] [Server thread/INFO] [net.minecraft.server.MinecraftServer/]: Ss<--[HERE]
[26Jul2026 01:28:50.627] [Server thread/INFO] [net.minecraft.server.MinecraftServer/]: [Chunky] Task running for minecraft:overworld. Processed: 14607 chunks (90.56%), ETA: 0:57:28, Rate: 0.4 cps, Current: -79, 42
[26Jul2026 01:28:51.827] [Server thread/INFO] [net.minecraft.server.MinecraftServer/]: [Chunky] Task running for minecraft:overworld. Processed: 14617 chunks (90.63%), ETA: 0:32:31, Rate: 0.8 cps, Current: -78, 32
[26Jul2026 01:28:52.850] [Server thread/INFO] [net.minecraft.server.MinecraftServer/]: [Chunky] Task running for minecraft:overworld. Processed: 14630 chunks (90.71%), ETA: 0:20:59, Rate: 1.2 cps, Current: -79, 57
[26Jul2026 01:28:53.895] [Server thread/INFO] [net.minecraft.server.MinecraftServer/]: [Chunky] Task running for minecraft:overworld. Processed: 14644 chunks (90.79%), ETA: 0:18:09, Rate: 1.4 cps, Current: -78, 50
[26Jul2026 01:28:54.951] [Server thread/INFO] [net.minecraft.server.MinecraftServer/]: [Chunky] Task running for minecraft:overworld. Processed: 14656 chunks (90.87%), ETA: 0:02:07, Rate: 11.6 cps, Current: -78, 61
[26Jul2026 01:28:56.391] [Server thread/INFO] [net.minecraft.server.MinecraftServer/]: [Chunky] Task running for minecraft:overworld. Processed: 14663 chunks (90.91%), ETA: 0:02:28, Rate: 9.9 cps, Current: -77, 38
[26Jul2026 01:28:57.732] [Server thread/INFO] [net.minecraft.server.MinecraftServer/]: [Chunky] Task running for minecraft:overworld. Processed: 14675 chunks (90.99%), ETA: 0:02:29, Rate: 9.7 cps, Current: -77, 50
[26Jul2026 01:28:58.808] [Server thread/INFO] [net.minecraft.server.MinecraftServer/]: [Chunky] Task running for minecraft:overworld. Processed: 14683 chunks (91.03%), ETA: 0:02:33, Rate: 9.4 cps, Current: -77, 56
[26Jul2026 01:28:59.827] [Server thread/INFO] [net.minecraft.server.MinecraftServer/]: [Chunky] Task running for minecraft:overworld. Processed: 14697 chunks (91.12%), ETA: 0:02:24, Rate: 9.9 cps, Current: -76, 39
[26Jul2026 01:29:00.844] [Server thread/INFO] [net.minecraft.server.MinecraftServer/]: [Chunky] Task running for minecraft:overworld. Processed: 14710 chunks (91.20%), ETA: 0:02:19, Rate: 10.2 cps, Current: -76, 52
[26Jul2026 01:29:01.876] [Server thread/INFO] [net.minecraft.server.MinecraftServer/]: [Chunky] Task running for minecraft:overworld. Processed: 14717 chunks (91.25%), ETA: 0:02:23, Rate: 9.9 cps, Current: -76, 59
[26Jul2026 01:29:02.906] [Server thread/INFO] [net.minecraft.server.MinecraftServer/]: [Chunky] Task running for minecraft:overworld. Processed: 14727 chunks (91.31%), ETA: 0:02:22, Rate: 9.9 cps, Current: -75, 32
[26Jul2026 01:29:05.751] [Server thread/INFO] [net.minecraft.server.MinecraftServer/]: [Chunky] Task running for minecraft:overworld. Processed: 14731 chunks (91.33%), ETA: 0:02:49, Rate: 8.3 cps, Current: -75, 36
[26Jul2026 01:29:06.770] [Server thread/INFO] [net.minecraft.server.MinecraftServer/]: [Chunky] Task running for minecraft:overworld. Processed: 14742 chunks (91.40%), ETA: 0:02:44, Rate: 8.4 cps, Current: -75, 44
[26Jul2026 01:29:07.804] [Server thread/INFO] [net.minecraft.server.MinecraftServer/]: [Chunky] Task running for minecraft:overworld. Processed: 14754 chunks (91.47%), ETA: 0:02:39, Rate: 8.6 cps, Current: -80, 44
[26Jul2026 01:29:08.973] [Server thread/INFO] [net.minecraft.server.MinecraftServer/]: [Chunky] Task running for minecraft:overworld. Processed: 14768 chunks (91.56%), ETA: 0:02:34, Rate: 8.8 cps, Current: -75, 57
[26Jul2026 01:29:10.181] [Server thread/INFO] [net.minecraft.server.MinecraftServer/]: [Chunky] Task running for minecraft:overworld. Processed: 14781 chunks (91.64%), ETA: 0:02:30, Rate: 8.9 cps, Current: -74, 39
[26Jul2026 01:29:11.208] [Server thread/INFO] [net.minecraft.server.MinecraftServer/]: [Chunky] Task running for minecraft:overworld. Processed: 14794 chunks (91.72%), ETA: 0:02:26, Rate: 9.1 cps, Current: -74, 52
[26Jul2026 01:29:12.244] [Server thread/INFO] [net.minecraft.server.MinecraftServer/]: [Chunky] Task running for minecraft:overworld. Processed: 14805 chunks (91.79%), ETA: 0:02:23, Rate: 9.2 cps, Current: -73, 32
[26Jul2026 01:29:13.487] [Server thread/INFO] [net.minecraft.server.MinecraftServer/]: [Chunky] Task running for minecraft:overworld. Processed: 14818 chunks (91.87%), ETA: 0:02:21, Rate: 9.3 cps, Current: -73, 45
[26Jul2026 01:29:14.582] [Server thread/INFO] [net.minecraft.server.MinecraftServer/]: [Chunky] Task running for minecraft:overworld. Processed: 14830 chunks (91.95%), ETA: 0:02:18, Rate: 9.4 cps, Current: -73, 57
[26Jul2026 01:29:15.585] [Server thread/INFO] [net.minecraft.server.MinecraftServer/]: [Chunky] Task running for minecraft:overworld. Processed: 14841 chunks (92.01%), ETA: 0:02:16, Rate: 9.4 cps, Current: -72, 37
[26Jul2026 01:29:16.650] [Server thread/INFO] [net.minecraft.server.MinecraftServer/]: [Chunky] Task running for minecraft:overworld. Processed: 14853 chunks (92.09%), ETA: 0:02:14, Rate: 9.5 cps, Current: -72, 49
[26Jul2026 01:29:17.664] [Server thread/INFO] [net.minecraft.server.MinecraftServer/]: [Chunky] Task running for minecraft:overworld. Processed: 14863 chunks (92.15%), ETA: 0:02:13, Rate: 9.5 cps, Current: -72, 59
[26Jul2026 01:29:18.757] [Server thread/INFO] [net.minecraft.server.MinecraftServer/]: [Chunky] Task running for minecraft:overworld. Processed: 14874 chunks (92.22%), ETA: 0:02:11, Rate: 9.5 cps, Current: -70, 32
[26Jul2026 01:29:19.827] [Server thread/INFO] [net.minecraft.server.MinecraftServer/]: [Chunky] Task running for minecraft:overworld. Processed: 14888 chunks (92.31%), ETA: 0:02:08, Rate: 9.7 cps, Current: -71, 44
[26Jul2026 01:29:20.838] [Server thread/INFO] [net.minecraft.server.MinecraftServer/]: [Chunky] Task running for minecraft:overworld. Processed: 14901 chunks (92.39%), ETA: 0:02:05, Rate: 9.8 cps, Current: -71, 55
[26Jul2026 01:29:22.105] [Server thread/INFO] [net.minecraft.server.MinecraftServer/]: [Chunky] Task running for minecraft:overworld. Processed: 14909 chunks (92.44%), ETA: 0:02:07, Rate: 9.6 cps, Current: -71, 62
[26Jul2026 01:29:23.297] [Server thread/INFO] [net.minecraft.server.MinecraftServer/]: [Chunky] Task running for minecraft:overworld. Processed: 14922 chunks (92.52%), ETA: 0:02:07, Rate: 9.5 cps, Current: -70, 56
[26Jul2026 01:29:24.358] [Server thread/INFO] [net.minecraft.server.MinecraftServer/]: [Chunky] Task running for minecraft:overworld. Processed: 14956 chunks (92.73%), ETA: 0:01:54, Rate: 10.2 cps, Current: -68, 44
[26Jul2026 01:29:25.434] [Server thread/INFO] [net.minecraft.server.MinecraftServer/]: [Chunky] Task running for minecraft:overworld. Processed: 14970 chunks (92.81%), ETA: 0:01:49, Rate: 10.6 cps, Current: -68, 51
[26Jul2026 01:29:26.439] [Server thread/INFO] [net.minecraft.server.MinecraftServer/]: [Chunky] Task running for minecraft:overworld. Processed: 15048 chunks (93.30%), ETA: 0:01:22, Rate: 13.0 cps, Current: -67, 60
[26Jul2026 01:29:28.851] [Server thread/INFO] [net.minecraft.server.MinecraftServer/]: [Chunky] Task running for minecraft:overworld. Processed: 15088 chunks (93.55%), ETA: 0:01:17, Rate: 13.5 cps, Current: -80, 57
[26Jul2026 01:29:30.808] [Server thread/INFO] [net.minecraft.server.MinecraftServer/]: [Chunky] Task running for minecraft:overworld. Processed: 15090 chunks (93.56%), ETA: 0:01:21, Rate: 12.7 cps, Current: -80, 59
[26Jul2026 01:29:33.633] [Server thread/INFO] [net.minecraft.server.MinecraftServer/]: [Chunky] Task running for minecraft:overworld. Processed: 15091 chunks (93.56%), ETA: 0:01:20, Rate: 12.9 cps, Current: -80, 60
[26Jul2026 01:29:37.335] [Server thread/INFO] [net.minecraft.server.MinecraftServer/]: [Chunky] Task running for minecraft:overworld. Processed: 15094 chunks (93.58%), ETA: 0:01:29, Rate: 11.5 cps, Current: -72, 63
[26Jul2026 01:29:43.388] [Server thread/INFO] [net.minecraft.server.MinecraftServer/]: [Chunky] Task running for minecraft:overworld. Processed: 15103 chunks (93.64%), ETA: 0:01:47, Rate: 9.6 cps, Current: -74, 63
[26Jul2026 01:30:02.538] [Server thread/INFO] [net.minecraft.server.MinecraftServer/]: [Chunky] Task running for minecraft:overworld. Processed: 15105 chunks (93.65%), ETA: 0:32:53, Rate: 0.5 cps, Current: -77, 63
[26Jul2026 01:30:11.752] [Server thread/INFO] [net.minecraft.server.MinecraftServer/]: [Chunky] Task running for minecraft:overworld. Processed: 15107 chunks (93.66%), ETA: 1:36:37, Rate: 0.2 cps, Current: -78, 63
[26Jul2026 01:30:31.203] [Server thread/INFO] [net.minecraft.server.MinecraftServer/]: [Chunky] Task running for minecraft:overworld. Processed: 15108 chunks (93.67%), ETA: 2:01:56, Rate: 0.1 cps, Current: -79, 63
[26Jul2026 01:30:32.210] [Server thread/INFO] [net.minecraft.server.MinecraftServer/]: [Chunky] Task running for minecraft:overworld. Processed: 15117 chunks (93.73%), ETA: 0:38:29, Rate: 0.4 cps, Current: -79, 72
[26Jul2026 01:30:33.797] [Server thread/INFO] [net.minecraft.server.MinecraftServer/]: [Chunky] Task running for minecraft:overworld. Processed: 15120 chunks (93.74%), ETA: 0:26:28, Rate: 0.6 cps, Current: -79, 75
[26Jul2026 01:30:35.149] [Server thread/INFO] [net.minecraft.server.MinecraftServer/]: [Chunky] Task running for minecraft:overworld. Processed: 15123 chunks (93.76%), ETA: 0:23:04, Rate: 0.7 cps, Current: -79, 78
[26Jul2026 01:30:36.191] [Server thread/INFO] [net.minecraft.server.MinecraftServer/]: [Chunky] Task running for minecraft:overworld. Processed: 15131 chunks (93.81%), ETA: 0:16:15, Rate: 1.0 cps, Current: -78, 64
[26Jul2026 01:30:37.213] [Server thread/INFO] [net.minecraft.server.MinecraftServer/]: [Chunky] Task running for minecraft:overworld. Processed: 15142 chunks (93.88%), ETA: 0:11:38, Rate: 1.4 cps, Current: -78, 70
[26Jul2026 01:30:38.246] [Server thread/INFO] [net.minecraft.server.MinecraftServer/]: [Chunky] Task running for minecraft:overworld. Processed: 15157 chunks (93.97%), ETA: 0:08:24, Rate: 1.9 cps, Current: -78, 82
[26Jul2026 01:30:39.481] [Server thread/INFO] [net.minecraft.server.MinecraftServer/]: [Chunky] Task running for minecraft:overworld. Processed: 15169 chunks (94.05%), ETA: 0:07:02, Rate: 2.3 cps, Current: -77, 64
[26Jul2026 01:30:40.686] [Server thread/INFO] [net.minecraft.server.MinecraftServer/]: [Chunky] Task running for minecraft:overworld. Processed: 15175 chunks (94.09%), ETA: 0:06:40, Rate: 2.4 cps, Current: -79, 94
[26Jul2026 01:30:42.145] [Server thread/INFO] [net.minecraft.server.MinecraftServer/]: [Chunky] Task running for minecraft:overworld. Processed: 15188 chunks (94.17%), ETA: 0:02:07, Rate: 7.4 cps, Current: -77, 81
[26Jul2026 01:30:43.155] [Server thread/INFO] [net.minecraft.server.MinecraftServer/]: [Chunky] Task running for minecraft:overworld. Processed: 15207 chunks (94.28%), ETA: 0:01:50, Rate: 8.4 cps, Current: -80, 69
[26Jul2026 01:30:44.208] [Server thread/INFO] [net.minecraft.server.MinecraftServer/]: [Chunky] Task running for minecraft:overworld. Processed: 15220 chunks (94.36%), ETA: 0:01:44, Rate: 8.7 cps, Current: -76, 72
[26Jul2026 01:30:46.884] [Server thread/INFO] [net.minecraft.server.MinecraftServer/]: [Chunky] Task running for minecraft:overworld. Processed: 15223 chunks (94.38%), ETA: 0:02:02, Rate: 7.4 cps, Current: -76, 75
[26Jul2026 01:30:47.905] [Server thread/INFO] [net.minecraft.server.MinecraftServer/]: [Chunky] Task running for minecraft:overworld. Processed: 15238 chunks (94.48%), ETA: 0:01:53, Rate: 7.8 cps, Current: -76, 90
[26Jul2026 01:30:48.988] [Server thread/INFO] [net.minecraft.server.MinecraftServer/]: [Chunky] Task running for minecraft:overworld. Processed: 15248 chunks (94.54%), ETA: 0:01:51, Rate: 7.9 cps, Current: -80, 78
[26Jul2026 01:30:50.031] [Server thread/INFO] [net.minecraft.server.MinecraftServer/]: [Chunky] Task running for minecraft:overworld. Processed: 15263 chunks (94.63%), ETA: 0:01:44, Rate: 8.3 cps, Current: -75, 73
[26Jul2026 01:30:51.091] [Server thread/INFO] [net.minecraft.server.MinecraftServer/]: [Chunky] Task running for minecraft:overworld. Processed: 15278 chunks (94.72%), ETA: 0:01:38, Rate: 8.6 cps, Current: -75, 88
[26Jul2026 01:30:52.095] [Server thread/INFO] [net.minecraft.server.MinecraftServer/]: [Chunky] Task running for minecraft:overworld. Processed: 15294 chunks (94.82%), ETA: 0:01:33, Rate: 9.0 cps, Current: -74, 73
[26Jul2026 01:30:53.246] [Server thread/INFO] [net.minecraft.server.MinecraftServer/]: [Chunky] Task running for minecraft:overworld. Processed: 15307 chunks (94.90%), ETA: 0:01:30, Rate: 9.1 cps, Current: -74, 86
[26Jul2026 01:30:54.261] [Server thread/INFO] [net.minecraft.server.MinecraftServer/]: [Chunky] Task running for minecraft:overworld. Processed: 15322 chunks (95.00%), ETA: 0:01:26, Rate: 9.3 cps, Current: -73, 70
[26Jul2026 01:30:55.285] [Server thread/INFO] [net.minecraft.server.MinecraftServer/]: [Chunky] Task running for minecraft:overworld. Processed: 15337 chunks (95.09%), ETA: 0:01:22, Rate: 9.6 cps, Current: -73, 85
[26Jul2026 01:30:56.381] [Server thread/INFO] [net.minecraft.server.MinecraftServer/]: [Chunky] Task running for minecraft:overworld. Processed: 15349 chunks (95.16%), ETA: 0:01:21, Rate: 9.6 cps, Current: -72, 66
[26Jul2026 01:30:57.457] [Server thread/INFO] [net.minecraft.server.MinecraftServer/]: [Chunky] Task running for minecraft:overworld. Processed: 15364 chunks (95.26%), ETA: 0:01:18, Rate: 9.8 cps, Current: -72, 81
[26Jul2026 01:30:58.502] [Server thread/INFO] [net.minecraft.server.MinecraftServer/]: [Chunky] Task running for minecraft:overworld. Processed: 15378 chunks (95.34%), ETA: 0:01:15, Rate: 9.9 cps, Current: -71, 64
[26Jul2026 01:30:59.657] [Server thread/INFO] [net.minecraft.server.MinecraftServer/]: [Chunky] Task running for minecraft:overworld. Processed: 15394 chunks (95.44%), ETA: 0:01:12, Rate: 10.1 cps, Current: -71, 72
[26Jul2026 01:31:00.882] [Server thread/INFO] [net.minecraft.server.MinecraftServer/]: [Chunky] Task running for minecraft:overworld. Processed: 15408 chunks (95.53%), ETA: 0:01:11, Rate: 10.1 cps, Current: -70, 75
[26Jul2026 01:31:02.301] [Server thread/INFO] [net.minecraft.server.MinecraftServer/]: [Chunky] Task running for minecraft:overworld. Processed: 15426 chunks (95.64%), ETA: 0:01:05, Rate: 10.8 cps, Current: -71, 94
[26Jul2026 01:31:03.404] [Server thread/INFO] [net.minecraft.server.MinecraftServer/]: [Chunky] Task running for minecraft:overworld. Processed: 15435 chunks (95.70%), ETA: 0:01:05, Rate: 10.7 cps, Current: -69, 64
[26Jul2026 01:31:05.193] [Server thread/INFO] [net.minecraft.server.MinecraftServer/]: [Chunky] Task running for minecraft:overworld. Processed: 15479 chunks (95.97%), ETA: 0:00:54, Rate: 12.0 cps, Current: -68, 81
[26Jul2026 01:31:06.194] [Server thread/INFO] [net.minecraft.server.MinecraftServer/]: [Chunky] Task running for minecraft:overworld. Processed: 15550 chunks (96.41%), ETA: 0:00:41, Rate: 14.1 cps, Current: -67, 88
[26Jul2026 01:31:07.378] [Server thread/INFO] [net.minecraft.server.MinecraftServer/]: [Chunky] Task running for minecraft:overworld. Processed: 15604 chunks (96.74%), ETA: 0:00:34, Rate: 15.4 cps, Current: -80, 93
[26Jul2026 01:31:08.391] [Server thread/INFO] [net.minecraft.server.MinecraftServer/]: [Chunky] Task running for minecraft:overworld. Processed: 15605 chunks (96.75%), ETA: 0:00:34, Rate: 15.1 cps, Current: -80, 94
[26Jul2026 01:31:09.781] [Server thread/INFO] [net.minecraft.server.MinecraftServer/]: [Chunky] Task running for minecraft:overworld. Processed: 15608 chunks (96.77%), ETA: 0:00:34, Rate: 14.9 cps, Current: -75, 95
[26Jul2026 01:31:11.190] [Server thread/INFO] [net.minecraft.server.MinecraftServer/]: [Chunky] Task running for minecraft:overworld. Processed: 15627 chunks (96.89%), ETA: 0:00:33, Rate: 15.1 cps, Current: -72, 96
[26Jul2026 01:31:11.214] [Worker-Main-1/ERROR] [net.minecraft.world.entity.animal.allay.Allay/]: No key selector in MapLike[{event_delay:0,event_distance:0.0f,range:16,source:{source_entity:[I;-1657608553,-181188645,-1970306320,-21935466],type:"minecraft:entity",y_offset:0.36f}}]
[26Jul2026 01:31:11.215] [Worker-Main-1/ERROR] [net.minecraft.world.entity.animal.allay.Allay/]: No key selector in MapLike[{event_delay:0,event_distance:0.0f,range:16,source:{source_entity:[I;-492208151,2130201996,-1638321847,-236952269],type:"minecraft:entity",y_offset:0.36f}}]
[26Jul2026 01:31:11.215] [Worker-Main-1/ERROR] [net.minecraft.world.entity.animal.allay.Allay/]: No key selector in MapLike[{event_delay:0,event_distance:0.0f,range:16,source:{source_entity:[I;-1534938430,-1634907265,-1933425779,1714146874],type:"minecraft:entity",y_offset:0.36f}}]
[26Jul2026 01:31:14.835] [Server thread/INFO] [net.minecraft.server.MinecraftServer/]: [Chunky] Task running for minecraft:overworld. Processed: 15630 chunks (96.91%), ETA: 0:00:34, Rate: 14.6 cps, Current: -70, 96
[26Jul2026 01:31:16.555] [Server thread/INFO] [net.minecraft.server.MinecraftServer/]: [Chunky] Task running for minecraft:overworld. Processed: 15633 chunks (96.92%), ETA: 0:00:35, Rate: 13.9 cps, Current: -76, 97
[26Jul2026 01:31:17.825] [Server thread/INFO] [net.minecraft.server.MinecraftServer/]: [Chunky] Task running for minecraft:overworld. Processed: 15643 chunks (96.99%), ETA: 0:00:35, Rate: 13.6 cps, Current: -68, 97
[26Jul2026 01:31:19.174] [Server thread/INFO] [net.minecraft.server.MinecraftServer/]: [Chunky] Task running for minecraft:overworld. Processed: 15650 chunks (97.03%), ETA: 0:00:35, Rate: 13.3 cps, Current: -65, 96
[26Jul2026 01:31:20.426] [Server thread/INFO] [net.minecraft.server.MinecraftServer/]: [Chunky] Task running for minecraft:overworld. Processed: 15654 chunks (97.05%), ETA: 0:00:36, Rate: 12.9 cps, Current: -63, 96
[26Jul2026 01:31:21.677] [Server thread/INFO] [net.minecraft.server.MinecraftServer/]: [Chunky] Task running for minecraft:overworld. Processed: 15663 chunks (97.11%), ETA: 0:00:37, Rate: 12.5 cps, Current: -62, 96
[26Jul2026 01:31:22.800] [Server thread/INFO] [net.minecraft.server.MinecraftServer/]: [Chunky] Task running for minecraft:overworld. Processed: 15674 chunks (97.18%), ETA: 0:00:36, Rate: 12.5 cps, Current: -66, 98
[26Jul2026 01:31:23.896] [Server thread/INFO] [net.minecraft.server.MinecraftServer/]: [Chunky] Task running for minecraft:overworld. Processed: 15689 chunks (97.27%), ETA: 0:00:35, Rate: 12.4 cps, Current: -59, 98
[26Jul2026 01:31:24.958] [Server thread/INFO] [net.minecraft.server.MinecraftServer/]: [Chunky] Task running for minecraft:overworld. Processed: 15700 chunks (97.34%), ETA: 0:00:34, Rate: 12.3 cps, Current: -80, 98
[26Jul2026 01:31:25.978] [Server thread/INFO] [net.minecraft.server.MinecraftServer/]: [Chunky] Task running for minecraft:overworld. Processed: 15705 chunks (97.37%), ETA: 0:00:35, Rate: 12.1 cps, Current: -52, 97
[26Jul2026 01:31:27.306] [Server thread/INFO] [net.minecraft.server.MinecraftServer/]: [Chunky] Task running for minecraft:overworld. Processed: 15715 chunks (97.43%), ETA: 0:00:35, Rate: 11.8 cps, Current: -50, 98
[26Jul2026 01:31:28.721] [Server thread/INFO] [net.minecraft.server.MinecraftServer/]: [Chunky] Task running for minecraft:overworld. Processed: 15719 chunks (97.46%), ETA: 0:00:36, Rate: 11.2 cps, Current: -47, 96
[26Jul2026 01:31:30.056] [Server thread/INFO] [net.minecraft.server.MinecraftServer/]: [Chunky] Task running for minecraft:overworld. Processed: 15726 chunks (97.50%), ETA: 0:00:36, Rate: 10.9 cps, Current: -45, 96
[26Jul2026 01:31:31.057] [Server thread/INFO] [net.minecraft.server.MinecraftServer/]: [Chunky] Task running for minecraft:overworld. Processed: 15734 chunks (97.55%), ETA: 0:00:36, Rate: 10.7 cps, Current: -43, 97
[26Jul2026 01:31:32.139] [Server thread/INFO] [net.minecraft.server.MinecraftServer/]: [Chunky] Task running for minecraft:overworld. Processed: 15742 chunks (97.60%), ETA: 0:00:36, Rate: 10.6 cps, Current: -40, 96
[26Jul2026 01:31:33.238] [Server thread/INFO] [net.minecraft.server.MinecraftServer/]: [Chunky] Task running for minecraft:overworld. Processed: 15750 chunks (97.65%), ETA: 0:00:35, Rate: 10.6 cps, Current: -39, 98
[26Jul2026 01:31:34.393] [Server thread/INFO] [net.minecraft.server.MinecraftServer/]: [Chunky] Task running for minecraft:overworld. Processed: 15758 chunks (97.70%), ETA: 0:00:38, Rate: 9.6 cps, Current: -73, 99
[26Jul2026 01:31:36.058] [Server thread/INFO] [net.minecraft.server.MinecraftServer/]: [Chunky] Task running for minecraft:overworld. Processed: 15767 chunks (97.76%), ETA: 0:00:49, Rate: 7.3 cps, Current: -35, 96
[26Jul2026 01:31:37.093] [Server thread/INFO] [net.minecraft.server.MinecraftServer/]: [Chunky] Task running for minecraft:overworld. Processed: 15774 chunks (97.80%), ETA: 0:01:01, Rate: 5.8 cps, Current: -33, 97
[26Jul2026 01:31:38.130] [Server thread/INFO] [net.minecraft.server.MinecraftServer/]: [Chunky] Task running for minecraft:overworld. Processed: 15782 chunks (97.85%), ETA: 0:00:57, Rate: 6.0 cps, Current: -31, 98
[26Jul2026 01:31:39.605] [Server thread/INFO] [net.minecraft.server.MinecraftServer/]: [Chunky] Task running for minecraft:overworld. Processed: 15792 chunks (97.91%), ETA: 0:00:54, Rate: 6.2 cps, Current: -67, 99
[26Jul2026 01:31:59.897] [Server thread/INFO] [net.minecraft.server.MinecraftServer/]: [Chunky] Task running for minecraft:overworld. Processed: 15798 chunks (97.95%), ETA: 0:02:15, Rate: 2.4 cps, Current: -27, 96
[26Jul2026 01:32:01.104] [Server thread/INFO] [net.minecraft.server.MinecraftServer/]: [Chunky] Task running for minecraft:overworld. Processed: 15805 chunks (97.99%), ETA: 0:02:26, Rate: 2.2 cps, Current: -62, 99
[26Jul2026 01:32:02.358] [Server thread/INFO] [net.minecraft.server.MinecraftServer/]: [Chunky] Task running for minecraft:overworld. Processed: 15817 chunks (98.07%), ETA: 0:02:13, Rate: 2.3 cps, Current: -58, 99
[26Jul2026 01:32:03.098] [Worker-Main-2/WARN] [lithostitched/]: Non-existent template pool reference: minecraft:monster_hunter_additions_3_pool
[26Jul2026 01:32:03.099] [Worker-Main-2/WARN] [lithostitched/]: Non-existent template pool reference: minecraft:monster_hunter_additions_3_pool
[26Jul2026 01:32:03.099] [Worker-Main-2/WARN] [lithostitched/]: Non-existent template pool reference: minecraft:monster_hunter_end_1_pool
[26Jul2026 01:32:03.099] [Worker-Main-2/WARN] [lithostitched/]: Non-existent template pool reference: minecraft:monster_hunter_end_1_pool
[26Jul2026 01:32:03.390] [Server thread/INFO] [net.minecraft.server.MinecraftServer/]: [Chunky] Task running for minecraft:overworld. Processed: 15822 chunks (98.10%), ETA: 0:02:16, Rate: 2.2 cps, Current: -21, 96
[26Jul2026 01:32:04.404] [Server thread/INFO] [net.minecraft.server.MinecraftServer/]: [Chunky] Task running for minecraft:overworld. Processed: 15830 chunks (98.15%), ETA: 0:02:12, Rate: 2.3 cps, Current: -19, 96
[26Jul2026 01:32:05.906] [Server thread/INFO] [net.minecraft.server.MinecraftServer/]: [Chunky] Task running for minecraft:overworld. Processed: 15842 chunks (98.22%), ETA: 0:01:52, Rate: 2.5 cps, Current: -51, 99
[26Jul2026 01:32:06.991] [Server thread/INFO] [net.minecraft.server.MinecraftServer/]: [Chunky] Task running for minecraft:overworld. Processed: 15855 chunks (98.30%), ETA: 0:01:39, Rate: 2.7 cps, Current: -15, 98
[26Jul2026 01:32:08.203] [Server thread/INFO] [net.minecraft.server.MinecraftServer/]: [Chunky] Task running for minecraft:overworld. Processed: 15861 chunks (98.34%), ETA: 0:01:49, Rate: 2.4 cps, Current: -44, 99
[26Jul2026 01:32:09.276] [Server thread/INFO] [net.minecraft.server.MinecraftServer/]: [Chunky] Task running for minecraft:overworld. Processed: 15866 chunks (98.37%), ETA: 0:01:44, Rate: 2.5 cps, Current: -11, 97
[26Jul2026 01:32:10.311] [Server thread/INFO] [net.minecraft.server.MinecraftServer/]: [Chunky] Task running for minecraft:overworld. Processed: 15871 chunks (98.40%), ETA: 0:00:36, Rate: 7.1 cps, Current: -11, 98
[26Jul2026 01:32:11.584] [Server thread/INFO] [net.minecraft.server.MinecraftServer/]: [Chunky] Task running for minecraft:overworld. Processed: 15881 chunks (98.46%), ETA: 0:00:34, Rate: 7.2 cps, Current: -7, 98
[26Jul2026 01:32:12.798] [Server thread/INFO] [net.minecraft.server.MinecraftServer/]: [Chunky] Task running for minecraft:overworld. Processed: 15894 chunks (98.54%), ETA: 0:00:31, Rate: 7.5 cps, Current: -4, 98
[26Jul2026 01:32:13.801] [Server thread/INFO] [net.minecraft.server.MinecraftServer/]: [Chunky] Task running for minecraft:overworld. Processed: 15905 chunks (98.61%), ETA: 0:00:28, Rate: 7.8 cps, Current: 0, 96
[26Jul2026 01:32:14.995] [Server thread/INFO] [net.minecraft.server.MinecraftServer/]: [Chunky] Task running for minecraft:overworld. Processed: 15912 chunks (98.65%), ETA: 0:00:28, Rate: 7.6 cps, Current: 1, 97
[26Jul2026 01:32:16.036] [Server thread/INFO] [net.minecraft.server.MinecraftServer/]: [Chunky] Task running for minecraft:overworld. Processed: 15922 chunks (98.72%), ETA: 0:00:26, Rate: 7.7 cps, Current: -33, 99
[26Jul2026 01:32:17.185] [Server thread/INFO] [net.minecraft.server.MinecraftServer/]: [Chunky] Task running for minecraft:overworld. Processed: 15929 chunks (98.76%), ETA: 0:00:26, Rate: 7.6 cps, Current: 6, 96
[26Jul2026 01:32:18.346] [Server thread/INFO] [net.minecraft.server.MinecraftServer/]: [Chunky] Task running for minecraft:overworld. Processed: 15936 chunks (98.80%), ETA: 0:00:25, Rate: 7.5 cps, Current: 7, 97
[26Jul2026 01:32:19.895] [Server thread/INFO] [net.minecraft.server.MinecraftServer/]: [Chunky] Task running for minecraft:overworld. Processed: 15949 chunks (98.88%), ETA: 0:00:23, Rate: 7.6 cps, Current: -26, 99
[26Jul2026 01:32:21.027] [Server thread/INFO] [net.minecraft.server.MinecraftServer/]: [Chunky] Task running for minecraft:overworld. Processed: 15956 chunks (98.93%), ETA: 0:00:22, Rate: 7.5 cps, Current: 12, 96
[26Jul2026 01:32:22.395] [Server thread/INFO] [net.minecraft.server.MinecraftServer/]: [Chunky] Task running for minecraft:overworld. Processed: 15966 chunks (98.99%), ETA: 0:00:21, Rate: 7.5 cps, Current: 14, 98
[26Jul2026 01:32:23.637] [Server thread/INFO] [net.minecraft.server.MinecraftServer/]: [Chunky] Task running for minecraft:overworld. Processed: 15977 chunks (99.06%), ETA: 0:00:20, Rate: 7.6 cps, Current: 17, 98
[26Jul2026 01:32:24.700] [Server thread/INFO] [net.minecraft.server.MinecraftServer/]: [Chunky] Task running for minecraft:overworld. Processed: 15990 chunks (99.14%), ETA: 0:00:17, Rate: 7.8 cps, Current: 20, 98
[26Jul2026 01:32:25.860] [Server thread/INFO] [net.minecraft.server.MinecraftServer/]: [Chunky] Task running for minecraft:overworld. Processed: 15996 chunks (99.18%), ETA: 0:00:17, Rate: 7.7 cps, Current: 22, 96
[26Jul2026 01:32:28.311] [Server thread/INFO] [net.minecraft.server.MinecraftServer/]: [Chunky] Task running for minecraft:overworld. Processed: 16008 chunks (99.25%), ETA: 0:00:16, Rate: 7.4 cps, Current: 25, 96
[26Jul2026 01:32:29.337] [Server thread/INFO] [net.minecraft.server.MinecraftServer/]: [Chunky] Task running for minecraft:overworld. Processed: 16018 chunks (99.31%), ETA: 0:00:14, Rate: 7.5 cps, Current: 28, 96
[26Jul2026 01:32:30.438] [Server thread/INFO] [net.minecraft.server.MinecraftServer/]: [Chunky] Task running for minecraft:overworld. Processed: 16024 chunks (99.35%), ETA: 0:00:14, Rate: 7.5 cps, Current: 29, 97
[26Jul2026 01:32:32.076] [Server thread/INFO] [net.minecraft.server.MinecraftServer/]: [Chunky] Task running for minecraft:overworld. Processed: 16035 chunks (99.42%), ETA: 0:00:12, Rate: 7.4 cps, Current: -4, 99
[26Jul2026 01:32:33.129] [Server thread/INFO] [net.minecraft.server.MinecraftServer/]: [Chunky] Task running for minecraft:overworld. Processed: 16046 chunks (99.49%), ETA: 0:00:10, Rate: 7.6 cps, Current: -2, 99
[26Jul2026 01:32:34.175] [Server thread/INFO] [net.minecraft.server.MinecraftServer/]: [Chunky] Task running for minecraft:overworld. Processed: 16054 chunks (99.53%), ETA: 0:00:09, Rate: 7.6 cps, Current: 37, 97
[26Jul2026 01:32:35.185] [Server thread/INFO] [net.minecraft.server.MinecraftServer/]: [Chunky] Task running for minecraft:overworld. Processed: 16060 chunks (99.57%), ETA: 0:00:09, Rate: 7.5 cps, Current: 38, 98
[26Jul2026 01:32:35.965] [Worker-Main-2/WARN] [net.minecraft.server.level.WorldGenRegion/]: Tried to access a block entity before it was created. BlockPos{x=669, y=55, z=1587}
[26Jul2026 01:32:36.199] [Server thread/INFO] [net.minecraft.server.MinecraftServer/]: [Chunky] Task running for minecraft:overworld. Processed: 16070 chunks (99.63%), ETA: 0:00:07, Rate: 7.4 cps, Current: 4, 99
[26Jul2026 01:32:37.507] [Server thread/INFO] [net.minecraft.server.MinecraftServer/]: [Chunky] Task running for minecraft:overworld. Processed: 16078 chunks (99.68%), ETA: 0:00:06, Rate: 7.4 cps, Current: 6, 99
[26Jul2026 01:32:38.561] [Server thread/INFO] [net.minecraft.server.MinecraftServer/]: [Chunky] Task running for minecraft:overworld. Processed: 16086 chunks (99.73%), ETA: 0:00:05, Rate: 7.5 cps, Current: 45, 96
[26Jul2026 01:32:39.751] [Server thread/INFO] [net.minecraft.server.MinecraftServer/]: [Chunky] Task running for minecraft:overworld. Processed: 16097 chunks (99.80%), ETA: 0:00:04, Rate: 7.7 cps, Current: 17, 99
[26Jul2026 01:32:40.835] [Server thread/INFO] [net.minecraft.server.MinecraftServer/]: [Chunky] Task running for minecraft:overworld. Processed: 16103 chunks (99.84%), ETA: 0:00:03, Rate: 7.6 cps, Current: 23, 99
[26Jul2026 01:32:42.389] [Server thread/INFO] [net.minecraft.server.MinecraftServer/]: [Chunky] Task running for minecraft:overworld. Processed: 16111 chunks (99.89%), ETA: 0:00:02, Rate: 7.4 cps, Current: 31, 99
[26Jul2026 01:32:43.541] [Server thread/INFO] [net.minecraft.server.MinecraftServer/]: [Chunky] Task running for minecraft:overworld. Processed: 16116 chunks (99.92%), ETA: 0:00:01, Rate: 7.1 cps, Current: 36, 99
[26Jul2026 01:32:44.499] [Server thread/INFO] [net.minecraft.server.MinecraftServer/]: [Chunky] Task finished for minecraft:overworld. Processed: 16129 chunks (100.00%), Total time: 0:42:31
[26Jul2026 01:35:33.721] [Server thread/INFO] [AllTheLeaks/]: Listing events...
[26Jul2026 01:35:33.721] [Server thread/INFO] [AllTheLeaks/]: Server Player Logout: 3
[26Jul2026 01:35:33.721] [Server thread/INFO] [AllTheLeaks/]: Listing memory leaks so far...
[26Jul2026 01:35:33.721] [Server thread/INFO] [AllTheLeaks/]: B: 873MB / C: 3114MB / Diff: +2241MB
[26Jul2026 01:35:33.721] [Server thread/INFO] [AllTheLeaks/]: Memory Leaks detected: (/atl force_refresh to update)
[26Jul2026 01:35:33.721] [Server thread/INFO] [AllTheLeaks/]: | ChunkAccess:
[26Jul2026 01:35:33.721] [Server thread/INFO] [AllTheLeaks/]: |- LevelChunk (minecraft): 9890
[26Jul2026 01:35:33.721] [Server thread/INFO] [AllTheLeaks/]: | Player:
[26Jul2026 01:35:33.721] [Server thread/INFO] [AllTheLeaks/]: |- ServerPlayer (minecraft): 3
[26Jul2026 01:38:12.755] [Config file watcher thread/INFO] [portb.configlib.ConfigLib/]: Watcher has shut down
[26Jul2026 01:38:12.857] [Server thread/INFO] [net.minecraft.server.MinecraftServer/]: Stopping server
[26Jul2026 01:38:12.869] [Server thread/INFO] [net.minecraft.server.MinecraftServer/]: Saving players
[26Jul2026 01:38:12.869] [Server thread/INFO] [net.minecraft.server.MinecraftServer/]: Saving worlds
[26Jul2026 01:38:13.058] [Server thread/INFO] [net.minecraft.server.MinecraftServer/]: Saving chunks for level 'ServerLevel[world]'/minecraft:overworld
[26Jul2026 01:38:13.491] [Server thread/INFO] [net.minecraft.server.MinecraftServer/]: Saving chunks for level 'ServerLevel[world]'/minecraft:the_end
[26Jul2026 01:38:13.492] [Server thread/INFO] [net.minecraft.server.MinecraftServer/]: Saving chunks for level 'ServerLevel[world]'/graveyard:past
[26Jul2026 01:38:13.494] [Server thread/INFO] [net.minecraft.server.MinecraftServer/]: Saving chunks for level 'ServerLevel[world]'/minecraft:the_nether
[26Jul2026 01:38:13.879] [Server thread/INFO] [net.minecraft.server.MinecraftServer/]: ThreadedAnvilChunkStorage (world): All chunks are saved
[26Jul2026 01:38:13.879] [Server thread/INFO] [net.minecraft.server.MinecraftServer/]: ThreadedAnvilChunkStorage (DIM1): All chunks are saved
[26Jul2026 01:38:13.879] [Server thread/INFO] [net.minecraft.server.MinecraftServer/]: ThreadedAnvilChunkStorage (past): All chunks are saved
[26Jul2026 01:38:13.879] [Server thread/INFO] [net.minecraft.server.MinecraftServer/]: ThreadedAnvilChunkStorage (DIM-1): All chunks are saved
[26Jul2026 01:38:13.879] [Server thread/INFO] [net.minecraft.server.MinecraftServer/]: ThreadedAnvilChunkStorage: All dimensions are saved
[26Jul2026 01:38:16.507] [Server thread/INFO] [Framework/]: Unloading server configs...
[26Jul2026 01:38:16.512] [Server thread/INFO] [Framework/]: Sending config unload event for backpacked.server.toml
[26Jul2026 01:38:16.514] [Server thread/INFO] [Framework/]: Sending config unload event for goblintraders-entities.toml
[26Jul2026 01:38:16.514] [Server thread/INFO] [Framework/]: Finished unloading server configs
